"source_attack_id","relationship_type","target_attack_id"
"S0569","uses","T1016"
"M1021","mitigates","T1659"
"G0119","uses","T1003.001"
"S0615","uses","T1573.002"
"S0597","uses","T1016.001"
"S0154","uses","T1090.004"
"S0140","uses","T1124"
"S0339","uses","T1082"
"G1014","uses","T1539"
"G1051","uses","T1490"
"G0102","uses","T1136.001"
"S1081","uses","T1135"
"G0066","uses","S0012"
"S0270","uses","T1547.009"
"S0082","uses","T1547.001"
"S0386","uses","T1007"
"S1047","uses","T1071.001"
"M1056","mitigates","T1595"
"S1052","uses","T1027.013"
"G0046","uses","T1204.001"
"G1048","uses","T1027.005"
"M1037","mitigates","T1205.001"
"S1242","uses","T1027.013"
"M1054","mitigates","T1566.002"
"S0588","uses","T1053.005"
"S0385","uses","T1082"
"G1047","uses","S0013"
"S0164","uses","T1070.004"
"G0090","uses","T1059.001"
"S0449","uses","T1486"
"G1033","uses","T1684.001"
"S0565","uses","T1497.003"
"G0090","uses","T1571"
"S0447","uses","T1059.005"
"S0575","uses","T1021.002"
"S0069","uses","T1083"
"G1048","uses","T1681"
"T1552.006","subtechnique-of","T1552"
"S0192","uses","T1569.002"
"G0035","uses","T1560"
"S0373","uses","T1102.001"
"S0154","uses","T1548.003"
"G0102","uses","T1588.003"
"S0477","uses","T1071.004"
"S0136","uses","T1025"
"S0143","uses","T1091"
"M1026","mitigates","T1053.005"
"S0396","uses","T1106"
"S9020","uses","T1070.004"
"G0099","uses","S0385"
"M1018","mitigates","T1580"
"G0049","uses","S0189"
"G0020","uses","T1564.005"
"S9031","uses","T1113"
"S0094","uses","T1033"
"S0275","uses","T1071.001"
"S0344","uses","T1134.002"
"G0049","uses","T1588.003"
"G0117","uses","T1105"
"S0428","uses","T1033"
"M1035","mitigates","T1542"
"S0154","uses","T1553.002"
"G0032","uses","S0364"
"S0673","uses","T1614"
"S0678","uses","T1027.013"
"S0495","uses","T1071.001"
"M1027","mitigates","T1599.001"
"G0117","uses","T1059"
"G0090","uses","S0680"
"S1212","uses","T1059.001"
"S1085","uses","T1047"
"S1178","uses","T1124"
"S0396","uses","T1105"
"G0143","uses","T1027.010"
"S0664","uses","T1105"
"G1034","uses","T1003.002"
"S1111","uses","T1082"
"S0352","uses","T1027.013"
"S1172","uses","T1041"
"S1104","uses","T1556.004"
"G0139","uses","T1680"
"S0538","uses","T1560.001"
"G0092","uses","S0552"
"S1179","uses","T1106"
"S0667","uses","T1016"
"S0269","uses","T1071.004"
"G0100","uses","T1027.013"
"S9028","uses","T1140"
"S1159","uses","T1087.002"
"G0018","uses","S0043"
"S0091","uses","T1012"
"G0098","uses","T1566.002"
"S1242","uses","T1082"
"S1104","uses","T1111"
"G1044","uses","T1059.001"
"S1137","uses","T1027.009"
"S1211","uses","T1571"
"S9008","uses","T1027"
"G0139","uses","T1686"
"S0585","uses","T1566.002"
"S0533","uses","T1680"
"G1026","uses","T1204.002"
"G1006","uses","T1583.006"
"S0674","uses","T1112"
"T1685.002","subtechnique-of","T1685"
"G0094","uses","T1678"
"S0136","uses","T1027.013"
"S0444","uses","T1105"
"G1040","uses","T1030"
"S0688","uses","T1047"
"S0229","uses","T1083"
"S1159","uses","T1012"
"G0034","uses","T1608.001"
"S0669","uses","T1685"
"S0053","uses","T1059.003"
"S1249","uses","T1082"
"S0141","uses","T1106"
"S0176","uses","T1547.008"
"S0438","uses","T1083"
"S0192","uses","T1046"
"S1245","uses","T1082"
"G1037","uses","S1145"
"M1045","mitigates","T1505"
"S0266","uses","T1082"
"S0083","uses","T1036.005"
"S0395","uses","T1070.004"
"S1141","uses","T1615"
"S0553","uses","T1082"
"G0010","uses","T1584.006"
"G0039","uses","S0118"
"G1003","uses","T1018"
"S1090","uses","T1543.003"
"S0475","uses","T1553.002"
"G0139","uses","T1133"
"G0037","uses","S0381"
"S0388","uses","T1082"
"S0379","uses","T1033"
"S1228","uses","T1105"
"G0091","uses","T1571"
"G0040","uses","T1059.005"
"S1118","uses","T1105"
"S1150","uses","T1070.004"
"S0101","uses","T1016"
"S1147","uses","T1102"
"G0007","uses","T1003.003"
"S0330","uses","T1056.004"
"S0354","uses","T1071.004"
"S0464","uses","T1082"
"G1021","uses","T1047"
"G1001","uses","T1016"
"S0091","uses","T1057"
"S9024","uses","T1140"
"S9025","uses","T1055"
"G0012","uses","T1518.001"
"S0453","uses","T1106"
"S9001","uses","T1053.005"
"S0002","uses","T1003.006"
"S0667","uses","T1560"
"G0004","uses","T1114.002"
"S0082","uses","T1027.013"
"S1234","uses","T1685"
"S0130","uses","T1082"
"S0270","uses","T1047"
"S1210","uses","T1090"
"S0039","uses","T1201"
"S1139","uses","T1120"
"G1017","uses","T1046"
"G1051","uses","T1047"
"S0687","uses","T1106"
"S0694","uses","T1033"
"G0077","uses","S0349"
"S0654","uses","T1070.004"
"S1108","uses","T1071.001"
"S1153","uses","T1027.013"
"G0059","uses","T1056.001"
"S0384","uses","T1573.001"
"G1048","uses","S1221"
"G0049","uses","T1555.004"
"G0016","uses","S0048"
"M1056","mitigates","T1591"
"S0606","uses","T1486"
"S1071","uses","T1558.003"
"S1240","uses","T1553.002"
"M1042","mitigates","T1547.007"
"S1070","uses","T1490"
"M1042","mitigates","T1021.004"
"S0207","uses","T1071.001"
"S1138","uses","T1614"
"S1144","uses","T1095"
"S0230","uses","T1140"
"S0584","uses","T1140"
"M1022","mitigates","T1036.005"
"G1011","uses","S0534"
"G0034","uses","T1588.006"
"M1037","mitigates","T1557"
"S0502","uses","T1071.001"
"G0080","uses","T1566.001"
"S9024","uses","T1057"
"S1151","uses","T1680"
"S1039","uses","T1082"
"S0603","uses","T1016"
"S0380","uses","T1497"
"S0245","uses","T1686.003"
"S0124","uses","T1547.001"
"M1047","mitigates","T1484"
"S0053","uses","T1550.003"
"S0669","uses","T1566.001"
"G0138","uses","S0433"
"S0604","uses","T1543.003"
"G0143","uses","T1087"
"S1049","uses","T1680"
"G0143","uses","T1070.004"
"S1213","uses","T1622"
"S0484","uses","T1542.003"
"G0125","uses","T1592.004"
"S0595","uses","T1486"
"G0092","uses","T1087.003"
"S1066","uses","T1105"
"M1018","mitigates","T1677"
"G0087","uses","T1046"
"S1196","uses","T1005"
"G0069","uses","T1566.002"
"S0032","uses","T1129"
"G0102","uses","S0266"
"S0274","uses","T1543.001"
"G0082","uses","T1486"
"S0199","uses","T1055.004"
"S0276","uses","T1090.003"
"G1017","uses","S0108"
"S0487","uses","T1027.013"
"S1213","uses","T1059.010"
"S0581","uses","T1059.006"
"G0134","uses","T1189"
"G0016","uses","S0684"
"S1142","uses","T1114.001"
"T1550.004","subtechnique-of","T1550"
"S1212","uses","T1070.004"
"S1028","uses","T1140"
"S1130","uses","T1518.001"
"S0589","uses","T1012"
"S0396","uses","T1547.001"
"M1038","mitigates","T1219.001"
"G1003","uses","T1003"
"S0357","uses","T1557.001"
"G0082","uses","T1055"
"S1087","uses","T1622"
"S0266","uses","T1033"
"S0648","uses","T1053.005"
"G0032","uses","T1059.003"
"G0050","uses","S0002"
"G0060","uses","T1140"
"S0459","uses","T1041"
"S0483","uses","T1497"
"S0649","uses","T1573.001"
"G1005","uses","S1023"
"S0393","uses","T1102.002"
"G1023","uses","T1059.001"
"M1026","mitigates","T1550.003"
"G0135","uses","T1027"
"G0139","uses","T1219"
"G0094","uses","T1005"
"S1133","uses","T1685.005"
"S0627","uses","T1105"
"G0065","uses","T1567.002"
"G1046","uses","S1070"
"G0130","uses","S0225"
"G1024","uses","T1567.002"
"S9035","uses","T1041"
"G0098","uses","T1204.001"
"G0129","uses","T1016"
"G0098","uses","S0435"
"S1018","uses","T1218.010"
"S0024","uses","T1016"
"M1038","mitigates","T1216.002"
"M1015","mitigates","T1558"
"G1004","uses","T1589"
"S1180","uses","T1135"
"T1136.003","subtechnique-of","T1136"
"S1132","uses","T1070"
"G0114","uses","T1574.001"
"S0260","uses","T1573.001"
"S0365","uses","T1016"
"G1017","uses","S0029"
"M1042","mitigates","T1671"
"S1024","uses","T1078.002"
"T1143","revoked-by","T1564.003"
"S0413","uses","T1114.002"
"S0259","uses","T1059.003"
"S0531","uses","T1059.005"
"S0136","uses","T1083"
"G1014","uses","T1567.002"
"G1018","uses","T1608.001"
"S0461","uses","T1083"
"G0040","uses","T1560"
"M1047","mitigates","T1059.006"
"S0669","uses","T1140"
"S0250","uses","T1016"
"S0187","uses","T1059.003"
"G1014","uses","T1566.002"
"G1002","uses","T1105"
"S0144","uses","T1071.001"
"S1052","uses","T1480"
"S0565","uses","T1027.013"
"S0363","uses","T1125"
"S1019","uses","T1105"
"M1042","mitigates","T1021.005"
"G0048","uses","T1189"
"S1086","uses","T1140"
"S0237","uses","T1027.005"
"S0650","uses","T1218.010"
"S0689","uses","T1542.003"
"G0034","uses","T1040"
"S0671","uses","T1568"
"G0045","uses","T1018"
"S0428","uses","T1041"
"G1053","uses","S0357"
"G0081","uses","T1543.003"
"S1246","uses","T1071.001"
"S0236","uses","T1069.002"
"S0237","uses","T1082"
"S0596","uses","T1033"
"G1020","uses","T1583.008"
"G0045","uses","T1047"
"S0458","uses","T1135"
"G1051","uses","T1570"
"S0331","uses","T1055"
"S1160","uses","T1102"
"S0354","uses","T1070.004"
"G0059","uses","T1567"
"S1030","uses","T1033"
"M1047","mitigates","T1036"
"S0448","uses","T1070.004"
"S0117","uses","T1552.001"
"S1023","uses","T1071.001"
"G1018","uses","S1086"
"G0073","uses","T1547.001"
"S0574","uses","T1140"
"S0352","uses","T1095"
"G1009","uses","T1021.002"
"G0016","uses","S0515"
"S0631","uses","T1218.007"
"S0020","uses","T1110.001"
"S0147","uses","T1113"
"M1026","mitigates","T1555.006"
"S0650","uses","T1564.001"
"M1047","mitigates","T1482"
"S0611","uses","T1518.001"
"S0284","uses","T1105"
"S0363","uses","T1021.003"
"S0223","uses","T1559.001"
"S0284","uses","T1016.001"
"S0532","uses","T1496.001"
"M1034","mitigates","T1219.003"
"T1547.009","subtechnique-of","T1547"
"G0021","uses","S0553"
"S0022","uses","T1573.002"
"S0376","uses","T1652"
"S1081","uses","T1620"
"G0038","uses","T1555.004"
"G1054","uses","T1566.002"
"S0332","uses","T1491.001"
"S0016","uses","T1001.001"
"S0260","uses","T1686"
"G0105","uses","T1200"
"S0373","uses","T1124"
"S9010","uses","T1213.006"
"S0035","uses","T1052.001"
"S0046","uses","T1059.003"
"S0185","uses","T1105"
"S1017","uses","T1059.003"
"M1032","mitigates","T1098.001"
"S1091","uses","T1648"
"G0049","uses","S1170"
"S0663","uses","T1071.004"
"G0067","uses","T1547.001"
"G0125","uses","T1110.003"
"T1003.002","subtechnique-of","T1003"
"S0211","uses","T1082"
"G1055","uses","T1113"
"G0028","uses","T1021.002"
"S0633","uses","T1027"
"S1085","uses","T1027.010"
"S1219","uses","T1543.004"
"G0034","uses","T1027.010"
"S0599","uses","T1083"
"G0096","uses","T1078"
"S0629","uses","T1036.005"
"G1032","uses","S0183"
"S0143","uses","T1210"
"G0010","uses","T1112"
"S0512","uses","T1012"
"T1109","revoked-by","T1542.002"
"M1056","mitigates","T1585.003"
"S0363","uses","T1557.001"
"S1145","uses","T1016"
"S0414","uses","T1053.005"
"G1001","uses","T1555"
"S0373","uses","T1564.003"
"S0089","uses","T1548.002"
"S1184","uses","T1059.004"
"G0087","uses","S0590"
"S0626","uses","T1497.003"
"S0250","uses","T1082"
"M1041","mitigates","T1659"
"G1014","uses","T1588.001"
"G0139","uses","T1569.003"
"S0634","uses","T1082"
"G1016","uses","S0357"
"G1046","uses","T1585.003"
"S9035","uses","T1047"
"M1018","mitigates","T1078.002"
"G1046","uses","T1074.001"
"S0611","uses","T1489"
"G0087","uses","T1547.001"
"S0513","uses","T1140"
"G1021","uses","T1574.001"
"S0670","uses","T1057"
"G0068","uses","T1189"
"G0016","uses","S0046"
"S0674","uses","T1082"
"T1219.003","subtechnique-of","T1219"
"S0267","uses","T1057"
"G0093","uses","S0100"
"S0481","uses","T1486"
"G1046","uses","T1667"
"S0625","uses","T1680"
"G0010","uses","T1069.001"
"G0051","uses","T1070.004"
"S0377","uses","T1014"
"G1032","uses","T1486"
"M1026","mitigates","T1505.004"
"T1542.003","subtechnique-of","T1542"
"S0650","uses","T1497.001"
"S0515","uses","T1105"
"S0367","uses","T1033"
"G0044","uses","T1014"
"S1041","uses","T1574.001"
"T1070.004","subtechnique-of","T1070"
"G0060","uses","T1005"
"S0658","uses","T1564.001"
"S0233","uses","T1018"
"S0593","uses","T1070.004"
"G0007","uses","T1589.001"
"G0125","uses","T1105"
"S0447","uses","T1566.001"
"S0198","uses","T1090"
"S0439","uses","T1003.005"
"G0061","uses","T1078"
"S1048","uses","T1685"
"S0475","uses","T1059.005"
"G0032","uses","T1566.001"
"S1227","uses","T1573.001"
"S0603","uses","T1082"
"S0331","uses","T1497"
"S1025","uses","T1083"
"G1001","uses","T1027.010"
"M1026","mitigates","T1556.005"
"S0021","uses","T1056.001"
"M1047","mitigates","T1053.003"
"S0091","uses","T1071.001"
"S1026","uses","T1071.001"
"G0020","uses","T1120"
"G0094","uses","T1587.001"
"S0445","uses","T1041"
"S0264","uses","T1074.001"
"S0659","uses","T1485"
"S0370","uses","T1070.004"
"S1027","uses","T1055.001"
"S1084","uses","T1090.002"
"S0013","uses","T1622"
"S0559","uses","T1497.003"
"S0098","uses","T1016"
"S0576","uses","T1685"
"G0082","uses","T1033"
"T1036.008","subtechnique-of","T1036"
"G0106","uses","T1190"
"S9022","uses","T1555"
"S1029","uses","T1074.001"
"S0358","uses","T1137.005"
"S0238","uses","T1005"
"S0590","uses","T1033"
"G0125","uses","S1011"
"G0016","uses","S0002"
"G1042","uses","T1568"
"S0013","uses","T1112"
"S0268","uses","T1106"
"S0229","uses","T1059.003"
"S0598","uses","T1140"
"G0094","uses","T1583"
"S0367","uses","T1570"
"M1042","mitigates","T1210"
"G1031","uses","T1566.001"
"G1015","uses","T1598"
"G0060","uses","T1007"
"G0139","uses","T1036.005"
"G0007","uses","T1591"
"M1041","mitigates","T1552"
"G1012","uses","T1566.003"
"G1051","uses","T1543.003"
"G1051","uses","T1489"
"S0622","uses","T1059.007"
"S0475","uses","T1059.003"
"S1065","uses","T1083"
"G0124","uses","T1082"
"G0045","uses","T1036"
"S0417","uses","T1113"
"S0532","uses","T1016"
"S9018","uses","T1055.004"
"G0098","uses","T1588.003"
"S0481","uses","T1490"
"S0331","uses","T1115"
"G0108","uses","T1059.001"
"S1012","uses","T1056.001"
"S1063","uses","T1055.002"
"S0341","uses","T1071.001"
"S0198","uses","T1547.001"
"S1189","uses","T1572"
"S9009","uses","T1213.002"
"S0272","uses","T1033"
"M1018","mitigates","T1543"
"S1141","uses","T1001.002"
"S0446","uses","T1027"
"S0331","uses","T1566.001"
"S0356","uses","T1140"
"G1039","uses","T1027"
"S1033","uses","T1036.004"
"S0390","uses","T1070.004"
"S0458","uses","T1559.002"
"G1055","uses","T1110.001"
"G1053","uses","S0057"
"S0469","uses","T1518.001"
"G1048","uses","T1059.012"
"S1022","uses","T1016"
"S0154","uses","T1059.007"
"S0254","uses","T1082"
"S0596","uses","T1112"
"S0578","uses","T1071.001"
"S1224","uses","T1059.004"
"S0044","uses","T1113"
"S0586","uses","T1018"
"G0087","uses","T1090.002"
"G0085","uses","T1078"
"G0045","uses","T1070.004"
"G0050","uses","T1550.002"
"G1022","uses","T1686"
"S1179","uses","T1480"
"G0134","uses","S0334"
"G0010","uses","T1140"
"S0409","uses","T1140"
"M1018","mitigates","T1040"
"S0045","uses","T1546.015"
"S1149","uses","T1074.001"
"S0687","uses","T1573.002"
"T1055.013","subtechnique-of","T1055"
"S0013","uses","T1083"
"S0657","uses","T1016"
"S0457","uses","T1112"
"S0385","uses","T1555.003"
"S0504","uses","T1095"
"G0143","uses","T1059.004"
"S0260","uses","T1025"
"G1023","uses","T1136.001"
"G0049","uses","S0495"
"S1139","uses","T1570"
"G0059","uses","T1589.001"
"S0153","uses","T1547.009"
"S0660","uses","T1125"
"S0381","uses","T1059.003"
"M1054","mitigates","T1688"
"S1129","uses","T1083"
"G0125","uses","T1583.006"
"G1014","uses","T1030"
"G1015","uses","T1685"
"S0438","uses","T1560.003"
"G0080","uses","T1105"
"G0069","uses","T1137.001"
"S0415","uses","T1140"
"M1041","mitigates","T1557.002"
"S0681","uses","T1055"
"S0143","uses","T1123"
"G1052","uses","T1555.001"
"S0363","uses","T1016"
"S9020","uses","T1057"
"G0078","uses","T1055.012"
"S0084","uses","T1106"
"S0251","uses","T1124"
"S1081","uses","T1059.001"
"G1018","uses","T1547.001"
"S0455","uses","T1059.007"
"S0168","uses","T1547.004"
"S0695","uses","T1070"
"S1027","uses","T1070.004"
"S1180","uses","T1486"
"S0459","uses","T1036.005"
"S9014","uses","T1554"
"S1202","uses","T1140"
"S0331","uses","T1113"
"S0433","uses","T1027.013"
"G0046","uses","T1553.002"
"S0354","uses","T1497.001"
"S0203","uses","T1012"
"S0257","uses","T1016"
"S0253","uses","T1680"
"S0455","uses","T1518"
"G0094","uses","S1196"
"S1213","uses","T1195"
"G0069","uses","T1574.001"
"S0255","uses","T1105"
"S0476","uses","T1112"
"G0121","uses","T1203"
"S1119","uses","T1071.001"
"S1019","uses","T1041"
"S0180","uses","T1083"
"S0386","uses","T1547.001"
"S0575","uses","T1135"
"G0094","uses","T1021.001"
"S1228","uses","T1518.001"
"S1030","uses","T1059.005"
"S0009","uses","T1566"
"G0046","uses","S0417"
"S0666","uses","T1568"
"M1028","mitigates","T1574.006"
"S0678","uses","T1106"
"S0250","uses","T1059.005"
"S9034","uses","T1567.002"
"S0093","uses","T1547.001"
"T1569.003","subtechnique-of","T1569"
"G0134","uses","T1608.004"
"G1054","uses","S0039"
"G0126","uses","T1059.005"
"S0596","uses","T1124"
"S0547","uses","T1059.006"
"S0194","uses","T1574.007"
"S0559","uses","T1047"
"M1046","mitigates","T1195"
"S0663","uses","T1573.001"
"S1149","uses","T1480"
"G0087","uses","T1140"
"G0060","uses","T1070.004"
"S1111","uses","T1569.002"
"S9031","uses","T1083"
"S0502","uses","T1005"
"G0035","uses","T1113"
"S0282","uses","T1070.004"
"S1234","uses","T1082"
"S0582","uses","T1489"
"S1141","uses","T1059.003"
"G1032","uses","T1021.001"
"S0669","uses","T1204.002"
"G0139","uses","T1222.002"
"S1014","uses","T1053.005"
"G1012","uses","T1505.003"
"G1054","uses","T1057"
"S0201","uses","T1685"
"S0011","uses","T1124"
"S0681","uses","T1059.003"
"G0013","uses","S0028"
"S0394","uses","T1136.001"
"M1038","mitigates","T1553.003"
"M1033","mitigates","T1176.001"
"S0402","uses","T1564"
"S0585","uses","T1059.005"
"G0046","uses","T1078"
"S1219","uses","T1573.002"
"S0461","uses","T1070"
"M1024","mitigates","T1547.003"
"G1054","uses","S0154"
"T1547.006","subtechnique-of","T1547"
"G0010","uses","S0029"
"G0007","uses","T1564.001"
"S0076","uses","T1095"
"M1038","mitigates","T1059.010"
"S0279","uses","T1056.002"
"S0045","uses","T1082"
"G0093","uses","S0097"
"G0112","uses","T1057"
"S1078","uses","T1140"
"S0627","uses","T1106"
"T1491.002","subtechnique-of","T1491"
"G1017","uses","T1083"
"S0170","uses","T1053.005"
"M1037","mitigates","T1572"
"S0377","uses","T1059.004"
"S0651","uses","T1102.002"
"S0378","uses","T1016"
"S1018","uses","T1055.001"
"G1032","uses","T1657"
"G0142","uses","T1566.002"
"S0028","uses","T1547.001"
"G0048","uses","T1547.001"
"S1183","uses","T1001"
"S0598","uses","T1083"
"G1043","uses","T1082"
"G1052","uses","T1585"
"S0201","uses","T1222.001"
"G0027","uses","T1068"
"S0154","uses","T1021.001"
"S0629","uses","T1106"
"G1045","uses","T1685.006"
"G0094","uses","T1585.002"
"S0367","uses","T1573.001"
"S0154","uses","T1106"
"S0363","uses","T1059.001"
"S1050","uses","T1036.005"
"M1038","mitigates","T1036.005"
"S0284","uses","T1140"
"M1040","mitigates","T1036.008"
"G0131","uses","T1135"
"G0047","uses","T1491.001"
"S1114","uses","T1090"
"G0032","uses","T1202"
"S1066","uses","T1140"
"S1210","uses","T1041"
"S0477","uses","T1059.005"
"M1047","mitigates","T1574.005"
"S0192","uses","T1113"
"S0517","uses","T1546.011"
"G0081","uses","T1070.004"
"S1125","uses","T1529"
"S0498","uses","T1005"
"S0439","uses","T1547.009"
"S0456","uses","T1095"
"S0488","uses","T1003.002"
"G0094","uses","T1566"
"S1226","uses","T1033"
"T1556.004","subtechnique-of","T1556"
"S9037","uses","T1684.001"
"S0192","uses","T1552.001"
"S0018","uses","T1007"
"G1006","uses","S0002"
"S0199","uses","T1113"
"T1597.001","subtechnique-of","T1597"
"S0367","uses","T1552.001"
"G0067","uses","T1120"
"G0032","uses","S0238"
"S1123","uses","T1573.002"
"G1016","uses","T1587.001"
"S0666","uses","T1140"
"G1015","uses","T1553.002"
"G1006","uses","T1027.003"
"S0562","uses","T1057"
"G0047","uses","T1583.003"
"S0683","uses","T1613"
"S0414","uses","T1033"
"S1239","uses","T1480.001"
"S0584","uses","T1070.004"
"S1242","uses","T1134"
"S0428","uses","T1071.002"
"S1044","uses","T1543.003"
"G0090","uses","S9030"
"S1218","uses","T1059.006"
"G0093","uses","S0106"
"G1030","uses","S0590"
"S0262","uses","T1021.001"
"M1040","mitigates","T1543.003"
"S0689","uses","T1620"
"S0534","uses","T1083"
"M1056","mitigates","T1588.006"
"S0643","uses","T1056.001"
"G1044","uses","S1192"
"S1013","uses","T1106"
"G0114","uses","S0029"
"S0662","uses","T1573"
"M1026","mitigates","T1555"
"S0586","uses","T1027.001"
"G0059","uses","T1547.001"
"S0653","uses","T1005"
"S1044","uses","T1547.001"
"S0141","uses","T1543.003"
"G1041","uses","T1583"
"S0653","uses","T1071.001"
"G0094","uses","T1685"
"G0018","uses","S0042"
"T1027.005","subtechnique-of","T1027"
"G1032","uses","T1047"
"S9012","uses","T1057"
"S0374","uses","T1082"
"S0625","uses","T1543.003"
"S1048","uses","T1105"
"G0032","uses","T1048.003"
"T1578.001","subtechnique-of","T1578"
"G1040","uses","S0359"
"G0075","uses","T1071.001"
"S0437","uses","T1070.004"
"G1002","uses","S1013"
"S0387","uses","T1016"
"S0260","uses","T1218.011"
"S1107","uses","T1059.004"
"S0396","uses","T1059.011"
"G1015","uses","T1556.009"
"S0686","uses","T1564.003"
"G0069","uses","S9032"
"M1056","mitigates","T1588.007"
"T1147","revoked-by","T1564.002"
"S0240","uses","T1112"
"S0638","uses","T1685"
"G1036","uses","T1587.001"
"S1130","uses","T1685"
"S0516","uses","T1105"
"G0127","uses","T1218.010"
"G1016","uses","T1078.001"
"G1017","uses","T1591.004"
"S0610","uses","T1106"
"G1001","uses","S1015"
"S0182","uses","T1134.001"
"S0514","uses","T1033"
"S1111","uses","T1071.004"
"S1074","uses","T1105"
"M1049","mitigates","T1027.015"
"G1039","uses","T1564.001"
"T1036.003","subtechnique-of","T1036"
"G0032","uses","T1001.003"
"G0007","uses","T1583.003"
"S0126","uses","T1071.003"
"S1031","uses","T1571"
"S0684","uses","T1018"
"G1004","uses","T1005"
"G0027","uses","T1030"
"S0462","uses","T1082"
"G0105","uses","T1588.002"
"S0670","uses","T1056.001"
"S0598","uses","T1505.003"
"S0651","uses","T1059.003"
"G0139","uses","T1070.004"
"S0204","uses","T1543.003"
"S0196","uses","T1059.006"
"G0010","uses","T1588.002"
"G1018","uses","T1573.002"
"G1036","uses","T1033"
"G1055","uses","T1119"
"S0439","uses","T1560.001"
"S1066","uses","T1027"
"G0119","uses","T1587.001"
"S0678","uses","T1680"
"T1042","revoked-by","T1546.001"
"M1047","mitigates","T1505.005"
"G1003","uses","S0598"
"S0610","uses","T1132.001"
"M1018","mitigates","T1578"
"S0330","uses","T1059.001"
"S0377","uses","T1556.003"
"G0068","uses","S0201"
"G0125","uses","T1560.001"
"S1051","uses","T1071.001"
"S0038","uses","T1056.001"
"S1087","uses","T1059.003"
"S0606","uses","T1110.003"
"G1055","uses","T1561.001"
"G0078","uses","T1685"
"S0660","uses","T1095"
"S9001","uses","T1059.001"
"G0007","uses","T1596"
"S0283","uses","T1056.001"
"S0356","uses","T1204.002"
"S0588","uses","T1027.002"
"S0013","uses","T1614"
"S0428","uses","T1027.010"
"S0468","uses","T1496.001"
"S0449","uses","T1027.016"
"S0452","uses","T1087.001"
"G0098","uses","T1046"
"S0387","uses","T1082"
"S1068","uses","T1570"
"S1239","uses","T1480"
"S0184","uses","T1016"
"S0094","uses","T1113"
"S1246","uses","T1059.007"
"S1013","uses","T1105"
"S0334","uses","T1686.003"
"S9026","uses","T1140"
"S0531","uses","T1204.001"
"T1552.004","subtechnique-of","T1552"
"G0081","uses","T1566.001"
"G1040","uses","T1016"
"G1021","uses","T1105"
"S1016","uses","T1033"
"G0049","uses","T1082"
"S0089","uses","T1047"
"M1051","mitigates","T1550.002"
"S0117","uses","T1027.016"
"S1033","uses","T1543.003"
"S0182","uses","T1113"
"S0269","uses","T1071.001"
"S0455","uses","T1056.001"
"S0244","uses","T1007"
"T1218.005","subtechnique-of","T1218"
"M1031","mitigates","T1568"
"G0112","uses","T1189"
"G0001","uses","T1001.002"
"S0657","uses","T1560.003"
"S0396","uses","T1124"
"S1149","uses","T1218.003"
"G1004","uses","T1069.002"
"S0226","uses","T1140"
"G0010","uses","T1059.007"
"G0070","uses","T1027.013"
"G1052","uses","T1083"
"S0447","uses","T1027.002"
"S0124","uses","T1059.003"
"S1105","uses","T1070.004"
"M1024","mitigates","T1574.012"
"S0533","uses","T1041"
"G1043","uses","T1016"
"G1048","uses","T1083"
"S0367","uses","T1110.001"
"G0037","uses","T1560.003"
"S1178","uses","T1491.001"
"S1247","uses","T1489"
"G0066","uses","T1027.013"
"S0570","uses","T1018"
"S0466","uses","T1036.001"
"S0128","uses","T1102.001"
"M1048","mitigates","T1190"
"G0133","uses","S0340"
"S0283","uses","T1120"
"G1052","uses","T1583.006"
"S0482","uses","T1048"
"G0005","uses","T1204.002"
"G0022","uses","T1053.005"
"G0016","uses","T1621"
"S1246","uses","T1555.003"
"S0142","uses","T1057"
"S0650","uses","T1018"
"S1015","uses","T1053.005"
"S0363","uses","T1482"
"S1247","uses","T1480.002"
"G0082","uses","T1112"
"M1032","mitigates","T1040"
"S1149","uses","T1059.005"
"S1247","uses","T1068"
"G0024","uses","S0067"
"G0127","uses","S0650"
"G1001","uses","S0097"
"G0108","uses","S1144"
"M1047","mitigates","T1686.001"
"S0376","uses","T1112"
"G0121","uses","T1518.001"
"S0516","uses","T1087.002"
"T1070.006","subtechnique-of","T1070"
"S0148","uses","T1548.002"
"G1013","uses","T1071.001"
"G1048","uses","T1078.001"
"S0444","uses","T1090.002"
"G0007","uses","T1583.001"
"S0530","uses","T1565.002"
"S0453","uses","T1204.002"
"S0532","uses","T1049"
"S0098","uses","T1124"
"T1110.004","subtechnique-of","T1110"
"S0045","uses","T1056.001"
"G1016","uses","T1572"
"G1047","uses","T1090.001"
"S0527","uses","T1070.004"
"S0599","uses","T1071.001"
"S0113","uses","T1573.001"
"S0449","uses","T1082"
"S0352","uses","T1222.002"
"G0067","uses","T1059.006"
"G0062","uses","S0032"
"S0044","uses","T1008"
"G1052","uses","T1571"
"S0586","uses","T1070.006"
"S0089","uses","T1555.003"
"S0132","uses","T1555.003"
"G0004","uses","S0097"
"S0433","uses","T1082"
"M1021","mitigates","T1102.002"
"S1205","uses","T1561.001"
"M1056","mitigates","T1588.004"
"G0038","uses","T1059"
"G0092","uses","S0611"
"S0498","uses","T1573"
"S1161","uses","T1070"
"S0283","uses","T1029"
"G1043","uses","T1046"
"G0050","uses","T1036"
"S1235","uses","T1553.002"
"S1129","uses","T1082"
"G0045","uses","T1046"
"S0386","uses","T1105"
"M1041","mitigates","T1557"
"S0115","uses","T1083"
"S0484","uses","T1555"
"S0146","uses","T1071.004"
"S0331","uses","T1087.001"
"G1004","uses","T1213.001"
"S0381","uses","T1082"
"S0013","uses","T1036.004"
"G1023","uses","S0057"
"S0248","uses","T1680"
"S1122","uses","T1140"
"G0021","uses","T1218.007"
"S9037","uses","T1033"
"S0139","uses","T1016"
"S0242","uses","T1083"
"S1146","uses","T1056.001"
"S1189","uses","T1105"
"G0092","uses","T1583.001"
"S1163","uses","T1059.004"
"G0032","uses","T1584.004"
"S0447","uses","T1027"
"S0261","uses","T1112"
"G0021","uses","S0543"
"G0087","uses","T1056.001"
"G1042","uses","T1071.001"
"S0072","uses","T1505.003"
"S1239","uses","T1036.005"
"S0058","uses","T1033"
"M1018","mitigates","T1072"
"S0438","uses","T1010"
"S0596","uses","T1070"
"G0016","uses","S0175"
"S0584","uses","T1546.016"
"G0128","uses","T1082"
"S1183","uses","T1041"
"S0282","uses","T1090.003"
"S0070","uses","T1105"
"S0366","uses","T1210"
"G1031","uses","T1203"
"G0037","uses","T1566.001"
"S0538","uses","T1120"
"S0134","uses","T1001.001"
"G0047","uses","T1001"
"S0697","uses","T1053.005"
"G0094","uses","T1204.002"
"S0611","uses","T1140"
"S0491","uses","T1020"
"T1067","revoked-by","T1542.003"
"S0697","uses","T1685"
"S0378","uses","T1552.001"
"G1024","uses","T1213.002"
"G0087","uses","T1005"
"M1040","mitigates","T1055.002"
"S0149","uses","T1056.001"
"S0226","uses","T1552.001"
"S9019","uses","T1057"
"S0066","uses","T1573.001"
"M1047","mitigates","T1176.001"
"G0049","uses","S0096"
"G0006","uses","S0345"
"S1070","uses","T1082"
"S9019","uses","T1082"
"G1043","uses","T1105"
"S1028","uses","T1105"
"G0108","uses","T1574.012"
"S9034","uses","T1480"
"G1006","uses","T1608.001"
"S0627","uses","T1497.001"
"G0040","uses","T1083"
"S0207","uses","T1105"
"S0240","uses","T1123"
"G0007","uses","S0645"
"S0650","uses","T1005"
"S0260","uses","T1490"
"S1166","uses","T1053.005"
"G0134","uses","S0644"
"G1053","uses","T1219.002"
"G0046","uses","S0002"
"T1589.003","subtechnique-of","T1589"
"G0019","uses","S0095"
"G0077","uses","T1027.010"
"S0039","uses","T1069.002"
"S0115","uses","T1125"
"G0010","uses","T1134.002"
"T1027.009","subtechnique-of","T1027"
"G0035","uses","T1564.002"
"S0331","uses","T1547.001"
"G0121","uses","T1218.005"
"S0658","uses","T1518"
"S0456","uses","T1057"
"S1068","uses","T1685.005"
"S1141","uses","T1082"
"S0260","uses","T1055.002"
"S1207","uses","T1113"
"S0410","uses","T1132.001"
"M1046","mitigates","T1542.001"
"G0004","uses","S0439"
"S1220","uses","T1563.001"
"S1144","uses","T1059.007"
"G0085","uses","T1059.005"
"S1029","uses","T1547.001"
"G1054","uses","S9022"
"S1033","uses","T1529"
"S1202","uses","T1573.001"
"G0019","uses","S0039"
"G0054","uses","T1083"
"S0657","uses","T1033"
"S0248","uses","T1083"
"S0472","uses","T1105"
"S1048","uses","T1680"
"S1222","uses","T1102.002"
"S9007","uses","T1105"
"S0533","uses","T1036.005"
"S1043","uses","T1005"
"G1046","uses","T1547.001"
"M1042","mitigates","T1059.005"
"M1030","mitigates","T1565.003"
"G0103","uses","T1566.002"
"S1160","uses","T1218.011"
"T1172","revoked-by","T1090.004"
"S0187","uses","T1553.002"
"S0647","uses","T1059.004"
"G0094","uses","T1040"
"S1051","uses","T1124"
"S0538","uses","T1102.002"
"S0038","uses","T1560.003"
"S1021","uses","T1132.001"
"S0612","uses","T1543.003"
"S0692","uses","T1552.006"
"G0081","uses","T1105"
"S1017","uses","T1041"
"G1051","uses","T1106"
"S0032","uses","T1112"
"G0087","uses","T1059.001"
"S0160","uses","T1560.001"
"S1153","uses","T1564.001"
"S0574","uses","T1105"
"S1110","uses","T1074.001"
"S0154","uses","T1550.002"
"S0455","uses","T1518.001"
"S0090","uses","T1547.001"
"S1202","uses","T1548.002"
"S0094","uses","T1049"
"S0182","uses","T1547.001"
"S1210","uses","T1016"
"S0338","uses","T1113"
"S0252","uses","T1082"
"S0688","uses","T1489"
"S1030","uses","T1082"
"S1223","uses","T1686"
"S0691","uses","T1016.001"
"S0128","uses","T1071.001"
"G0094","uses","T1566.002"
"S0344","uses","T1070.004"
"M1024","mitigates","T1037.001"
"S0206","uses","T1105"
"G0090","uses","T1059.005"
"G0087","uses","T1115"
"G0095","uses","T1204.002"
"S0670","uses","T1547.001"
"M1035","mitigates","T1557"
"G0087","uses","T1003"
"M1038","mitigates","T1574.008"
"S0342","uses","T1090.003"
"G1016","uses","T1021.006"
"G0096","uses","T1082"
"G0049","uses","T1003.001"
"S9008","uses","T1548.003"
"S1156","uses","T1082"
"S0650","uses","T1090.002"
"S0211","uses","T1008"
"S1044","uses","T1047"
"G1002","uses","T1071.001"
"M1038","mitigates","T1574.006"
"S0081","uses","T1036.005"
"S0274","uses","T1217"
"S0239","uses","T1071.001"
"S0698","uses","T1021.002"
"S0152","uses","T1056.001"
"S0154","uses","T1078.002"
"T1027.013","subtechnique-of","T1027"
"S0493","uses","T1543.003"
"S0172","uses","T1547.009"
"S0481","uses","T1685"
"S0652","uses","T1197"
"G1009","uses","S1032"
"G1017","uses","T1057"
"S0638","uses","T1049"
"M1054","mitigates","T1550.004"
"G1043","uses","T1482"
"G1052","uses","T1204.005"
"S0284","uses","T1082"
"G0080","uses","T1027.010"
"M1040","mitigates","T1055.004"
"S0023","uses","T1008"
"G0128","uses","T1598"
"M1040","mitigates","T1027.014"
"S0461","uses","T1140"
"S0567","uses","T1005"
"S0346","uses","T1059.003"
"S0599","uses","T1610"
"G0035","uses","T1505.003"
"S0149","uses","T1057"
"G0007","uses","T1070.006"
"G1003","uses","T1090.003"
"S0586","uses","T1083"
"S0045","uses","T1132.001"
"S0022","uses","T1620"
"S1122","uses","T1555.003"
"S0455","uses","T1573.002"
"S1087","uses","T1106"
"S1064","uses","T1012"
"S0251","uses","T1057"
"S9032","uses","T1678"
"G1015","uses","T1580"
"S0556","uses","T1090.001"
"G0034","uses","T1595.002"
"S0064","uses","T1083"
"M1026","mitigates","T1569.002"
"S0082","uses","T1055.001"
"S0434","uses","T1106"
"G1015","uses","T1105"
"M1047","mitigates","T1505"
"S0196","uses","T1218.011"
"S0449","uses","T1547.001"
"S0271","uses","T1016"
"G0121","uses","T1598.003"
"S0210","uses","T1105"
"S0613","uses","T1105"
"S0639","uses","T1059.003"
"S0336","uses","T1105"
"G1042","uses","T1571"
"S0072","uses","T1036.005"
"S0008","uses","T1003.002"
"G0100","uses","T1588.002"
"S0439","uses","T1497.001"
"S0483","uses","T1055.012"
"S0638","uses","T1106"
"S0380","uses","T1105"
"S1064","uses","T1027"
"S0242","uses","T1112"
"G0047","uses","T1534"
"G0093","uses","S0020"
"G0143","uses","T1021.002"
"S0673","uses","T1070.004"
"G0082","uses","S0593"
"G0045","uses","S0160"
"S0154","uses","T1027.005"
"S0687","uses","T1070.006"
"S0581","uses","T1057"
"G1043","uses","T1686"
"T1496.001","subtechnique-of","T1496"
"S1211","uses","T1489"
"S0663","uses","T1007"
"S0140","uses","T1561.002"
"M1035","mitigates","T1563.002"
"S0018","uses","T1573.002"
"G1016","uses","T1133"
"S0482","uses","T1036.005"
"S0033","uses","T1010"
"G0007","uses","T1090.002"
"S1183","uses","T1027.016"
"G0121","uses","T1124"
"S0512","uses","T1036.012"
"G0096","uses","T1195.002"
"S1019","uses","T1027.013"
"G0045","uses","S0628"
"M1018","mitigates","T1021.008"
"S0488","uses","T1003.003"
"T1600.001","subtechnique-of","T1600"
"G1036","uses","T1071.001"
"G0016","uses","S0682"
"M1047","mitigates","T1542"
"S0533","uses","T1112"
"T1036.006","subtechnique-of","T1036"
"S0128","uses","T1113"
"S0488","uses","T1110.003"
"G0059","uses","T1059.001"
"G0059","uses","T1016.002"
"M1022","mitigates","T1565.001"
"S0631","uses","T1204.002"
"G1052","uses","S1245"
"S0660","uses","T1564.001"
"S0504","uses","T1059.003"
"S0125","uses","T1055.001"
"S1058","uses","T1484.001"
"S0384","uses","T1574.001"
"M1018","mitigates","T1574.010"
"S0277","uses","T1057"
"G0094","uses","T1056.003"
"G0059","uses","T1588.002"
"S0355","uses","T1547.001"
"S0650","uses","T1059.001"
"S0234","uses","T1123"
"S0638","uses","T1140"
"S0028","uses","T1091"
"G0032","uses","T1105"
"S0283","uses","T1047"
"G1045","uses","T1590.004"
"S0625","uses","T1027.002"
"M1017","mitigates","T1566.003"
"S1064","uses","T1204.002"
"S0504","uses","T1105"
"M1022","mitigates","T1037.004"
"G0112","uses","T1059.005"
"M1038","mitigates","T1546.002"
"S1130","uses","T1082"
"M1042","mitigates","T1595.003"
"S0196","uses","T1546.009"
"S0386","uses","T1027.013"
"S0354","uses","T1105"
"S1047","uses","T1001.001"
"S1146","uses","T1033"
"S1234","uses","T1518.001"
"S0351","uses","T1057"
"S0085","uses","T1036.005"
"G0012","uses","T1497.002"
"S0696","uses","T1132.001"
"G0117","uses","T1530"
"S0567","uses","T1074.001"
"G0121","uses","T1566.002"
"S0564","uses","T1680"
"S9018","uses","T1036.008"
"S1200","uses","T1622"
"S0239","uses","T1005"
"S0128","uses","T1005"
"G0082","uses","T1049"
"S0635","uses","T1218.011"
"S0098","uses","T1119"
"S1020","uses","T1071.004"
"S0488","uses","T1201"
"S0002","uses","T1555"
"S0337","uses","T1547.001"
"S0384","uses","T1219"
"S9037","uses","T1027.013"
"G0027","uses","T1190"
"S1073","uses","T1486"
"S0393","uses","T1027"
"S0520","uses","T1082"
"S0161","uses","T1056.001"
"S0282","uses","T1071.001"
"S0367","uses","T1047"
"S0533","uses","T1055"
"G0053","uses","T1090.002"
"S1134","uses","T1561.001"
"T1557.003","subtechnique-of","T1557"
"S1196","uses","T1074.001"
"S0236","uses","T1087.001"
"T1158","revoked-by","T1564.001"
"G1035","uses","T1059"
"S0467","uses","T1560.002"
"G0143","uses","S0645"
"S0534","uses","T1482"
"S0439","uses","T1497.002"
"G0100","uses","T1547.001"
"S1037","uses","T1082"
"S1034","uses","T1033"
"G0073","uses","T1059.001"
"S0090","uses","T1119"
"S0025","uses","T1059.003"
"S0034","uses","T1573.001"
"S0451","uses","T1057"
"S0650","uses","T1059.003"
"G1047","uses","T1574.001"
"G1031","uses","S1017"
"M1031","mitigates","T1542.005"
"S0039","uses","T1124"
"S0491","uses","T1564.003"
"S1202","uses","T1484.001"
"G0069","uses","S1037"
"M1027","mitigates","T1078.004"
"G1015","uses","T1114.003"
"S0199","uses","T1105"
"G0068","uses","T1105"
"G0022","uses","T1104"
"S0501","uses","T1134.002"
"G0066","uses","T1204.002"
"G1052","uses","S1246"
"M1018","mitigates","T1213.004"
"M1051","mitigates","T1686.002"
"S0154","uses","T1548.002"
"T1169","revoked-by","T1548.003"
"S0154","uses","T1016"
"M1038","mitigates","T1564.003"
"G1017","uses","T1021.001"
"S0521","uses","T1069.002"
"G0034","uses","T1585.001"
"S1153","uses","T1614.001"
"S1088","uses","T1105"
"S0127","uses","T1140"
"S0218","uses","T1082"
"S1039","uses","T1033"
"S0045","uses","T1218.011"
"S0395","uses","T1071.003"
"G1017","uses","T1584.004"
"G0034","uses","S0606"
"S0093","uses","T1046"
"S0367","uses","T1571"
"S1212","uses","T1090"
"G1034","uses","S0013"
"S1239","uses","T1518.001"
"G0032","uses","T1218.005"
"S0089","uses","T1070"
"S0339","uses","T1119"
"S0042","uses","T1071.001"
"G0125","uses","T1005"
"G0049","uses","T1008"
"G0105","uses","T1543.003"
"G0047","uses","T1047"
"G0130","uses","S0224"
"S1042","uses","T1083"
"G0139","uses","T1609"
"G0045","uses","T1049"
"S1085","uses","T1082"
"S9028","uses","T1505.003"
"S1150","uses","T1027.013"
"S1233","uses","T1027.013"
"M1047","mitigates","T1566"
"S9015","uses","T1027"
"G1006","uses","T1098.004"
"S0279","uses","T1543.001"
"S0603","uses","T1132.001"
"S1051","uses","T1102.001"
"T1059.005","subtechnique-of","T1059"
"S1043","uses","T1119"
"G0134","uses","T1204.002"
"S0698","uses","T1059.003"
"S0451","uses","T1569.001"
"S0125","uses","T1068"
"S1182","uses","T1070.004"
"S0059","uses","T1057"
"S0336","uses","T1059.003"
"S0625","uses","T1106"
"M1056","mitigates","T1583.002"
"S0482","uses","T1082"
"G0012","uses","T1027.013"
"G0046","uses","T1059"
"G0022","uses","T1110.002"
"M1028","mitigates","T1087.001"
"S1153","uses","T1033"
"S1199","uses","T1564.003"
"G1039","uses","T1102"
"S0650","uses","T1518.001"
"S1064","uses","T1005"
"G0059","uses","T1584.001"
"S0689","uses","T1485"
"S0281","uses","T1557"
"S0367","uses","T1027.001"
"G0117","uses","T1018"
"S0692","uses","T1620"
"S0513","uses","T1082"
"S0125","uses","T1052.001"
"S0445","uses","T1105"
"S0663","uses","T1140"
"S0081","uses","T1105"
"S1207","uses","T1555"
"S0204","uses","T1218.011"
"S0448","uses","T1005"
"G0060","uses","T1059.006"
"S0030","uses","T1003"
"S1246","uses","T1041"
"S9031","uses","T1047"
"G0006","uses","S0100"
"G1008","uses","T1614"
"S1013","uses","T1057"
"G0039","uses","T1059.003"
"S0531","uses","T1057"
"G0010","uses","T1059.005"
"S0260","uses","T1497.001"
"G1002","uses","T1588.002"
"S0410","uses","T1083"
"G1054","uses","T1686.003"
"S0447","uses","T1140"
"G0066","uses","S0205"
"S0476","uses","T1555.004"
"S0053","uses","T1132.001"
"G0016","uses","S0057"
"S0468","uses","T1098.004"
"G0027","uses","T1046"
"G1051","uses","T1583.006"
"S0690","uses","T1543.004"
"S1015","uses","T1074.001"
"S0454","uses","T1010"
"S0599","uses","T1078"
"S0234","uses","T1041"
"S0378","uses","T1557.001"
"S9038","uses","T1529"
"S0409","uses","T1573.001"
"S1199","uses","T1547.001"
"S1064","uses","T1566.001"
"S9020","uses","T1001.001"
"M1015","mitigates","T1078.004"
"S1207","uses","T1055.012"
"G0099","uses","T1583.001"
"G1001","uses","S0104"
"S0439","uses","T1105"
"S0574","uses","T1497.003"
"S0081","uses","T1082"
"S0022","uses","T1106"
"S0257","uses","T1027.002"
"M1026","mitigates","T1505.002"
"S0686","uses","T1071.001"
"S0366","uses","T1489"
"S0559","uses","T1082"
"S0242","uses","T1027"
"S0434","uses","T1555.003"
"S0180","uses","T1543.003"
"G0143","uses","T1036.004"
"S0024","uses","T1033"
"S0451","uses","T1027.010"
"G1036","uses","T1585.002"
"S0038","uses","T1090.001"
"S0344","uses","T1573.001"
"M1035","mitigates","T1552.005"
"S0458","uses","T1113"
"S0197","uses","T1005"
"S0039","uses","T1087.002"
"M1049","mitigates","T1059.005"
"S0271","uses","T1057"
"M1031","mitigates","T1008"
"G0045","uses","S0275"
"S0223","uses","T1140"
"S9010","uses","T1571"
"M1015","mitigates","T1072"
"G1052","uses","T1219.002"
"S1065","uses","T1033"
"S0089","uses","T1113"
"S0125","uses","T1083"
"G0126","uses","T1106"
"S0493","uses","T1082"
"G0064","uses","S0194"
"S0561","uses","T1566.002"
"S0554","uses","T1497.003"
"S0534","uses","T1573.002"
"S0219","uses","T1057"
"S0696","uses","T1010"
"S0283","uses","T1059.005"
"S0652","uses","T1614.001"
"T1037.004","subtechnique-of","T1037"
"S0385","uses","T1010"
"S0650","uses","T1106"
"S0339","uses","T1518.001"
"S0669","uses","T1090"
"S0409","uses","T1552.004"
"S0184","uses","T1071.001"
"S1159","uses","T1615"
"G0139","uses","T1059.004"
"S1160","uses","T1132.001"
"G1006","uses","T1003.006"
"S9001","uses","T1059.003"
"S0020","uses","T1005"
"S0581","uses","T1055"
"G0035","uses","T1204.002"
"S0363","uses","T1056.001"
"S0472","uses","T1680"
"S0521","uses","T1615"
"S0659","uses","T1033"
"S0615","uses","T1124"
"S0148","uses","T1219"
"G0102","uses","T1210"
"S0336","uses","T1016"
"S1016","uses","T1082"
"G0047","uses","T1095"
"G0119","uses","T1136"
"G1001","uses","T1589"
"S0608","uses","T1112"
"S0126","uses","T1564.005"
"S1033","uses","T1112"
"S1016","uses","T1095"
"S0192","uses","T1105"
"G0004","uses","T1105"
"S9015","uses","T1041"
"S0268","uses","T1070.004"
"S0607","uses","T1083"
"S1198","uses","T1573"
"G0030","uses","S0552"
"S0132","uses","T1080"
"G1017","uses","T1090"
"S0203","uses","T1129"
"S1212","uses","T1480"
"S0091","uses","T1033"
"S1044","uses","T1120"
"S1064","uses","T1036.004"
"G0129","uses","S1237"
"S1196","uses","T1113"
"S1247","uses","T1657"
"G0128","uses","T1012"
"S0154","uses","T1569.002"
"S1230","uses","T1091"
"T1546.002","subtechnique-of","T1546"
"G0115","uses","T1199"
"S0250","uses","T1218.005"
"S0223","uses","T1033"
"G0091","uses","S0363"
"S0495","uses","T1027.003"
"M1056","mitigates","T1583.004"
"S0630","uses","T1105"
"M1056","mitigates","T1683.002"
"G0040","uses","T1553.002"
"S1242","uses","T1480.002"
"G0016","uses","S0052"
"M1049","mitigates","T1036.008"
"S0452","uses","T1018"
"S1154","uses","T1056.004"
"G0093","uses","T1059.003"
"G0045","uses","S0159"
"G0037","uses","T1685"
"S0695","uses","T1059.006"
"M1038","mitigates","T1553"
"S1245","uses","T1657"
"S0401","uses","T1105"
"G0007","uses","T1566.001"
"S0467","uses","T1125"
"G1008","uses","T1518.001"
"G0094","uses","T1539"
"M1056","mitigates","T1587.002"
"S1159","uses","T1055"
"G0004","uses","T1087.001"
"S0559","uses","T1112"
"S1245","uses","T1083"
"S0339","uses","T1056.001"
"G0096","uses","S0073"
"G0092","uses","S0344"
"S0689","uses","T1685"
"S0696","uses","T1029"
"S0367","uses","T1218.010"
"G0046","uses","T1021.004"
"S0583","uses","T1016"
"S0618","uses","T1047"
"S0374","uses","T1053.003"
"M1048","mitigates","T1027.006"
"G0114","uses","T1074.002"
"S1066","uses","T1055.001"
"S0039","uses","T1087.001"
"S0002","uses","T1207"
"S1239","uses","T1678"
"S0034","uses","T1057"
"S0391","uses","T1559.002"
"S0603","uses","T1560.003"
"S1244","uses","T1135"
"G0082","uses","T1070.004"
"S1014","uses","T1036.005"
"G0001","uses","T1005"
"T1527","revoked-by","T1550.001"
"T1546.013","subtechnique-of","T1546"
"S0622","uses","T1059.001"
"S0149","uses","T1543.003"
"S0343","uses","T1560"
"S1224","uses","T1205.002"
"S1173","uses","T1105"
"S9019","uses","T1480.002"
"G0123","uses","T1595.002"
"S0623","uses","T1518"
"S0196","uses","T1129"
"S0686","uses","T1105"
"G0120","uses","T1497.001"
"S0389","uses","T1486"
"G0094","uses","T1588.002"
"G1016","uses","T1087.002"
"G0049","uses","S0269"
"G0143","uses","T1574.006"
"S1247","uses","T1083"
"G0129","uses","T1608.001"
"S0611","uses","T1106"
"G0049","uses","T1071.001"
"S0147","uses","T1059.003"
"G0096","uses","T1069"
"S0046","uses","T1082"
"M1050","mitigates","T1212"
"M1042","mitigates","T1021.006"
"S0431","uses","T1041"
"G0090","uses","T1114.001"
"G1015","uses","T1598.003"
"S0023","uses","T1092"
"S0137","uses","T1071.001"
"S0456","uses","T1106"
"S0059","uses","T1083"
"S0534","uses","T1087.002"
"S0604","uses","T1485"
"S0385","uses","T1105"
"S0455","uses","T1071.001"
"G1003","uses","T1114"
"M1045","mitigates","T1204.003"
"G0064","uses","T1552.001"
"S1060","uses","T1205.001"
"M1038","mitigates","T1176.002"
"S0038","uses","T1218.007"
"S0629","uses","T1070.004"
"G0125","uses","T1583.005"
"G0047","uses","T1083"
"G1054","uses","S0275"
"S0445","uses","T1049"
"S1091","uses","T1685.002"
"S0677","uses","T1526"
"G0037","uses","T1087.002"
"S0031","uses","T1082"
"G1017","uses","T1518"
"S0668","uses","T1573.002"
"G0049","uses","T1005"
"S0534","uses","T1018"
"G0100","uses","T1102"
"S0030","uses","T1113"
"G0035","uses","T1591.002"
"S0664","uses","T1574.001"
"G0048","uses","T1574.001"
"S0363","uses","T1027.010"
"S1013","uses","T1082"
"S0251","uses","T1047"
"S0378","uses","T1071.001"
"G1053","uses","T1537"
"G0007","uses","T1059.001"
"G0131","uses","T1574.001"
"M1018","mitigates","T1578.005"
"G0007","uses","T1048.002"
"G0087","uses","T1553.006"
"G0022","uses","S0165"
"M1022","mitigates","T1222.002"
"M1042","mitigates","T1559"
"T1505.002","subtechnique-of","T1505"
"S0091","uses","T1124"
"G0082","uses","T1036.006"
"G0003","uses","S0056"
"M1016","mitigates","T1210"
"S1060","uses","T1134.003"
"S0137","uses","T1071.003"
"G0134","uses","T1027.013"
"S0376","uses","T1008"
"G0128","uses","T1665"
"S1242","uses","T1547.004"
"S9035","uses","T1082"
"G0032","uses","T1010"
"S0520","uses","T1059.003"
"T1087.003","subtechnique-of","T1087"
"S0107","uses","T1070.004"
"S0639","uses","T1105"
"S0345","uses","T1059.003"
"G1008","uses","T1584.001"
"M1035","mitigates","T1612"
"G1023","uses","T1070.006"
"G0143","uses","T1070.003"
"G0045","uses","T1560.001"
"S0388","uses","T1105"
"S0239","uses","T1070.004"
"S0356","uses","T1082"
"S0493","uses","T1136.001"
"S0674","uses","T1518"
"G0040","uses","T1574.001"
"S0441","uses","T1082"
"S0266","uses","T1559.001"
"S0683","uses","T1609"
"G0032","uses","T1587.001"
"G0027","uses","T1053.002"
"M1056","mitigates","T1590.006"
"G0064","uses","T1003.005"
"S0050","uses","T1543.003"
"S0666","uses","T1548.002"
"S0070","uses","T1574.001"
"M1031","mitigates","T1572"
"G0040","uses","T1112"
"G0098","uses","T1588.002"
"S9008","uses","T1543.002"
"S1239","uses","T1113"
"G0061","uses","T1048.003"
"S0569","uses","T1112"
"S1212","uses","T1027.013"
"S0126","uses","T1071.001"
"S0247","uses","T1074.001"
"S1139","uses","T1566"
"G0090","uses","T1204.002"
"M1036","mitigates","T1648"
"S0446","uses","T1106"
"S1025","uses","T1027"
"S0467","uses","T1082"
"S9001","uses","T1087.001"
"G0065","uses","T1595.002"
"S0647","uses","T1083"
"S0531","uses","T1547.009"
"S0457","uses","T1685"
"S1020","uses","T1564.003"
"M1056","mitigates","T1590.003"
"G0079","uses","S0002"
"G0027","uses","T1055.012"
"S1136","uses","T1529"
"M1056","mitigates","T1596.001"
"G0061","uses","T1033"
"G1014","uses","T1564.001"
"G0059","uses","T1059.003"
"S0085","uses","T1033"
"S0338","uses","T1125"
"S0456","uses","T1568.002"
"G0069","uses","T1588.002"
"S0022","uses","T1005"
"S0216","uses","T1083"
"S0652","uses","T1033"
"G0081","uses","T1057"
"S0266","uses","T1053.005"
"S0365","uses","T1555.003"
"S0660","uses","T1102.002"
"S1142","uses","T1070.008"
"S0428","uses","T1059.003"
"M1057","mitigates","T1052"
"S0340","uses","T1005"
"S0534","uses","T1204.001"
"S1196","uses","T1132.001"
"G0034","uses","T1586.001"
"S1081","uses","T1055"
"G1023","uses","T1021.001"
"S9001","uses","T1124"
"G1055","uses","T1486"
"S0024","uses","T1497.001"
"G0120","uses","S0284"
"M1056","mitigates","T1587"
"S1019","uses","T1029"
"M1050","mitigates","T1218.015"
"S0268","uses","T1573.001"
"M1027","mitigates","T1556.005"
"S1066","uses","T1566.001"
"S1141","uses","T1059.001"
"S0020","uses","T1027.002"
"G0035","uses","S0500"
"G0007","uses","T1547.001"
"S0488","uses","T1087.002"
"S1191","uses","T1059.003"
"S0036","uses","T1005"
"S0638","uses","T1486"
"M1038","mitigates","T1218.005"
"S0436","uses","T1059.003"
"G0102","uses","T1560.001"
"M1057","mitigates","T1537"
"S0560","uses","T1012"
"G0094","uses","T1078.003"
"S0455","uses","T1218.007"
"S0568","uses","T1102.003"
"G0034","uses","T1132.001"
"S0087","uses","T1105"
"S0653","uses","T1547"
"S0335","uses","T1053.005"
"S1021","uses","T1041"
"M1041","mitigates","T1070"
"S0386","uses","T1090.003"
"S0491","uses","T1571"
"G1015","uses","T1078"
"S0670","uses","T1204.002"
"G0050","uses","T1059.007"
"S1087","uses","T1124"
"S0658","uses","T1614.001"
"S0113","uses","T1056.001"
"S1137","uses","T1486"
"S0363","uses","T1136.001"
"S1064","uses","T1059.005"
"G1031","uses","T1059.007"
"S0458","uses","T1016"
"S0012","uses","T1543.003"
"G0035","uses","T1078"
"M1018","mitigates","T1685.001"
"G0010","uses","T1546.013"
"G0107","uses","T1105"
"G1017","uses","S0100"
"T1110.002","subtechnique-of","T1110"
"M1037","mitigates","T1499.003"
"S1100","uses","T1027.013"
"G1014","uses","T1608.001"
"G0094","uses","S9007"
"S0615","uses","T1057"
"G0067","uses","S0657"
"S1081","uses","T1018"
"S1146","uses","T1087.002"
"S0446","uses","T1057"
"S0404","uses","T1006"
"S0229","uses","T1218.010"
"S0182","uses","T1685.005"
"S0414","uses","T1105"
"S1085","uses","T1016"
"S0409","uses","T1041"
"G0090","uses","T1608.001"
"G0050","uses","T1047"
"S0644","uses","T1113"
"S0237","uses","T1016"
"S0139","uses","T1027.003"
"G1055","uses","T1566"
"S9020","uses","T1486"
"G1052","uses","T1036"
"S0518","uses","T1112"
"S0520","uses","T1071.001"
"G0129","uses","T1583.006"
"S0576","uses","T1218.011"
"S0125","uses","T1686.003"
"S0528","uses","T1555.003"
"S0673","uses","T1027.011"
"S0126","uses","T1053.005"
"S0012","uses","T1112"
"S0109","uses","T1574.001"
"S1182","uses","T1105"
"S1022","uses","T1027.010"
"S0357","uses","T1040"
"S0044","uses","T1057"
"G0069","uses","T1218.005"
"M1056","mitigates","T1584.004"
"S0453","uses","T1027.015"
"T1583.008","subtechnique-of","T1583"
"S0256","uses","T1047"
"T1556.001","subtechnique-of","T1556"
"S0518","uses","T1027"
"S1027","uses","T1572"
"S0660","uses","T1113"
"G0096","uses","T1595.003"
"G0129","uses","T1047"
"S1248","uses","T1082"
"M1051","mitigates","T1552"
"G0087","uses","T1546.010"
"G0067","uses","T1105"
"S0475","uses","T1105"
"S0331","uses","T1552.001"
"S0155","uses","T1095"
"G1055","uses","T1589"
"G0046","uses","T1190"
"S0269","uses","T1140"
"S0115","uses","T1518.001"
"M1051","mitigates","T1176.002"
"S0692","uses","T1069.002"
"S0044","uses","T1016"
"G0004","uses","T1033"
"S1064","uses","T1218.011"
"G0046","uses","T1027.016"
"S1161","uses","T1480.002"
"T1096","revoked-by","T1564.004"
"G1052","uses","T1204.002"
"S0020","uses","T1059.003"
"G0139","uses","T1547.001"
"G0059","uses","T1572"
"S0492","uses","T1555.003"
"S0060","uses","T1573.001"
"S0637","uses","T1204.002"
"G0040","uses","T1197"
"S0663","uses","T1680"
"S0683","uses","T1611"
"S0284","uses","T1071.001"
"S0384","uses","T1106"
"M1047","mitigates","T1484.001"
"S0075","uses","T1552.002"
"S1107","uses","T1057"
"T1491.001","subtechnique-of","T1491"
"M1031","mitigates","T1071"
"S0625","uses","T1614.001"
"S9009","uses","T1213.005"
"S0339","uses","T1083"
"S9010","uses","T1480"
"S0330","uses","T1518.001"
"G0090","uses","T1140"
"G0006","uses","S0017"
"S1229","uses","T1033"
"S0598","uses","T1005"
"S0081","uses","T1573.001"
"G1051","uses","T1608.002"
"S0229","uses","T1102.002"
"S0636","uses","T1140"
"G1021","uses","S0633"
"G0004","uses","T1614.001"
"G0059","uses","T1585.002"
"S0678","uses","T1124"
"S0504","uses","T1480"
"M1043","mitigates","T1558"
"S1149","uses","T1027"
"S0141","uses","T1573.001"
"G0122","uses","T1588.004"
"G1046","uses","T1583.001"
"G0040","uses","T1027.005"
"G0093","uses","T1003.002"
"S1124","uses","T1082"
"S1015","uses","T1071.004"
"G0112","uses","T1518.001"
"G0032","uses","T1134.002"
"S0668","uses","T1106"
"M1031","mitigates","T1048.003"
"G0082","uses","T1056.001"
"S0083","uses","T1083"
"S0141","uses","T1083"
"G0010","uses","T1583.006"
"S0685","uses","T1027.010"
"M1018","mitigates","T1098.004"
"G1053","uses","T1490"
"M1047","mitigates","T1539"
"M1018","mitigates","T1619"
"G0108","uses","T1546.003"
"S0696","uses","T1614.001"
"M1038","mitigates","T1059.005"
"S0089","uses","T1055.001"
"G0018","uses","T1566.001"
"G0093","uses","T1078"
"G0094","uses","T1020"
"S0461","uses","T1090"
"G0010","uses","T1055.001"
"S0044","uses","T1053.005"
"G1004","uses","T1588.002"
"G0035","uses","T1016"
"S0669","uses","T1112"
"G0096","uses","T1059.001"
"G0112","uses","T1566.001"
"S1111","uses","T1119"
"G0010","uses","S0102"
"S0615","uses","T1090"
"S0264","uses","T1030"
"G0026","uses","T1078"
"G0069","uses","T1204.004"
"G0053","uses","T1070.004"
"S1202","uses","T1059.001"
"S0342","uses","T1218.011"
"S1120","uses","T1001.003"
"S0009","uses","T1574.001"
"S0687","uses","T1036.005"
"G0060","uses","T1566.001"
"G1052","uses","T1497"
"S1040","uses","T1567.002"
"S0342","uses","T1070.004"
"G0090","uses","T1566.001"
"G0001","uses","S0412"
"S0666","uses","T1095"
"T1561.002","subtechnique-of","T1561"
"S9035","uses","T1071.001"
"S0410","uses","T1056.001"
"S0268","uses","T1057"
"S1053","uses","T1106"
"G0080","uses","T1053.005"
"G0018","uses","T1016"
"G0007","uses","T1027.013"
"S0692","uses","T1105"
"S9032","uses","T1518.001"
"S0663","uses","T1132.001"
"G0078","uses","T1140"
"G0092","uses","S0381"
"G0059","uses","S0039"
"S1178","uses","T1082"
"S0377","uses","T1071.004"
"S0040","uses","T1090"
"S0428","uses","T1048"
"S1130","uses","T1027.002"
"S0380","uses","T1070.004"
"S0049","uses","T1083"
"S1037","uses","T1543.003"
"G0007","uses","T1203"
"S1086","uses","T1102"
"S0664","uses","T1573.001"
"G0128","uses","T1059.003"
"G0007","uses","T1586.002"
"S0518","uses","T1027.011"
"G0027","uses","T1074.001"
"S0567","uses","T1082"
"G0117","uses","T1110"
"S0142","uses","T1218.011"
"S1160","uses","T1059.003"
"G0081","uses","S0452"
"S0670","uses","T1685"
"M1018","mitigates","T1685"
"M1024","mitigates","T1556.008"
"S1207","uses","T1685"
"S9010","uses","T1124"
"S0631","uses","T1132.001"
"S1140","uses","T1059.001"
"G0069","uses","T1047"
"M1051","mitigates","T1548.002"
"T1588.006","subtechnique-of","T1588"
"S1204","uses","T1095"
"S1144","uses","T1090"
"G1054","uses","T1074.002"
"G0047","uses","T1091"
"S0260","uses","T1569.002"
"S0268","uses","T1105"
"G1004","uses","T1485"
"G0027","uses","T1203"
"G0108","uses","T1082"
"S1236","uses","T1559.001"
"S0192","uses","T1135"
"G1018","uses","S0379"
"S0128","uses","T1573.001"
"G0007","uses","T1114.002"
"G0070","uses","T1059.003"
"G0034","uses","T1213.006"
"S0390","uses","T1059.003"
"S1111","uses","T1574"
"S0176","uses","T1574.001"
"S0367","uses","T1021.002"
"S0272","uses","T1573.001"
"S9014","uses","T1489"
"S0629","uses","T1567.002"
"T1078.004","subtechnique-of","T1078"
"S0331","uses","T1047"
"S0194","uses","T1056.001"
"S1164","uses","T1140"
"S0662","uses","T1055.012"
"M1013","mitigates","T1496.003"
"S0238","uses","T1071.001"
"G0096","uses","T1014"
"S0681","uses","T1217"
"S0332","uses","T1547.001"
"G0048","uses","T1204.002"
"G0121","uses","T1074.001"
"S9033","uses","T1027"
"S9019","uses","T1673"
"G0050","uses","S0100"
"S9007","uses","T1059.003"
"S0475","uses","T1106"
"S1065","uses","T1059.003"
"M1037","mitigates","T1190"
"S0203","uses","T1569.002"
"M1017","mitigates","T1566.004"
"M1028","mitigates","T1553"
"G0022","uses","T1564.003"
"G0032","uses","S0245"
"S1034","uses","T1059.003"
"S1114","uses","T1057"
"G1055","uses","T1657"
"G1007","uses","T1204.002"
"S0496","uses","T1486"
"G0082","uses","T1518.001"
"S0520","uses","T1105"
"S1226","uses","T1553.002"
"S0256","uses","T1033"
"S0230","uses","T1548.002"
"S0457","uses","T1082"
"S0374","uses","T1105"
"S0692","uses","T1546.001"
"G0128","uses","T1583.006"
"G1015","uses","T1003.003"
"S1202","uses","T1112"
"G1052","uses","T1567"
"G1036","uses","S1242"
"S0651","uses","T1083"
"S0376","uses","T1012"
"G1039","uses","T1114.001"
"S0002","uses","T1552.004"
"G0034","uses","T1539"
"S0607","uses","T1106"
"S0082","uses","T1218.011"
"S0378","uses","T1047"
"G0094","uses","T1140"
"S1244","uses","T1518.001"
"G0003","uses","T1003.001"
"G0022","uses","S0111"
"S0341","uses","T1485"
"G0007","uses","S0160"
"S0565","uses","T1027.002"
"T1071.002","subtechnique-of","T1071"
"S1039","uses","T1047"
"M1047","mitigates","T1505.001"
"S1223","uses","T1071.001"
"S0532","uses","T1140"
"G1031","uses","T1589.002"
"S0013","uses","T1091"
"S0476","uses","T1057"
"S9039","uses","T1083"
"G0102","uses","T1059.003"
"G0129","uses","T1573.001"
"S0148","uses","T1059.003"
"T1506","revoked-by","T1550.004"
"S0538","uses","T1071.001"
"S0496","uses","T1059.003"
"S1242","uses","T1529"
"G0065","uses","T1102.003"
"S1050","uses","T1071.001"
"S0265","uses","T1547.001"
"S0139","uses","T1218.011"
"S0570","uses","T1480"
"G1017","uses","T1078"
"S0436","uses","T1057"
"S0356","uses","T1546.015"
"S1160","uses","T1016"
"S0483","uses","T1614.001"
"S1076","uses","T1573.001"
"G0040","uses","S0272"
"G1054","uses","T1685"
"S0528","uses","T1574.001"
"M1054","mitigates","T1602.001"
"S0331","uses","T1204.002"
"S0125","uses","T1048.003"
"G0061","uses","T1518.001"
"G0119","uses","T1112"
"S9023","uses","T1053.005"
"G0032","uses","T1021.004"
"S0362","uses","T1110.003"
"S1023","uses","T1567.002"
"G0117","uses","T1210"
"S0390","uses","T1105"
"G0094","uses","T1204.004"
"G1015","uses","T1041"
"S1017","uses","T1566.002"
"G0092","uses","S0002"
"G0080","uses","T1218.008"
"S1039","uses","T1041"
"M1017","mitigates","T1204"
"S0584","uses","T1041"
"S0631","uses","T1573"
"S0604","uses","T1046"
"S0334","uses","T1059"
"G1008","uses","T1105"
"S1161","uses","T1480"
"S0130","uses","T1033"
"S1228","uses","T1553.002"
"M1030","mitigates","T1613"
"G0050","uses","T1072"
"S0039","uses","T1007"
"S0350","uses","T1021.001"
"S0201","uses","T1059.003"
"S0230","uses","T1543.003"
"S0640","uses","T1614.001"
"G0094","uses","T1027.010"
"G0069","uses","T1534"
"M1018","mitigates","T1053"
"S0093","uses","T1070.004"
"S0499","uses","T1204.002"
"S1132","uses","T1570"
"G0006","uses","S0119"
"S9020","uses","T1574.001"
"S0379","uses","T1056.001"
"S1050","uses","T1057"
"S1019","uses","T1012"
"T1055.012","subtechnique-of","T1055"
"G0091","uses","T1053.005"
"G1036","uses","T1589.002"
"S0344","uses","T1033"
"S9034","uses","T1071.001"
"G0034","uses","T1059.001"
"G0071","uses","T1071.001"
"S0443","uses","T1070.004"
"S1025","uses","T1568.001"
"M1040","mitigates","T1137.006"
"S0657","uses","T1082"
"S1183","uses","T1071.001"
"S0194","uses","T1620"
"S0385","uses","T1083"
"S0346","uses","T1132.002"
"S1015","uses","T1082"
"S0382","uses","T1059.003"
"G1034","uses","T1587.002"
"M1056","mitigates","T1589.001"
"S0122","uses","T1550.002"
"M1056","mitigates","T1592.002"
"G0131","uses","T1090.002"
"G0102","uses","S0552"
"S1160","uses","T1218.007"
"M1031","mitigates","T1105"
"S1193","uses","T1059.003"
"G0114","uses","T1053.005"
"S1085","uses","T1573.001"
"G0047","uses","T1119"
"S1148","uses","T1033"
"G0102","uses","S0190"
"S0251","uses","T1049"
"G0040","uses","T1555.003"
"S1059","uses","T1033"
"S0168","uses","T1070.006"
"S1199","uses","T1053.005"
"G0003","uses","T1557.002"
"S0148","uses","T1115"
"G0047","uses","T1036.005"
"G0012","uses","T1573.001"
"S0613","uses","T1055.001"
"S0681","uses","T1059.006"
"M1026","mitigates","T1047"
"S0015","uses","T1057"
"S0668","uses","T1036.005"
"S0482","uses","T1057"
"S1203","uses","T1036.005"
"M1031","mitigates","T1132"
"S1153","uses","T1614"
"G0067","uses","S0212"
"S0354","uses","T1055.012"
"S0461","uses","T1546.011"
"S0594","uses","T1071.001"
"S0037","uses","T1567.002"
"S0666","uses","T1543.003"
"G0067","uses","T1071.001"
"S0438","uses","T1573.001"
"M1032","mitigates","T1136.001"
"G1031","uses","T1497"
"S0386","uses","T1074.001"
"S0531","uses","T1539"
"S0659","uses","T1486"
"S0436","uses","T1105"
"S0278","uses","T1016"
"G1054","uses","T1087.002"
"S0439","uses","T1059.003"
"S0698","uses","T1553.002"
"M1017","mitigates","T1213.003"
"M1031","mitigates","T1568.002"
"G0040","uses","T1053.005"
"S0466","uses","T1106"
"S0013","uses","T1480.002"
"M1050","mitigates","T1189"
"G0092","uses","S0384"
"G0051","uses","S0363"
"G1017","uses","T1584.008"
"S1213","uses","T1113"
"S1039","uses","T1059.003"
"G0077","uses","T1588.002"
"T1546.016","subtechnique-of","T1546"
"S9003","uses","T1059.007"
"S0398","uses","T1055"
"G0121","uses","T1057"
"G0135","uses","S0647"
"G1034","uses","T1053.005"
"S1111","uses","T1480"
"S0386","uses","T1106"
"T1222.002","subtechnique-of","T1222"
"S0468","uses","T1105"
"G0069","uses","T1003.004"
"S1240","uses","T1685"
"M1027","mitigates","T1552.002"
"S0248","uses","T1053.005"
"S1130","uses","T1102"
"S0568","uses","T1547.001"
"M1042","mitigates","T1564.006"
"S1116","uses","T1554"
"S0082","uses","T1016"
"S0350","uses","T1021.002"
"G0050","uses","T1570"
"S0516","uses","T1057"
"S0019","uses","T1564.004"
"G1032","uses","T1566"
"G0050","uses","T1564.004"
"S0335","uses","T1102"
"S1146","uses","T1003"
"S0336","uses","T1125"
"S9026","uses","T1137.001"
"G1017","uses","T1056.001"
"S0586","uses","T1560"
"S0260","uses","T1070.004"
"G0082","uses","S0039"
"S0249","uses","T1685"
"S1171","uses","T1567"
"M1032","mitigates","T1669"
"S9016","uses","T1140"
"M1050","mitigates","T1218"
"G1001","uses","T1082"
"T1602.002","subtechnique-of","T1602"
"S1190","uses","T1218.011"
"G1055","uses","T1102"
"S1242","uses","T1071.002"
"G0046","uses","T1608.005"
"G0064","uses","T1560.001"
"M1040","mitigates","T1055.009"
"G0046","uses","T1033"
"S1042","uses","T1555.003"
"S0590","uses","T1016"
"S0379","uses","T1105"
"S0397","uses","T1112"
"S1029","uses","T1033"
"S0640","uses","T1140"
"G0007","uses","T1505.003"
"S0260","uses","T1008"
"G0139","uses","T1543.002"
"G0037","uses","T1059"
"G0046","uses","T1053.005"
"S1050","uses","T1113"
"S0669","uses","T1566.002"
"S0362","uses","T1133"
"S0279","uses","T1070.004"
"S0447","uses","T1555"
"S1087","uses","T1568.002"
"S0197","uses","T1027"
"S1217","uses","T1059.006"
"S0051","uses","T1102.001"
"S0167","uses","T1056.001"
"S1196","uses","T1027.002"
"S1198","uses","T1543.002"
"S0412","uses","T1021.005"
"G1034","uses","S1146"
"G0102","uses","T1047"
"S0013","uses","T1016"
"S0256","uses","T1218.011"
"S0611","uses","T1497.003"
"S9031","uses","T1204.002"
"S0519","uses","T1601.001"
"G0130","uses","T1056.001"
"S0229","uses","T1057"
"S0048","uses","T1083"
"G0143","uses","T1543.003"
"G0009","uses","T1057"
"G0049","uses","T1686.003"
"G1018","uses","T1105"
"S0139","uses","T1082"
"S0476","uses","T1564.004"
"M1028","mitigates","T1053.002"
"S1065","uses","T1055.012"
"S1155","uses","T1059.001"
"S1035","uses","T1059.003"
"G1039","uses","T1039"
"S1073","uses","T1489"
"S0466","uses","T1083"
"M1024","mitigates","T1556"
"S1090","uses","T1041"
"G0067","uses","T1027.003"
"G0094","uses","T1608.001"
"S0692","uses","T1115"
"S0381","uses","T1056.001"
"S0348","uses","T1059.003"
"G0125","uses","T1033"
"S0389","uses","T1547.001"
"S0593","uses","T1027"
"G0066","uses","T1566.002"
"S0428","uses","T1204.002"
"G0094","uses","T1105"
"G0082","uses","T1543.003"
"G1055","uses","T1059.001"
"S0484","uses","T1036.005"
"G0061","uses","S0097"
"S0502","uses","T1027"
"S0089","uses","T1685.005"
"S0688","uses","T1105"
"S0086","uses","T1105"
"S1230","uses","T1112"
"S0158","uses","T1112"
"S1052","uses","T1218.007"
"G0096","uses","S0190"
"S0344","uses","T1055.012"
"S0534","uses","T1135"
"S0659","uses","T1489"
"G1017","uses","T1036.005"
"S0447","uses","T1620"
"G1051","uses","T1027.010"
"G1051","uses","T1083"
"S1188","uses","T1041"
"S0283","uses","T1125"
"G0123","uses","T1595.003"
"G0034","uses","T1090"
"G0099","uses","T1204.002"
"S1020","uses","T1016"
"G0059","uses","S0357"
"S0568","uses","T1070"
"S0482","uses","T1059.004"
"S9019","uses","T1102"
"T1118","revoked-by","T1218.004"
"T1502","revoked-by","T1134.004"
"S0391","uses","T1027.013"
"G0096","uses","T1087.002"
"S1086","uses","T1059.005"
"G0016","uses","T1003.002"
"S0352","uses","T1070.004"
"G0030","uses","T1016"
"S0428","uses","T1571"
"S0372","uses","T1070.004"
"S0378","uses","T1049"
"G1022","uses","T1005"
"G0094","uses","T1587"
"G1009","uses","T1016"
"S0564","uses","T1059.003"
"M1056","mitigates","T1588.002"
"G0059","uses","T1591.001"
"S9010","uses","T1560.001"
"G0035","uses","T1584.004"
"S0438","uses","T1036.004"
"S0147","uses","T1106"
"S0266","uses","T1542.003"
"S1044","uses","T1074.001"
"G0010","uses","T1105"
"S1018","uses","T1016"
"S1229","uses","T1090"
"T1059.002","subtechnique-of","T1059"
"S0436","uses","T1095"
"S1186","uses","T1140"
"S0395","uses","T1029"
"G0037","uses","T1572"
"G1055","uses","T1047"
"M1055","mitigates","T1480"
"S0449","uses","T1036.004"
"S1141","uses","T1573.002"
"S0266","uses","T1185"
"S1160","uses","T1135"
"S1135","uses","T1529"
"S9026","uses","T1566.002"
"S1232","uses","T1106"
"S0268","uses","T1497"
"S0483","uses","T1482"
"G1018","uses","T1568"
"G0129","uses","T1593"
"S0627","uses","T1573.002"
"S1146","uses","T1555"
"S0412","uses","T1082"
"S1073","uses","T1082"
"G0004","uses","T1087.002"
"G0106","uses","T1014"
"G0046","uses","S0552"
"S0030","uses","T1071.001"
"T1588.005","subtechnique-of","T1588"
"S0341","uses","T1059.005"
"G0077","uses","T1003.001"
"S0159","uses","T1071.001"
"S0692","uses","T1070"
"G1024","uses","T1531"
"S0011","uses","T1059.003"
"S0615","uses","T1140"
"S1020","uses","T1132.001"
"G0019","uses","T1078.002"
"S1180","uses","T1012"
"S0435","uses","T1071.001"
"S0531","uses","T1105"
"G0035","uses","T1083"
"S0257","uses","T1071.001"
"S0670","uses","T1041"
"S0449","uses","T1614.001"
"G1034","uses","S0190"
"M1033","mitigates","T1204.005"
"G0129","uses","S1238"
"M1026","mitigates","T1552.002"
"S0332","uses","T1082"
"M1027","mitigates","T1550.003"
"M1052","mitigates","T1574"
"G0094","uses","T1567.002"
"S0379","uses","T1003"
"G0089","uses","T1027.002"
"S1183","uses","T1622"
"S9010","uses","T1071.001"
"S0472","uses","T1132.001"
"S0657","uses","T1105"
"S0250","uses","T1055.001"
"S0113","uses","T1218.011"
"S0194","uses","T1552.002"
"G0032","uses","S0181"
"S0331","uses","T1203"
"S0435","uses","T1059.003"
"S0010","uses","T1573.001"
"G0060","uses","T1036.005"
"S0126","uses","T1573.002"
"S0554","uses","T1218.011"
"G0010","uses","T1555.004"
"G0129","uses","T1204.001"
"S0678","uses","T1041"
"M1051","mitigates","T1602.001"
"G1037","uses","S0650"
"G1003","uses","T1583"
"S0367","uses","T1204.002"
"S0528","uses","T1027.001"
"M1018","mitigates","T1556.006"
"M1060","mitigates","T1114.001"
"G1048","uses","S1218"
"S1248","uses","T1140"
"G1017","uses","T1036.008"
"S0484","uses","T1014"
"S0363","uses","T1113"
"G0067","uses","S0215"
"S1063","uses","T1569.002"
"G0040","uses","T1132.001"
"S0455","uses","T1204.002"
"M1038","mitigates","T1218.004"
"G0087","uses","S0459"
"M1030","mitigates","T1098"
"G0021","uses","T1204.001"
"G0027","uses","T1567.002"
"S1213","uses","T1555.003"
"G0094","uses","T1598"
"G0027","uses","T1003.001"
"G0094","uses","T1684.001"
"S9024","uses","T1678"
"S1019","uses","T1082"
"T1101","revoked-by","T1547.005"
"S1022","uses","T1003.004"
"S0201","uses","T1069.001"
"G0033","uses","T1049"
"S1203","uses","T1070.003"
"G0001","uses","T1560"
"S0352","uses","T1016"
"S0374","uses","T1059.006"
"G0102","uses","S9001"
"G1044","uses","T1518.001"
"S1042","uses","T1041"
"S0625","uses","T1486"
"G1048","uses","T1554"
"S9010","uses","T1543.001"
"S0338","uses","T1547.001"
"S0270","uses","T1105"
"S0445","uses","T1518"
"S1034","uses","T1106"
"S0046","uses","T1071.001"
"G0099","uses","T1683.001"
"S0633","uses","T1055"
"S0019","uses","T1564.005"
"S0493","uses","T1571"
"S0025","uses","T1102.002"
"M1032","mitigates","T1556.003"
"T1218.014","subtechnique-of","T1218"
"S0612","uses","T1564.001"
"S0446","uses","T1021.002"
"S0356","uses","T1016"
"M1038","mitigates","T1204"
"G1015","uses","T1087.002"
"G1035","uses","T1071.001"
"S1078","uses","T1546.004"
"S9036","uses","T1106"
"G0007","uses","T1584.008"
"G0061","uses","S1081"
"S0534","uses","T1055"
"G0047","uses","T1027.004"
"S0347","uses","T1083"
"S0265","uses","T1105"
"S9009","uses","T1619"
"S0012","uses","T1547.001"
"S0587","uses","T1059.004"
"S0244","uses","T1119"
"S0349","uses","T1552.001"
"S1160","uses","T1057"
"S0534","uses","T1197"
"S0022","uses","T1027.002"
"S0659","uses","T1083"
"S0282","uses","T1543.001"
"S0691","uses","T1105"
"S0630","uses","T1680"
"S0055","uses","T1055.001"
"G1041","uses","T1074.002"
"G0096","uses","S0013"
"G1051","uses","T1112"
"S0607","uses","T1680"
"G1035","uses","T1056.003"
"T1183","revoked-by","T1546.012"
"G0007","uses","T1550.002"
"M1038","mitigates","T1574.001"
"S0492","uses","T1048.003"
"G0140","uses","S0332"
"M1051","mitigates","T1068"
"T1583.001","subtechnique-of","T1583"
"S0484","uses","T1056.004"
"M1018","mitigates","T1530"
"G0128","uses","T1584.008"
"T1184","revoked-by","T1563.001"
"S1228","uses","T1033"
"S0154","uses","T1005"
"T1021.006","subtechnique-of","T1021"
"G0090","uses","S0679"
"S1018","uses","T1548.002"
"G1030","uses","T1018"
"S1229","uses","T1559"
"S1155","uses","T1571"
"S1100","uses","T1095"
"G0134","uses","T1568"
"G0069","uses","T1566.001"
"S0409","uses","T1070.004"
"G1036","uses","T1140"
"S1026","uses","T1140"
"S1049","uses","T1571"
"G0034","uses","T1203"
"S0633","uses","T1083"
"S1034","uses","T1573.001"
"S0233","uses","T1082"
"G1040","uses","T1048"
"G0094","uses","S0111"
"G0032","uses","T1098"
"S1152","uses","T1543"
"S0468","uses","T1027.013"
"S1115","uses","T1140"
"S0650","uses","T1027.001"
"G0112","uses","T1204.001"
"S0046","uses","T1102.002"
"S0013","uses","T1564.001"
"S0677","uses","T1649"
"S0248","uses","T1102.002"
"S0056","uses","T1110.002"
"M1049","mitigates","T1221"
"S1141","uses","T1104"
"S1239","uses","T1497.002"
"S0368","uses","T1569.002"
"G0009","uses","S0080"
"S0661","uses","T1140"
"S1111","uses","T1548.002"
"G0016","uses","T1588.002"
"S0603","uses","T1070.006"
"S0651","uses","T1105"
"G0037","uses","T1213.006"
"S0606","uses","T1495"
"G0094","uses","T1553.002"
"S0453","uses","T1036"
"G0007","uses","T1037.001"
"S0683","uses","T1550.001"
"S0640","uses","T1489"
"M1021","mitigates","T1566.002"
"G1052","uses","T1059.004"
"S0599","uses","T1059.004"
"G0092","uses","S0266"
"S0434","uses","T1140"
"G0045","uses","T1566.001"
"S0458","uses","T1106"
"S1111","uses","T1622"
"S1219","uses","T1205.001"
"S9020","uses","T1074.001"
"G1051","uses","T1588.002"
"M1047","mitigates","T1564.006"
"S1130","uses","T1480"
"S0433","uses","T1027.001"
"S0373","uses","T1027.013"
"S1149","uses","T1105"
"G0096","uses","T1555.003"
"S0484","uses","T1547.001"
"S0496","uses","T1059.001"
"G0026","uses","T1027.013"
"S0532","uses","T1057"
"G0070","uses","T1071.001"
"S1185","uses","T1057"
"S0504","uses","T1082"
"S1247","uses","T1688"
"G1054","uses","T1614.001"
"S0229","uses","T1082"
"G0065","uses","T1047"
"S0533","uses","T1071.001"
"T1567.001","subtechnique-of","T1567"
"G0035","uses","T1136.001"
"S0035","uses","T1560.003"
"S0148","uses","T1056.001"
"S1026","uses","T1204.002"
"S1162","uses","T1486"
"G0114","uses","T1569.002"
"S0401","uses","T1033"
"G0099","uses","T1027.016"
"S0547","uses","T1059.003"
"G0080","uses","T1195.002"
"G0007","uses","S0023"
"G1012","uses","T1204.002"
"S1025","uses","T1518.001"
"S0495","uses","T1036.004"
"G0112","uses","T1566.003"
"S0275","uses","T1124"
"G0032","uses","T1564.001"
"S0627","uses","T1497.003"
"G1014","uses","T1091"
"S1240","uses","T1033"
"G0007","uses","T1588.002"
"M1056","mitigates","T1584.001"
"G1030","uses","S0002"
"S9014","uses","T1140"
"S1028","uses","T1047"
"S1090","uses","T1036.005"
"S0215","uses","T1189"
"G0094","uses","T1036.004"
"S1245","uses","T1056"
"S0187","uses","T1105"
"S0650","uses","T1543.003"
"M1056","mitigates","T1595.003"
"G0143","uses","T1550.002"
"G1006","uses","T1059.005"
"G1018","uses","T1036.005"
"G0075","uses","T1059.005"
"S1030","uses","T1041"
"M1017","mitigates","T1552"
"G0092","uses","T1553.005"
"S0253","uses","T1685"
"S9025","uses","T1127.001"
"G0096","uses","S0357"
"G1015","uses","T1484.002"
"S0347","uses","T1090"
"G0065","uses","S0005"
"M1051","mitigates","T1555.005"
"G1009","uses","T1087.001"
"M1054","mitigates","T1539"
"S0378","uses","T1068"
"S1132","uses","T1057"
"M1047","mitigates","T1686"
"S0589","uses","T1053.005"
"S0154","uses","T1055.001"
"S1051","uses","T1027.013"
"S0631","uses","T1106"
"S1203","uses","T1095"
"S1043","uses","T1048.003"
"S0365","uses","T1489"
"S1145","uses","T1059.003"
"G0124","uses","T1005"
"G1021","uses","S0664"
"S0125","uses","T1049"
"S0251","uses","T1105"
"S0483","uses","T1218.007"
"S1017","uses","T1204.001"
"S9008","uses","T1678"
"S0233","uses","T1070.004"
"M1040","mitigates","T1027.010"
"S0433","uses","T1016"
"M1045","mitigates","T1525"
"S9035","uses","T1033"
"S0650","uses","T1568.002"
"S0139","uses","T1083"
"S9031","uses","T1082"
"S0601","uses","T1071"
"G0125","uses","T1213.002"
"M1017","mitigates","T1213.006"
"G1002","uses","T1568"
"T1547.007","subtechnique-of","T1547"
"S0532","uses","T1547.001"
"S0504","uses","T1053.005"
"S0349","uses","T1555.004"
"S1155","uses","T1047"
"S0632","uses","T1547.001"
"S0632","uses","T1059.003"
"S1109","uses","T1003.007"
"M1018","mitigates","T1036"
"G1055","uses","T1484.001"
"S0023","uses","T1090.001"
"S1022","uses","T1036.005"
"G0064","uses","S0129"
"G0047","uses","T1105"
"M1021","mitigates","T1528"
"G0130","uses","T1566.003"
"S1113","uses","T1140"
"G1011","uses","T1566.003"
"G0084","uses","T1204.002"
"S0599","uses","T1552.004"
"G0087","uses","T1547.009"
"S1101","uses","T1560"
"S0502","uses","T1070.004"
"G1018","uses","T1518.001"
"G0082","uses","T1548.002"
"M1045","mitigates","T1059.002"
"S0632","uses","T1053.005"
"S9032","uses","T1105"
"S1210","uses","T1071.001"
"S0363","uses","T1046"
"G0069","uses","T1583.001"
"G0030","uses","T1543.003"
"S0475","uses","T1083"
"S0170","uses","T1553.002"
"S0070","uses","T1547.001"
"M1046","mitigates","T1542.003"
"M1051","mitigates","T1495"
"S0608","uses","T1543.003"
"S0670","uses","T1555.003"
"S0069","uses","T1104"
"S0483","uses","T1189"
"S1068","uses","T1018"
"S0663","uses","T1033"
"S0476","uses","T1027"
"S0094","uses","T1010"
"T1081","revoked-by","T1552.001"
"S0042","uses","T1105"
"S9036","uses","T1056.002"
"S0665","uses","T1547.001"
"S0220","uses","T1573.001"
"S0226","uses","T1114.001"
"S0239","uses","T1083"
"S0543","uses","T1027.002"
"G1001","uses","T1583.001"
"S0396","uses","T1071.001"
"G1048","uses","S1224"
"G0067","uses","S0218"
"G0065","uses","T1021.004"
"S0636","uses","T1480"
"G0032","uses","S0366"
"G0139","uses","T1136.001"
"S0148","uses","T1568"
"S0487","uses","T1105"
"M1040","mitigates","T1055.012"
"G1030","uses","T1685"
"S9015","uses","T1036.005"
"S0699","uses","T1090.002"
"S1202","uses","T1480.002"
"M1026","mitigates","T1098.003"
"S0428","uses","T1112"
"S1156","uses","T1555"
"M1030","mitigates","T1136"
"G0102","uses","T1588.002"
"S0678","uses","T1132.001"
"G1017","uses","T1059.003"
"S0603","uses","T1129"
"S1201","uses","T1071.001"
"S0371","uses","T1573.001"
"S0050","uses","T1003.004"
"M1050","mitigates","T1210"
"S0244","uses","T1518.001"
"S1031","uses","T1083"
"S0456","uses","T1140"
"S0454","uses","T1056.001"
"S0239","uses","T1070.006"
"S0631","uses","T1218.004"
"S1183","uses","T1027"
"G1018","uses","T1053.005"
"S0244","uses","T1059.003"
"S0201","uses","T1016"
"M1018","mitigates","T1610"
"S1043","uses","T1074.002"
"M1037","mitigates","T1557.003"
"G1015","uses","T1087"
"S0396","uses","T1047"
"G1053","uses","T1484.001"
"S0074","uses","T1027.013"
"M1050","mitigates","T1068"
"S0632","uses","T1005"
"S0660","uses","T1497.003"
"S1025","uses","T1106"
"M1032","mitigates","T1556"
"S0409","uses","T1057"
"G0094","uses","T1115"
"S0625","uses","T1135"
"S1133","uses","T1057"
"S0065","uses","T1083"
"S1050","uses","T1016"
"S0596","uses","T1140"
"M1025","mitigates","T1547.008"
"S0600","uses","T1568.002"
"G0035","uses","T1221"
"S1096","uses","T1489"
"S9035","uses","T1132"
"G0117","uses","T1136.001"
"G0049","uses","T1059.003"
"G0139","uses","T1007"
"M1049","mitigates","T1566.001"
"T1564.003","subtechnique-of","T1564"
"M1038","mitigates","T1204.004"
"S0496","uses","T1573.002"
"G1034","uses","T1071.001"
"S9002","uses","T1561.002"
"S1070","uses","T1553.002"
"G0027","uses","T1059.003"
"S0194","uses","T1027.005"
"S0623","uses","T1190"
"S0534","uses","T1059.003"
"S0344","uses","T1012"
"S0670","uses","T1548.002"
"S1162","uses","T1490"
"G0094","uses","T1559.001"
"S0588","uses","T1564.011"
"S0168","uses","T1573.002"
"G0094","uses","T1102.002"
"S0501","uses","T1082"
"S0438","uses","T1497.001"
"S0029","uses","T1021.002"
"S1111","uses","T1685"
"S0140","uses","T1082"
"S1122","uses","T1113"
"S0672","uses","T1027.013"
"G0093","uses","T1053.005"
"S0528","uses","T1566.002"
"G0032","uses","T1485"
"S0065","uses","T1082"
"G1054","uses","S0359"
"S0201","uses","T1057"
"G0065","uses","T1105"
"S1190","uses","T1036.008"
"S0020","uses","T1071.001"
"S1063","uses","T1059.003"
"S1114","uses","T1205"
"S0521","uses","T1560"
"T1574.010","subtechnique-of","T1574"
"G0129","uses","T1046"
"G1019","uses","T1059.001"
"S1116","uses","T1048.003"
"G0016","uses","S0512"
"G0106","uses","T1027"
"S0692","uses","T1003.001"
"S0512","uses","T1071.001"
"S0612","uses","T1490"
"S0181","uses","T1083"
"S0666","uses","T1070.004"
"S0438","uses","T1090.003"
"G0019","uses","T1018"
"S1224","uses","T1105"
"G1055","uses","T1564.003"
"M1049","mitigates","T1027.014"
"M1018","mitigates","T1197"
"G0075","uses","S0075"
"S0237","uses","T1049"
"S0087","uses","T1071.001"
"S1196","uses","T1016"
"S0067","uses","T1071.001"
"G0012","uses","T1080"
"S1111","uses","T1486"
"G0047","uses","T1021.005"
"M1022","mitigates","T1037.005"
"S0356","uses","T1048.003"
"G0059","uses","S0097"
"S0652","uses","T1083"
"S0461","uses","T1055.001"
"S1076","uses","T1140"
"S0015","uses","T1071.001"
"G1020","uses","T1608.001"
"S0342","uses","T1543.003"
"M1051","mitigates","T1110.001"
"S1200","uses","T1559"
"S0044","uses","T1132.001"
"G0016","uses","T1090.004"
"S1135","uses","T1070"
"S0347","uses","T1070.004"
"G0007","uses","T1564.003"
"G0049","uses","T1021.001"
"S1229","uses","T1573.001"
"S9013","uses","T1222.002"
"G0064","uses","S0378"
"S0660","uses","T1012"
"G0131","uses","T1059.006"
"S0012","uses","T1027"
"S0556","uses","T1573.002"
"T1037.001","subtechnique-of","T1037"
"S0634","uses","T1480"
"M1018","mitigates","T1537"
"S1043","uses","T1560.001"
"S1058","uses","T1489"
"S0249","uses","T1070.004"
"S1201","uses","T1555.003"
"S1212","uses","T1547.001"
"G0009","uses","T1018"
"G0040","uses","T1055.012"
"S1039","uses","T1497.001"
"G0040","uses","T1021.001"
"S0104","uses","T1049"
"S0386","uses","T1497.003"
"S0567","uses","T1574"
"G1052","uses","T1587.001"
"S0271","uses","T1059.003"
"G0081","uses","T1204.002"
"M1024","mitigates","T1686"
"S0188","uses","T1140"
"S0128","uses","T1574.001"
"S1122","uses","T1218.007"
"S0531","uses","T1573.002"
"S0171","uses","T1036.005"
"G0060","uses","S0002"
"G1035","uses","T1033"
"T1090.001","subtechnique-of","T1090"
"S0170","uses","T1027.013"
"M1033","mitigates","T1195.001"
"G1017","uses","T1190"
"S0045","uses","T1547.001"
"G0065","uses","T1547.001"
"S0250","uses","T1218.010"
"S9037","uses","T1082"
"S1115","uses","T1505.003"
"S0089","uses","T1553.006"
"S0143","uses","T1011.001"
"G0070","uses","T1204.002"
"G0096","uses","T1036.005"
"G1055","uses","T1583.001"
"S1249","uses","T1056.001"
"S1081","uses","T1057"
"M1040","mitigates","T1047"
"S0556","uses","T1489"
"G0128","uses","T1555.003"
"T1055.009","subtechnique-of","T1055"
"G1007","uses","T1570"
"S1184","uses","T1564.011"
"S9034","uses","T1614"
"M1047","mitigates","T1686.002"
"S0565","uses","T1036"
"S0062","uses","T1071.001"
"T1055.015","subtechnique-of","T1055"
"G0028","uses","T1059.003"
"S0252","uses","T1048.003"
"G0008","uses","T1036.004"
"G0091","uses","T1055"
"G0006","uses","T1003.001"
"S0559","uses","T1573.001"
"S0334","uses","T1115"
"S0567","uses","T1056.001"
"G0047","uses","T1027.016"
"S0594","uses","T1027"
"G1045","uses","T1572"
"S0434","uses","T1056.001"
"S0518","uses","T1105"
"S1125","uses","T1485"
"S0235","uses","T1113"
"G1014","uses","T1041"
"G0117","uses","T1560.001"
"S0370","uses","T1027.013"
"S0666","uses","T1620"
"G0094","uses","T1489"
"G0098","uses","S0437"
"G1014","uses","T1608.004"
"G0129","uses","T1140"
"S0356","uses","T1049"
"S0241","uses","T1033"
"G0117","uses","T1027.010"
"G1018","uses","T1027.002"
"S0113","uses","T1027.013"
"S0113","uses","T1113"
"S0354","uses","T1082"
"S1042","uses","T1036.004"
"S9010","uses","T1090.001"
"S0070","uses","T1027"
"S0130","uses","T1091"
"S1118","uses","T1205"
"S0091","uses","T1083"
"S0166","uses","T1569.002"
"G1039","uses","T1080"
"T1547.004","subtechnique-of","T1547"
"S1186","uses","T1690"
"G0052","uses","T1560.003"
"M1033","mitigates","T1059"
"T1562.003","revoked-by","T1690"
"S0660","uses","T1083"
"S0409","uses","T1125"
"S0356","uses","T1555.003"
"S0603","uses","T1047"
"G0106","uses","T1102"
"M1056","mitigates","T1683"
"S0198","uses","T1027.002"
"S0458","uses","T1014"
"S1122","uses","T1614.001"
"S0428","uses","T1566.001"
"S1147","uses","T1057"
"S0436","uses","T1071.001"
"S0228","uses","T1027.013"
"M1051","mitigates","T1555"
"G0127","uses","T1589.002"
"G0034","uses","T1041"
"M1054","mitigates","T1553.004"
"G1044","uses","T1036.005"
"S1227","uses","T1574.001"
"S0456","uses","T1025"
"G1030","uses","T1046"
"S1185","uses","T1480"
"G1006","uses","T1189"
"S0114","uses","T1564.005"
"G0105","uses","S0191"
"S0472","uses","T1083"
"S0373","uses","T1115"
"S1090","uses","T1005"
"S0698","uses","T1569.002"
"G0096","uses","T1543.003"
"S1068","uses","T1486"
"S0663","uses","T1057"
"S0373","uses","T1082"
"G1015","uses","T1564.008"
"S1111","uses","T1566.002"
"G1054","uses","T1591"
"S0409","uses","T1027.002"
"S0438","uses","T1037.001"
"G0047","uses","T1218.011"
"S0261","uses","T1056.001"
"G1017","uses","T1555"
"S1227","uses","T1059"
"S0622","uses","T1027.002"
"T1565.002","subtechnique-of","T1565"
"G1055","uses","T1123"
"G0019","uses","S0097"
"G0016","uses","T1528"
"G0134","uses","T1584.001"
"S1058","uses","T1486"
"S0200","uses","T1105"
"S0194","uses","T1123"
"G1016","uses","T1046"
"G0087","uses","S0375"
"S0673","uses","T1027.015"
"S0697","uses","T1134"
"S1199","uses","T1059.003"
"S0482","uses","T1564"
"S0662","uses","T1057"
"S1016","uses","T1553.002"
"G0120","uses","T1219.002"
"G0139","uses","T1049"
"S1193","uses","T1105"
"G1039","uses","T1204.002"
"S1170","uses","T1567.002"
"S1141","uses","T1560.002"
"S9024","uses","T1505.003"
"G1046","uses","T1036.005"
"M1026","mitigates","T1222.001"
"S0436","uses","T1055"
"S0170","uses","T1547.001"
"S0081","uses","T1007"
"S1059","uses","T1027.013"
"S0650","uses","T1685"
"G0019","uses","T1547.001"
"G0089","uses","T1518.001"
"S0045","uses","T1560"
"S0228","uses","T1059.007"
"S0180","uses","T1012"
"S1153","uses","T1569.001"
"S0530","uses","T1059.010"
"S0661","uses","T1560.003"
"S0154","uses","T1056.001"
"S0346","uses","T1016"
"S0439","uses","T1497.003"
"S0531","uses","T1102.001"
"G0114","uses","T1041"
"S0630","uses","T1005"
"S0266","uses","T1106"
"G0053","uses","T1074.001"
"S0634","uses","T1204.002"
"S0182","uses","T1497.001"
"S1149","uses","T1120"
"S1219","uses","T1546.017"
"S0094","uses","T1027"
"S0436","uses","T1140"
"S0367","uses","T1134.001"
"S1232","uses","T1574.001"
"S0446","uses","T1083"
"M1034","mitigates","T1674"
"S1168","uses","T1680"
"S0395","uses","T1020"
"S0196","uses","T1087.001"
"G1053","uses","S0154"
"S0387","uses","T1543.003"
"G0125","uses","T1068"
"S0283","uses","T1059.003"
"S0043","uses","T1071.001"
"S0356","uses","T1005"
"S1183","uses","T1553.002"
"S1143","uses","T1016"
"T1031","revoked-by","T1543.003"
"S0666","uses","T1547.012"
"M1015","mitigates","T1552"
"S9031","uses","T1102"
"S1244","uses","T1027.013"
"S1090","uses","T1106"
"S1066","uses","T1547.001"
"S0284","uses","T1573.001"
"S0125","uses","T1070.004"
"S0650","uses","T1083"
"S1146","uses","T1087.001"
"G0094","uses","T1217"
"G0102","uses","T1543.003"
"G0059","uses","T1071"
"G1046","uses","S0154"
"G0007","uses","T1090.003"
"S0018","uses","T1111"
"S1200","uses","T1070.004"
"S0218","uses","T1102.002"
"S1060","uses","T1133"
"S0697","uses","T1484.001"
"G1004","uses","T1213.003"
"S0381","uses","T1033"
"S0062","uses","T1518"
"G0079","uses","T1204.002"
"S1187","uses","T1059.006"
"S0148","uses","T1566.001"
"S0136","uses","T1052.001"
"G0069","uses","S9036"
"G0032","uses","T1591"
"S1020","uses","T1082"
"T1493","revoked-by","T1565.002"
"G0094","uses","T1204.001"
"S1145","uses","T1482"
"G1030","uses","T1078.002"
"G1048","uses","S1223"
"G0102","uses","T1021.002"
"G1006","uses","T1018"
"G0138","uses","T1049"
"T1218.008","subtechnique-of","T1218"
"T1597.002","subtechnique-of","T1597"
"G1026","uses","T1555.003"
"S0385","uses","T1012"
"S0428","uses","T1083"
"S0689","uses","T1083"
"T1059.003","subtechnique-of","T1059"
"S0412","uses","T1090"
"M1051","mitigates","T1611"
"M1032","mitigates","T1213"
"S0476","uses","T1218.010"
"S0033","uses","T1056.001"
"S0236","uses","T1135"
"S0643","uses","T1105"
"G0093","uses","T1027"
"G0027","uses","T1555.005"
"S0106","uses","T1083"
"S0258","uses","T1505.004"
"S0484","uses","T1497"
"G0032","uses","T1106"
"S0106","uses","T1105"
"S0082","uses","T1059.003"
"S0605","uses","T1057"
"S0257","uses","T1123"
"S0009","uses","T1573.001"
"T1128","revoked-by","T1546.007"
"S0198","uses","T1573.001"
"S1172","uses","T1082"
"S9033","uses","T1134.001"
"S1239","uses","T1057"
"G0012","uses","T1082"
"T1686.003","subtechnique-of","T1686"
"T1590.001","subtechnique-of","T1590"
"S0601","uses","T1552.004"
"G0102","uses","T1074"
"G0016","uses","T1568"
"S0089","uses","T1057"
"M1017","mitigates","T1036"
"S1030","uses","T1566.002"
"S0496","uses","T1055"
"S0695","uses","T1055"
"M1022","mitigates","T1053.006"
"S1170","uses","T1102.002"
"T1090.003","subtechnique-of","T1090"
"G0065","uses","T1027.013"
"S1081","uses","T1082"
"G1048","uses","T1068"
"M1038","mitigates","T1129"
"S0496","uses","T1036.005"
"G0037","uses","T1027.010"
"S0496","uses","T1112"
"S0661","uses","T1041"
"G1001","uses","S0190"
"G0032","uses","T1078"
"G0035","uses","S0039"
"S0458","uses","T1046"
"G0134","uses","S0385"
"S0575","uses","T1140"
"S0260","uses","T1559.001"
"G1046","uses","T1588.002"
"S0650","uses","T1547.001"
"G0007","uses","T1567"
"S0502","uses","T1547.006"
"G0129","uses","T1049"
"G1001","uses","T1110"
"G1043","uses","T1036.008"
"G0034","uses","T1053.005"
"S1190","uses","T1082"
"G0045","uses","T1105"
"S0223","uses","T1036.004"
"S0534","uses","T1059.001"
"G0096","uses","T1071.002"
"G0009","uses","S0097"
"T1027.012","subtechnique-of","T1027"
"T1090.004","subtechnique-of","T1090"
"M1045","mitigates","T1059"
"S0683","uses","T1530"
"T1485.001","subtechnique-of","T1485"
"S0060","uses","T1069.001"
"S0373","uses","T1497.001"
"S1153","uses","T1518"
"S0410","uses","T1036.004"
"S9039","uses","T1679"
"S0008","uses","T1003.004"
"S0154","uses","T1197"
"S0132","uses","T1490"
"G0006","uses","S0029"
"M1047","mitigates","T1574.009"
"S1066","uses","T1547.004"
"G1048","uses","T1673"
"S1064","uses","T1053.005"
"S0223","uses","T1087.001"
"S0252","uses","T1057"
"G0066","uses","S0204"
"G0082","uses","T1189"
"G1048","uses","T1564.011"
"S0194","uses","T1047"
"M1033","mitigates","T1564"
"S1246","uses","T1654"
"G0129","uses","T1059.005"
"S0652","uses","T1106"
"S0629","uses","T1105"
"M1027","mitigates","T1552.004"
"T1027.017","subtechnique-of","T1027"
"S1212","uses","T1059.003"
"T1672","revoked-by","T1684.002"
"G0007","uses","T1056.001"
"S0258","uses","T1059.003"
"G1043","uses","T1053.005"
"S9039","uses","T1685"
"G0091","uses","T1547.001"
"S0081","uses","T1543.003"
"G0016","uses","T1068"
"G0069","uses","T1590.004"
"S9023","uses","T1571"
"S1138","uses","T1584.001"
"S0448","uses","T1033"
"G1047","uses","T1132"
"S1151","uses","T1068"
"M1020","mitigates","T1090.004"
"S0066","uses","T1071.001"
"S1060","uses","T1685.005"
"M1038","mitigates","T1218.009"
"S0564","uses","T1071.001"
"S0345","uses","T1083"
"M1056","mitigates","T1584.007"
"T1548.001","subtechnique-of","T1548"
"S0236","uses","T1140"
"S0024","uses","T1074.001"
"G0060","uses","T1113"
"S0531","uses","T1036.005"
"S0170","uses","T1573.001"
"S0192","uses","T1573.002"
"S0017","uses","T1113"
"S1185","uses","T1555.001"
"G0079","uses","T1187"
"S0559","uses","T1132.001"
"S0038","uses","T1087.001"
"G0016","uses","S0150"
"M1022","mitigates","T1218.002"
"G0049","uses","T1505.003"
"S1249","uses","T1105"
"G1006","uses","T1584.006"
"S1032","uses","T1059.006"
"S9003","uses","T1497.003"
"S0379","uses","T1125"
"M1052","mitigates","T1550.002"
"S0470","uses","T1055"
"G0059","uses","T1071.001"
"S0457","uses","T1570"
"G0102","uses","T1078.002"
"G1016","uses","T1505.003"
"G0095","uses","T1566.002"
"S0666","uses","T1547.001"
"S0240","uses","T1012"
"G0065","uses","T1589.001"
"S0031","uses","T1112"
"G1051","uses","T1087.001"
"S0641","uses","T1059.004"
"G0009","uses","S0039"
"S0140","uses","T1012"
"S9029","uses","T1082"
"S0517","uses","T1055.004"
"S0662","uses","T1218.007"
"T1218.015","subtechnique-of","T1218"
"S0534","uses","T1027.013"
"S0673","uses","T1112"
"G1033","uses","T1583.001"
"G0010","uses","T1090"
"G0084","uses","T1027"
"M1060","mitigates","T1213"
"S0194","uses","T1574.009"
"G0107","uses","T1574.001"
"S0629","uses","T1140"
"S0059","uses","T1082"
"G1003","uses","T1560"
"S0455","uses","T1055.001"
"S1130","uses","T1547.001"
"S0144","uses","T1547.001"
"G0027","uses","S0039"
"S0176","uses","T1070.004"
"S0643","uses","T1071.001"
"S0409","uses","T1053.005"
"S0531","uses","T1112"
"S0513","uses","T1027.003"
"G0049","uses","T1587.001"
"S0488","uses","T1049"
"S0049","uses","T1087.001"
"G0073","uses","T1564.003"
"G0019","uses","T1518.001"
"S0048","uses","T1003"
"G0052","uses","T1560.001"
"S0348","uses","T1105"
"G1043","uses","T1134.003"
"S0670","uses","T1005"
"S1018","uses","T1027"
"S0011","uses","T1112"
"S0567","uses","T1547"
"S0650","uses","T1027.011"
"G0096","uses","T1018"
"S1031","uses","T1005"
"S9023","uses","T1573.002"
"S0622","uses","T1016"
"S0013","uses","T1095"
"S9001","uses","T1105"
"S1052","uses","T1082"
"S0018","uses","T1087.002"
"M1015","mitigates","T1134.005"
"S0668","uses","T1569.002"
"G0035","uses","T1203"
"S0341","uses","T1218.005"
"G1001","uses","T1053.005"
"S0275","uses","T1033"
"S0262","uses","T1056.001"
"M1049","mitigates","T1027.009"
"S1068","uses","T1489"
"S0482","uses","T1189"
"S0594","uses","T1059.003"
"S1052","uses","T1027.009"
"S0439","uses","T1543.003"
"S0650","uses","T1036.008"
"S1060","uses","T1132.001"
"S0670","uses","T1105"
"S0434","uses","T1070.004"
"S0603","uses","T1112"
"S0004","uses","T1685"
"G0140","uses","T1204.001"
"G0142","uses","T1204.001"
"G0046","uses","T1021.005"
"S1202","uses","T1027.013"
"G1031","uses","T1059.003"
"G0049","uses","T1608.001"
"G0082","uses","T1083"
"S1130","uses","T1559"
"T1600.002","subtechnique-of","T1600"
"G0060","uses","T1036"
"S0622","uses","T1036"
"S0518","uses","T1218.011"
"S0414","uses","T1012"
"S1239","uses","T1082"
"S1242","uses","T1087.001"
"G1055","uses","T1190"
"G1007","uses","T1091"
"S0659","uses","T1071.001"
"G0119","uses","T1036.005"
"G0092","uses","T1218.007"
"S0449","uses","T1049"
"S0262","uses","T1573.001"
"G0129","uses","T1219.001"
"G1023","uses","S0012"
"G1048","uses","T1587.001"
"S0652","uses","T1105"
"M1037","mitigates","T1498.002"
"M1018","mitigates","T1556.009"
"S0221","uses","T1059.003"
"S0187","uses","T1027.002"
"S1043","uses","T1059.003"
"S0400","uses","T1490"
"S9026","uses","T1204.002"
"S0351","uses","T1680"
"G0138","uses","T1203"
"S1070","uses","T1497"
"G0037","uses","S0632"
"S0125","uses","T1056.001"
"S0668","uses","T1112"
"G0052","uses","T1059.001"
"S0650","uses","T1135"
"S1161","uses","T1036.011"
"S9015","uses","T1071.001"
"S1042","uses","T1518"
"S0336","uses","T1027"
"G0129","uses","T1567.002"
"S0219","uses","T1033"
"S9008","uses","T1677"
"S0451","uses","T1027.013"
"T1218.012","subtechnique-of","T1218"
"G1017","uses","T1074"
"G1018","uses","T1082"
"S0023","uses","T1059"
"S0215","uses","T1105"
"S0141","uses","T1090.002"
"T1553.005","subtechnique-of","T1553"
"S1016","uses","T1113"
"S0168","uses","T1547.001"
"M1042","mitigates","T1557.001"
"S0275","uses","T1059.003"
"S0430","uses","T1071.001"
"G0093","uses","T1553.002"
"S0331","uses","T1016"
"G0142","uses","T1567.002"
"G0021","uses","T1105"
"S1160","uses","T1033"
"S0649","uses","T1564.002"
"G1046","uses","S1209"
"S0534","uses","T1518.001"
"S1029","uses","T1095"
"S1244","uses","T1679"
"S0019","uses","T1071.001"
"S0242","uses","T1033"
"S0256","uses","T1070.004"
"G0096","uses","T1027.002"
"S0588","uses","T1124"
"G0049","uses","T1036"
"S1035","uses","T1105"
"M1017","mitigates","T1213"
"M1029","mitigates","T1070.007"
"G0114","uses","T1078"
"S0349","uses","T1003.004"
"S1105","uses","T1095"
"G0129","uses","T1053.005"
"S0181","uses","T1070.006"
"S0385","uses","T1120"
"S0241","uses","T1049"
"G0004","uses","S0096"
"S0013","uses","T1204.002"
"S9027","uses","T1106"
"G1044","uses","T1070"
"M1031","mitigates","T1102"
"S0410","uses","T1057"
"S1065","uses","T1082"
"S0013","uses","T1680"
"S0595","uses","T1071.001"
"G0078","uses","T1106"
"G0050","uses","T1552.002"
"S0671","uses","T1071.001"
"S9021","uses","T1027.013"
"S0512","uses","T1497.003"
"S0483","uses","T1048.002"
"S0088","uses","T1059.003"
"S0598","uses","T1222.002"
"G0046","uses","T1036.005"
"S0590","uses","T1040"
"G0125","uses","T1584.005"
"S1242","uses","T1489"
"S0608","uses","T1124"
"S0125","uses","T1057"
"G1005","uses","T1567.002"
"S0369","uses","T1564.001"
"S1105","uses","T1057"
"G0087","uses","T1135"
"G0076","uses","S0029"
"G0049","uses","T1219"
"M1040","mitigates","T1059.007"
"G0081","uses","T1573"
"S9031","uses","T1071.001"
"S0367","uses","T1078.003"
"G0007","uses","T1083"
"S0255","uses","T1140"
"S1111","uses","T1614"
"T1564.011","subtechnique-of","T1564"
"S0584","uses","T1566.002"
"S9020","uses","T1573.001"
"G1017","uses","S0645"
"S0271","uses","T1083"
"S1240","uses","T1518.001"
"S0331","uses","T1218.009"
"S0334","uses","T1125"
"G0027","uses","T1566.001"
"G0027","uses","S0096"
"S1159","uses","T1056.001"
"S0385","uses","T1125"
"S0484","uses","T1041"
"S0257","uses","T1070.004"
"G0034","uses","S0002"
"S0165","uses","T1087.001"
"S0468","uses","T1036.005"
"S0373","uses","T1129"
"S1167","uses","T1529"
"S1130","uses","T1571"
"T1562.001","revoked-by","T1685"
"S0020","uses","T1105"
"S0431","uses","T1573.001"
"G0059","uses","T1486"
"S0281","uses","T1027.002"
"S0561","uses","T1055"
"S0650","uses","T1055.012"
"S0658","uses","T1105"
"S1044","uses","T1559.001"
"S1201","uses","T1059.001"
"S0458","uses","T1071.001"
"S0531","uses","T1102.002"
"S0051","uses","T1082"
"S0271","uses","T1105"
"S0360","uses","T1059.003"
"S0649","uses","T1132.001"
"G0080","uses","T1518.001"
"S0552","uses","T1482"
"S0354","uses","T1012"
"S0126","uses","T1518"
"S1100","uses","T1036.005"
"G1016","uses","T1082"
"S1138","uses","T1069.002"
"M1018","mitigates","T1566.003"
"G0037","uses","T1059.007"
"S0086","uses","T1082"
"S0337","uses","T1071.003"
"G0049","uses","S0264"
"G0070","uses","S0182"
"S0194","uses","T1012"
"T1488","revoked-by","T1561.001"
"G0134","uses","T1059.005"
"G0078","uses","T1547.001"
"G0129","uses","T1087.002"
"S0194","uses","T1005"
"S0546","uses","T1059.003"
"G0034","uses","T1190"
"G0069","uses","S0223"
"G1021","uses","T1484.001"
"S0023","uses","T1071.003"
"S1026","uses","T1120"
"S1070","uses","T1491.001"
"S0239","uses","T1203"
"S0083","uses","T1041"
"S0229","uses","T1070"
"G0047","uses","S0686"
"S0063","uses","T1027"
"S0154","uses","T1055.012"
"S0659","uses","T1057"
"G0016","uses","S0634"
"S1065","uses","T1059.001"
"S0556","uses","T1070.004"
"S0378","uses","T1007"
"S9008","uses","T1485"
"G0010","uses","T1068"
"S0462","uses","T1059.003"
"G0018","uses","S0096"
"S1218","uses","T1573.001"
"S1181","uses","T1070.006"
"G1040","uses","T1070.004"
"S0446","uses","T1490"
"S1187","uses","T1572"
"S1014","uses","T1021.005"
"S1142","uses","T1041"
"G1031","uses","T1553.002"
"G0069","uses","T1559.001"
"S1015","uses","T1016"
"S1229","uses","T1204.004"
"G0061","uses","T1021.001"
"S0278","uses","T1056.002"
"G0065","uses","T1003.001"
"S0515","uses","T1571"
"S0201","uses","T1070.004"
"S1060","uses","T1059.003"
"S0496","uses","T1485"
"G1040","uses","T1059.003"
"M1047","mitigates","T1685.001"
"S0161","uses","T1033"
"S1236","uses","T1106"
"S0372","uses","T1486"
"G0106","uses","T1059.004"
"G0069","uses","T1571"
"S1096","uses","T1059.012"
"S0039","uses","T1018"
"G0059","uses","T1016.001"
"G0094","uses","T1534"
"S0361","uses","T1140"
"G0070","uses","T1027.002"
"S0546","uses","T1053.005"
"S0627","uses","T1027"
"S0484","uses","T1105"
"G0059","uses","T1586.002"
"G0096","uses","T1553.002"
"S0130","uses","T1105"
"S0115","uses","T1547.001"
"S0376","uses","T1090"
"G0060","uses","T1588.002"
"S0192","uses","T1548.002"
"S0267","uses","T1112"
"S0155","uses","T1033"
"S0374","uses","T1110.001"
"G0073","uses","T1016"
"S1139","uses","T1106"
"G0106","uses","T1082"
"S0532","uses","T1105"
"G1005","uses","T1102.002"
"S0356","uses","T1134.004"
"S1120","uses","T1071.001"
"S0367","uses","T1547.001"
"S0363","uses","T1552.001"
"S1066","uses","T1497.003"
"G1043","uses","T1070.004"
"S0084","uses","T1547"
"S1113","uses","T1005"
"G0034","uses","T1078.002"
"G1031","uses","T1204.001"
"G0006","uses","S0026"
"G0001","uses","T1584.005"
"G0032","uses","T1027.009"
"M1056","mitigates","T1591.003"
"S0086","uses","T1560.002"
"S0368","uses","T1053.005"
"G1015","uses","T1585.001"
"G0004","uses","S0104"
"S0117","uses","T1059.003"
"S0021","uses","T1059.004"
"G0121","uses","T1059.007"
"S9024","uses","T1574"
"S0582","uses","T1059.003"
"M1015","mitigates","T1606.002"
"M1026","mitigates","T1556.003"
"S0046","uses","T1547.001"
"S0649","uses","T1136.001"
"S9007","uses","T1573.001"
"S0650","uses","T1059.007"
"S1030","uses","T1218.010"
"S0192","uses","T1059.001"
"S0053","uses","T1078"
"S0182","uses","T1574.001"
"S0397","uses","T1564.004"
"G1055","uses","T1114.002"
"G0108","uses","T1543.003"
"M1022","mitigates","T1547.003"
"S0058","uses","T1008"
"S0250","uses","T1033"
"G0007","uses","T1190"
"S1110","uses","T1132.001"
"S0057","uses","T1057"
"S0680","uses","T1033"
"S0629","uses","T1071.001"
"S0034","uses","T1071"
"S0513","uses","T1016"
"S0235","uses","T1543.001"
"S1085","uses","T1546.003"
"G1054","uses","S0190"
"G0067","uses","T1102.002"
"G0117","uses","T1005"
"S0514","uses","T1059.001"
"G0081","uses","T1071.001"
"M1024","mitigates","T1505"
"S1180","uses","T1059.007"
"S1121","uses","T1095"
"T1098.001","subtechnique-of","T1098"
"M1042","mitigates","T1046"
"T1499.003","subtechnique-of","T1499"
"G0094","uses","S0160"
"S0011","uses","T1071.001"
"S0259","uses","T1082"
"G0121","uses","T1027.013"
"S0063","uses","T1083"
"S0363","uses","T1560"
"S1152","uses","T1106"
"T1060","revoked-by","T1547.001"
"S0046","uses","T1518.001"
"S0337","uses","T1074.001"
"G1014","uses","T1608.005"
"G0046","uses","T1564.003"
"G1003","uses","T1036"
"S0378","uses","T1134.002"
"S0074","uses","T1105"
"S0443","uses","T1040"
"S0499","uses","T1218.012"
"G0139","uses","T1543.003"
"G0061","uses","T1003.001"
"S0673","uses","T1490"
"G0073","uses","T1033"
"S0649","uses","T1112"
"S0530","uses","T1218.007"
"G0122","uses","T1594"
"G0010","uses","T1615"
"G0010","uses","T1049"
"M1042","mitigates","T1218.015"
"S0517","uses","T1112"
"S0219","uses","T1083"
"G0044","uses","S0501"
"S0428","uses","T1105"
"G0059","uses","T1053.005"
"S0250","uses","T1564.003"
"S0265","uses","T1485"
"S0572","uses","T1057"
"G1022","uses","T1069.002"
"S1070","uses","T1018"
"S0341","uses","T1547.001"
"S0412","uses","T1071.001"
"S0409","uses","T1217"
"G0068","uses","T1204.002"
"M1026","mitigates","T1021.006"
"S1206","uses","T1040"
"G1009","uses","S0029"
"S0063","uses","T1087.001"
"S0049","uses","T1057"
"M1042","mitigates","T1127.002"
"S0486","uses","T1573.001"
"S1071","uses","T1482"
"S1189","uses","T1095"
"S9018","uses","T1055.012"
"S0234","uses","T1059.003"
"S0241","uses","T1059.003"
"S9024","uses","T1037"
"G0016","uses","T1546.003"
"S0501","uses","T1112"
"S0442","uses","T1059.005"
"G1030","uses","S1132"
"S0190","uses","T1570"
"G0052","uses","T1090"
"G1046","uses","T1219.002"
"S0532","uses","T1573.001"
"G0065","uses","T1586.001"
"S9018","uses","T1497.001"
"S0062","uses","T1070.004"
"S0562","uses","T1134"
"G0129","uses","S0596"
"S0032","uses","T1105"
"S0447","uses","T1055.012"
"M1051","mitigates","T1072"
"M1056","mitigates","T1683.001"
"M1028","mitigates","T1543.003"
"G0076","uses","T1059.001"
"G0051","uses","T1570"
"S0072","uses","T1056.001"
"G1052","uses","T1593.003"
"T1564.002","subtechnique-of","T1564"
"S0354","uses","T1140"
"S0601","uses","T1070.004"
"S0572","uses","T1005"
"S0113","uses","T1120"
"S0237","uses","T1124"
"S1028","uses","T1071.001"
"S0635","uses","T1105"
"S0198","uses","T1560.003"
"G0094","uses","T1190"
"G0129","uses","T1598.003"
"G0064","uses","S0358"
"S1081","uses","T1113"
"S0484","uses","T1021.005"
"S0154","uses","T1518"
"S1224","uses","T1140"
"G0117","uses","T1585"
"S0081","uses","T1016"
"S0370","uses","T1059.003"
"G1047","uses","T1047"
"S0606","uses","T1569.002"
"S0369","uses","T1027"
"G0129","uses","T1678"
"G0022","uses","S0013"
"G0119","uses","T1007"
"S0511","uses","T1105"
"G0034","uses","T1003.003"
"G0046","uses","T1566.002"
"S0260","uses","T1547.001"
"S0695","uses","T1059"
"S0651","uses","T1106"
"G0034","uses","T1036"
"G1016","uses","T1016"
"S0673","uses","T1074.001"
"S1185","uses","T1105"
"G0016","uses","T1547.001"
"S1149","uses","T1071.001"
"G0138","uses","T1005"
"T1102.003","subtechnique-of","T1102"
"T1132.001","subtechnique-of","T1132"
"S1065","uses","T1041"
"S1152","uses","T1047"
"S0335","uses","T1049"
"M1031","mitigates","T1041"
"S0234","uses","T1056.001"
"G0099","uses","T1047"
"S0517","uses","T1012"
"G1017","uses","T1590"
"S0343","uses","T1059.005"
"S0055","uses","T1095"
"S0091","uses","T1070.004"
"G0010","uses","T1106"
"S1019","uses","T1059.003"
"S1039","uses","T1140"
"S1236","uses","T1547.001"
"S0486","uses","T1082"
"G1030","uses","T1140"
"S0356","uses","T1027.002"
"S0481","uses","T1569.002"
"S0355","uses","T1140"
"S0495","uses","T1059.003"
"S0533","uses","T1007"
"G1055","uses","T1074"
"S0692","uses","T1135"
"S0340","uses","T1033"
"S0688","uses","T1036.004"
"S0499","uses","T1027.015"
"S1244","uses","T1007"
"G0059","uses","T1592.002"
"S0095","uses","T1570"
"S0148","uses","T1027.015"
"S0483","uses","T1069"
"S9010","uses","T1602.002"
"S0373","uses","T1059.005"
"G0129","uses","T1564.001"
"G0032","uses","S1182"
"S9036","uses","T1078"
"S0037","uses","T1001.002"
"S0616","uses","T1486"
"S0649","uses","T1098.007"
"G0114","uses","T1550.002"
"S0274","uses","T1016"
"G0069","uses","S1040"
"S0272","uses","T1105"
"S9037","uses","T1071.001"
"S0011","uses","T1573.001"
"S1170","uses","T1059.003"
"S0087","uses","T1573.001"
"G0056","uses","S0178"
"S0684","uses","T1119"
"S0455","uses","T1102.001"
"G0045","uses","T1588.002"
"G0050","uses","S0585"
"S0011","uses","T1106"
"S0584","uses","T1543.003"
"G1054","uses","T1090"
"M1056","mitigates","T1588.003"
"S0687","uses","T1082"
"S1111","uses","T1680"
"G0045","uses","T1204.002"
"S0267","uses","T1680"
"G1043","uses","T1543.003"
"S0491","uses","T1016"
"G0092","uses","S0460"
"M1015","mitigates","T1649"
"S0284","uses","T1059.003"
"S0240","uses","T1555.003"
"G0004","uses","T1140"
"G0049","uses","T1218.001"
"G0032","uses","S0376"
"S1060","uses","T1112"
"G1039","uses","T1005"
"S0127","uses","T1560.002"
"S0170","uses","T1547.009"
"S0635","uses","T1140"
"S0184","uses","T1047"
"M1032","mitigates","T1599"
"G1023","uses","T1654"
"M1038","mitigates","T1548"
"S1160","uses","T1053.005"
"G0127","uses","T1204.002"
"S1227","uses","T1001.003"
"S9010","uses","T1555.001"
"S1207","uses","T1539"
"S0491","uses","T1041"
"S1247","uses","T1106"
"M1040","mitigates","T1204"
"G0096","uses","T1596.005"
"G1053","uses","T1530"
"S9001","uses","T1106"
"G0027","uses","T1012"
"G0045","uses","S0626"
"M1050","mitigates","T1211"
"G0133","uses","T1059.003"
"G0047","uses","T1566.001"
"S0034","uses","T1041"
"S0180","uses","T1082"
"S1041","uses","T1140"
"G0127","uses","S0483"
"S1202","uses","T1027.002"
"S0348","uses","T1083"
"G0069","uses","S0594"
"S0622","uses","T1566.001"
"T1588.007","subtechnique-of","T1588"
"S1221","uses","T1071.001"
"S1185","uses","T1113"
"S0072","uses","T1083"
"S1242","uses","T1566.002"
"S0618","uses","T1059"
"S1141","uses","T1497.003"
"S0680","uses","T1105"
"S0335","uses","T1012"
"S1213","uses","T1518.001"
"G0010","uses","S0126"
"G0033","uses","T1003"
"S0147","uses","T1105"
"M1039","mitigates","T1690"
"G1003","uses","T1595.002"
"S9034","uses","T1195.001"
"G1015","uses","T1539"
"G1003","uses","T1583.003"
"S0382","uses","T1573.002"
"S1049","uses","T1016.001"
"G0139","uses","T1608.001"
"S0004","uses","T1115"
"S0137","uses","T1132.001"
"G1024","uses","T1482"
"S1124","uses","T1614"
"S1066","uses","T1574.012"
"S1220","uses","T1027.013"
"S0250","uses","T1003.002"
"S0554","uses","T1197"
"S0055","uses","T1083"
"S0108","uses","T1686"
"S0181","uses","T1573.001"
"S0195","uses","T1070.004"
"G0036","uses","T1021.005"
"G0096","uses","T1588.002"
"S1024","uses","T1071.001"
"S0262","uses","T1555.003"
"S0605","uses","T1486"
"G0047","uses","T1082"
"S0635","uses","T1102"
"G0021","uses","T1553.002"
"S1035","uses","T1132.002"
"M1038","mitigates","T1548.004"
"S0635","uses","T1087.002"
"M1056","mitigates","T1589"
"G0010","uses","T1071.003"
"M1040","mitigates","T1543"
"G0010","uses","S0104"
"G0087","uses","T1569.002"
"G0016","uses","S0516"
"S0699","uses","T1071.002"
"S0650","uses","T1218.007"
"S0378","uses","T1548.002"
"M1038","mitigates","T1611"
"M1027","mitigates","T1558.002"
"S0458","uses","T1080"
"G1001","uses","T1204.002"
"S0373","uses","T1057"
"S0240","uses","T1056.001"
"S0256","uses","T1573.001"
"S0244","uses","T1102.002"
"S0204","uses","T1105"
"G0042","revoked-by","G0040"
"S0373","uses","T1204.002"
"G0129","uses","T1218.005"
"S0377","uses","T1008"
"S1065","uses","T1057"
"S0574","uses","T1001.001"
"S1025","uses","T1005"
"G0139","uses","T1059.003"
"G0135","uses","S0020"
"S0677","uses","T1556.007"
"S1081","uses","T1027.009"
"S0376","uses","T1571"
"S1124","uses","T1047"
"S0546","uses","T1547.001"
"S0356","uses","T1548.002"
"S1111","uses","T1010"
"G0071","uses","S0236"
"G1003","uses","T1654"
"G0050","uses","T1055"
"S0242","uses","T1497.001"
"S0200","uses","T1573.001"
"G0027","uses","T1003.004"
"S1111","uses","T1070.004"
"S0610","uses","T1033"
"S0385","uses","T1113"
"S0520","uses","T1005"
"S0504","uses","T1053.003"
"M1056","mitigates","T1596"
"M1047","mitigates","T1021.001"
"G1054","uses","S0057"
"S9014","uses","T1036.003"
"S0236","uses","T1007"
"G0010","uses","S0160"
"G0098","uses","S0029"
"G0050","uses","T1216.001"
"S1196","uses","T1071.001"
"S1199","uses","T1685"
"M1022","mitigates","T1574.004"
"S1122","uses","T1176.001"
"M1032","mitigates","T1114"
"G1004","uses","T1213.002"
"S0022","uses","T1095"
"S0657","uses","T1027.013"
"G1053","uses","T1059.001"
"S1086","uses","T1055.012"
"S0567","uses","T1543.003"
"G1003","uses","T1190"
"G0106","uses","T1071"
"S0344","uses","T1140"
"S1060","uses","T1552.004"
"G0096","uses","T1098.007"
"G0135","uses","T1505.003"
"S9027","uses","T1083"
"S0501","uses","T1027.013"
"S1065","uses","T1027.013"
"S0689","uses","T1059.001"
"S0248","uses","T1027.016"
"S0513","uses","T1071.001"
"S1185","uses","T1041"
"S0428","uses","T1564.001"
"S0678","uses","T1480"
"S0414","uses","T1218.005"
"M1035","mitigates","T1021.001"
"M1054","mitigates","T1137.002"
"S0374","uses","T1033"
"G0140","uses","T1218.005"
"M1022","mitigates","T1222.001"
"S1149","uses","T1106"
"S0660","uses","T1547.001"
"G0105","uses","T1046"
"S1032","uses","T1059.003"
"S0072","uses","T1070.006"
"S9023","uses","T1090.001"
"S1147","uses","T1053.005"
"G0001","uses","T1189"
"G0091","uses","T1059.005"
"T1568.001","subtechnique-of","T1568"
"S1035","uses","T1480"
"G1023","uses","T1685"
"S0584","uses","T1564.001"
"S0633","uses","T1027.004"
"M1027","mitigates","T1599"
"S0169","uses","T1036.004"
"S0081","uses","T1218.011"
"S0052","uses","T1003"
"G1020","uses","T1036.005"
"S0356","uses","T1071.001"
"S0378","uses","T1569.002"
"S0502","uses","T1095"
"G0046","uses","T1036.004"
"G0012","uses","T1056.001"
"S0674","uses","T1048.003"
"S9024","uses","T1518.001"
"G1015","uses","T1588.002"
"S0260","uses","T1055.004"
"S0148","uses","T1547.001"
"S1018","uses","T1036"
"S0437","uses","T1083"
"G0096","uses","S0032"
"G1016","uses","T1090.001"
"S0362","uses","T1546.004"
"S9008","uses","T1552.001"
"S0239","uses","T1057"
"G1044","uses","T1056"
"S0269","uses","T1132.001"
"S0089","uses","T1083"
"T1027.018","subtechnique-of","T1027"
"S0572","uses","T1016"
"G0087","uses","S0488"
"G0094","uses","S1025"
"G0093","uses","T1041"
"S0070","uses","T1059.003"
"S0470","uses","T1027.003"
"M1028","mitigates","T1548.001"
"T1566.002","subtechnique-of","T1566"
"S0349","uses","T1003.008"
"G0143","uses","T1574.001"
"S0331","uses","T1124"
"G0126","uses","T1041"
"S0367","uses","T1566.002"
"S1013","uses","T1518.001"
"S0603","uses","T1543.003"
"G0046","uses","T1218.011"
"S0373","uses","T1140"
"S0194","uses","T1552.006"
"G0021","uses","T1027.015"
"S0567","uses","T1059.003"
"G0006","uses","T1057"
"S0350","uses","T1053.005"
"S0699","uses","T1573.002"
"G0142","uses","T1221"
"G1034","uses","S1016"
"M1040","mitigates","T1559.002"
"S9029","uses","T1071.001"
"S0670","uses","T1082"
"S0670","uses","T1090"
"S0074","uses","T1547.001"
"S0019","uses","T1056.001"
"S1183","uses","T1480"
"T1003.004","subtechnique-of","T1003"
"S1229","uses","T1059.003"
"S0650","uses","T1140"
"T1142","revoked-by","T1555.001"
"S0265","uses","T1070.004"
"M1041","mitigates","T1602.002"
"S0037","uses","T1564.003"
"M1038","mitigates","T1216.001"
"S1059","uses","T1057"
"S0375","uses","T1053.005"
"S1043","uses","T1124"
"M1042","mitigates","T1649"
"S9032","uses","T1573.001"
"S0128","uses","T1132"
"M1022","mitigates","T1037.003"
"S1033","uses","T1027.013"
"S1131","uses","T1684.001"
"S1011","uses","T1036.005"
"S0647","uses","T1027"
"S0337","uses","T1071.001"
"S0458","uses","T1566.001"
"S0441","uses","T1070.004"
"G1053","uses","T1485"
"G1033","uses","T1114.002"
"M1018","mitigates","T1546.003"
"S0345","uses","T1071.001"
"S0198","uses","T1204.002"
"G0006","uses","T1005"
"T1556.009","subtechnique-of","T1556"
"S0497","uses","T1105"
"S0350","uses","T1543.003"
"M1042","mitigates","T1114.003"
"T1038","revoked-by","T1574.001"
"S0228","uses","T1685"
"G0093","uses","T1005"
"T1001.001","subtechnique-of","T1001"
"G0087","uses","T1027.013"
"S1142","uses","T1140"
"G1018","uses","T1685"
"S0140","uses","T1021.002"
"S0013","uses","T1056.001"
"S0381","uses","T1047"
"S0632","uses","T1033"
"S1153","uses","T1647"
"M1018","mitigates","T1547.009"
"S0559","uses","T1070.009"
"T1546.003","subtechnique-of","T1546"
"S9020","uses","T1018"
"G0022","uses","T1555.003"
"S0567","uses","T1078"
"G0016","uses","T1136.003"
"S0603","uses","T1140"
"T1013","revoked-by","T1547.010"
"S0629","uses","T1036.004"
"S1244","uses","T1490"
"S0363","uses","T1484.001"
"S0543","uses","T1614.001"
"S0393","uses","T1059.001"
"G0049","uses","S0508"
"S9020","uses","T1105"
"S0198","uses","T1204.001"
"G0032","uses","S0263"
"G0049","uses","T1046"
"M1018","mitigates","T1578.003"
"S0692","uses","T1564.003"
"S9023","uses","T1027.013"
"S0198","uses","T1119"
"S0237","uses","T1027.013"
"M1030","mitigates","T1021.001"
"G0129","uses","T1027.007"
"G0034","uses","T1598.003"
"S0276","uses","T1071.001"
"S0260","uses","T1095"
"G0053","uses","T1059"
"S1060","uses","T1569.002"
"S1073","uses","T1059.012"
"S0348","uses","T1033"
"G1019","uses","T1059.007"
"S0126","uses","T1055.001"
"G0065","uses","S0190"
"S0448","uses","T1560.003"
"M1051","mitigates","T1137.004"
"S0457","uses","T1140"
"S0170","uses","T1071.004"
"G0091","uses","T1112"
"S0186","uses","T1082"
"S1183","uses","T1036.003"
"S1213","uses","T1140"
"S1086","uses","T1027"
"S9010","uses","T1140"
"G0096","uses","T1021.002"
"S0647","uses","T1113"
"S0439","uses","T1016"
"S0389","uses","T1059.001"
"G1032","uses","T1059.003"
"S0658","uses","T1041"
"S0011","uses","T1070.004"
"S0260","uses","T1560.002"
"M1054","mitigates","T1559"
"G0127","uses","S0476"
"S1228","uses","T1614.001"
"M1040","mitigates","T1574"
"S9025","uses","T1140"
"S0659","uses","T1135"
"S0533","uses","T1056.001"
"S1240","uses","T1012"
"G0032","uses","T1012"
"S1031","uses","T1071.001"
"G0124","uses","T1518"
"G0049","uses","T1087.001"
"S0674","uses","T1573.001"
"S9022","uses","T1552.006"
"S0363","uses","T1041"
"G0114","uses","T1071.001"
"S1030","uses","T1140"
"S0192","uses","T1033"
"S0084","uses","T1016"
"S1232","uses","T1027.007"
"S1202","uses","T1680"
"S0330","uses","T1057"
"S0562","uses","T1070.004"
"S1081","uses","T1124"
"G0032","uses","T1090.002"
"G0095","uses","T1059.003"
"S0439","uses","T1071.001"
"G1015","uses","T1552.004"
"M1035","mitigates","T1021"
"S1159","uses","T1070"
"S1229","uses","T1113"
"S0273","uses","T1055.001"
"S0414","uses","T1056.001"
"S0263","uses","T1027.011"
"S0245","uses","T1573.001"
"S1188","uses","T1027.015"
"S0373","uses","T1132.001"
"S1149","uses","T1027.009"
"S0546","uses","T1102"
"S0481","uses","T1059.003"
"G0061","uses","T1588.002"
"S0030","uses","T1012"
"S0138","uses","T1036.005"
"S0456","uses","T1016"
"S0266","uses","T1059.001"
"S0154","uses","T1078.003"
"S0455","uses","T1027.013"
"G0045","uses","T1090.002"
"G0046","uses","T1047"
"S0228","uses","T1059.005"
"G0105","uses","T1135"
"M1031","mitigates","T1104"
"G0129","uses","T1585.002"
"S0615","uses","T1005"
"M1024","mitigates","T1505.005"
"S0417","uses","T1069.002"
"S0496","uses","T1012"
"T1568.002","subtechnique-of","T1568"
"G0102","uses","T1055"
"S0412","uses","T1571"
"G0047","uses","T1059.005"
"S0682","uses","T1001.001"
"S0622","uses","T1140"
"S0658","uses","T1553.001"
"S9003","uses","T1480"
"G1016","uses","T1565"
"T1114.002","subtechnique-of","T1114"
"G0090","uses","T1059.003"
"S0126","uses","T1027"
"S1156","uses","T1016"
"S0699","uses","T1071.004"
"G0050","uses","T1566.001"
"S1026","uses","T1680"
"S1141","uses","T1572"
"M1032","mitigates","T1621"
"G0047","uses","T1113"
"S0023","uses","T1071.001"
"S9037","uses","T1132.001"
"S1018","uses","T1105"
"S0192","uses","T1136.002"
"G0061","uses","T1204.002"
"M1026","mitigates","T1569"
"G0082","uses","T1059.003"
"S0270","uses","T1016"
"G0069","uses","T1059.003"
"S0192","uses","T1041"
"G1003","uses","T1133"
"S0017","uses","T1008"
"S0048","uses","T1071.001"
"S0491","uses","T1560.003"
"S1090","uses","T1083"
"S0071","uses","T1059.003"
"S1226","uses","T1071.001"
"G0016","uses","S0049"
"G1046","uses","T1059.001"
"S0333","uses","T1059.003"
"G0032","uses","T1027.013"
"G1016","uses","T1059.001"
"S0680","uses","T1012"
"G0064","uses","S0002"
"S1053","uses","T1688"
"M1056","mitigates","T1585"
"S0038","uses","T1057"
"S0404","uses","T1570"
"M1056","mitigates","T1590.005"
"G0087","uses","S0006"
"S0497","uses","T1071.001"
"G0032","uses","S0567"
"M1051","mitigates","T1542"
"M1047","mitigates","T1564.008"
"S0162","uses","T1070.004"
"S0181","uses","T1070.004"
"G0024","uses","S0066"
"G0006","uses","T1550.002"
"G0102","uses","S0521"
"G0069","uses","T1588.001"
"S0398","uses","T1574.001"
"S0628","uses","T1105"
"S1207","uses","T1027.013"
"S0182","uses","T1056.004"
"G0026","uses","T1133"
"G0093","uses","T1574.001"
"S0039","uses","T1135"
"M1022","mitigates","T1686.003"
"G0128","uses","T1059.006"
"G1046","uses","S0190"
"G1018","uses","S0283"
"S0395","uses","T1041"
"G0027","uses","S0008"
"M1030","mitigates","T1190"
"G0061","uses","T1588.003"
"S1141","uses","T1083"
"G1003","uses","T1119"
"S1219","uses","T1564.001"
"S0349","uses","T1555.003"
"S0512","uses","T1016"
"T1560.002","subtechnique-of","T1560"
"G0093","uses","S0012"
"M1051","mitigates","T1542.001"
"G1044","uses","T1583.001"
"S1047","uses","T1218.010"
"S0402","uses","T1564.001"
"S9037","uses","T1566.001"
"S0074","uses","T1071.001"
"S1239","uses","T1027.007"
"G1001","uses","T1567.002"
"S0167","uses","T1059"
"G1047","uses","T1059.004"
"S9020","uses","T1480"
"S0553","uses","T1059.003"
"G0030","uses","T1087.002"
"G0064","uses","T1555.003"
"S1141","uses","T1135"
"G0007","uses","T1669"
"S9039","uses","T1059.001"
"M1022","mitigates","T1098.004"
"M1047","mitigates","T1548.002"
"S0439","uses","T1001"
"S1039","uses","T1055.001"
"G0073","uses","T1218.011"
"G0016","uses","T1098.005"
"G0016","uses","T1587.003"
"S1016","uses","T1016"
"G0100","uses","T1090.003"
"S1228","uses","T1001.003"
"S0335","uses","T1069"
"T1598.004","subtechnique-of","T1598"
"T1608.004","subtechnique-of","T1608"
"G0016","uses","T1005"
"T1593.002","subtechnique-of","T1593"
"G0049","uses","S0057"
"G0034","uses","S0401"
"S1058","uses","T1053.005"
"S0172","uses","T1070.004"
"S0228","uses","T1016"
"S1074","uses","T1055"
"G0046","uses","T1620"
"S0248","uses","T1018"
"M1038","mitigates","T1547.009"
"S0196","uses","T1518.001"
"G1052","uses","T1583.001"
"S0455","uses","T1106"
"S1066","uses","T1518.001"
"S9019","uses","T1685"
"S1073","uses","T1021.002"
"S0244","uses","T1057"
"S1138","uses","T1584.006"
"S1115","uses","T1105"
"G1018","uses","T1588.001"
"G0060","uses","S0471"
"G0049","uses","T1137.004"
"M1045","mitigates","T1036.005"
"S0500","uses","T1070.009"
"G0050","uses","T1135"
"S1063","uses","T1021.006"
"G0065","uses","T1090.003"
"S0386","uses","T1559.001"
"S0203","uses","T1016"
"S1139","uses","T1652"
"S0438","uses","T1218.011"
"S1046","uses","T1573"
"M1013","mitigates","T1647"
"S1238","uses","T1553.002"
"M1018","mitigates","T1134"
"S0140","uses","T1036.004"
"S1018","uses","T1071.001"
"S0531","uses","T1041"
"M1031","mitigates","T1090.002"
"S1239","uses","T1574.001"
"S1166","uses","T1105"
"S0663","uses","T1553.002"
"M1013","mitigates","T1195"
"S0363","uses","T1082"
"S0201","uses","T1012"
"S0386","uses","T1056.004"
"S0372","uses","T1529"
"S1155","uses","T1218.010"
"S9036","uses","T1140"
"G1054","uses","T1685.005"
"S0469","uses","T1140"
"S1065","uses","T1680"
"G0016","uses","T1105"
"G1031","uses","T1027.013"
"S0355","uses","T1027"
"S0009","uses","T1553.006"
"S0371","uses","T1071.001"
"S0684","uses","T1526"
"G0100","uses","T1518"
"M1033","mitigates","T1059.011"
"S0363","uses","T1115"
"S1068","uses","T1082"
"G0064","uses","T1552.006"
"S0366","uses","T1083"
"G1016","uses","T1053.005"
"S9011","uses","T1140"
"G1003","uses","T1571"
"S0113","uses","T1016"
"S0223","uses","T1518.001"
"S9002","uses","T1222.001"
"S0234","uses","T1055.012"
"S1201","uses","T1041"
"G0133","uses","T1036"
"G1023","uses","S1113"
"G0137","uses","S0652"
"G0012","uses","T1566.001"
"S1202","uses","T1543.003"
"S0447","uses","T1033"
"S0223","uses","T1218.005"
"S0449","uses","T1564.006"
"S0264","uses","T1140"
"S0143","uses","T1036.010"
"S0583","uses","T1059.006"
"G0003","uses","S0029"
"G0021","uses","S0062"
"S0604","uses","T1078"
"S0417","uses","T1124"
"G0090","uses","T1204.001"
"S0022","uses","T1071.003"
"S9029","uses","T1033"
"G0032","uses","T1104"
"S0238","uses","T1070.004"
"S0576","uses","T1497.001"
"G0114","uses","T1106"
"S0688","uses","T1685.005"
"G0016","uses","T1651"
"G0077","uses","T1555"
"T1045","revoked-by","T1027.002"
"S0098","uses","T1546.010"
"T1090.002","subtechnique-of","T1090"
"M1050","mitigates","T1203"
"S0351","uses","T1113"
"M1049","mitigates","T1564.012"
"G0121","uses","T1020"
"S1222","uses","T1567.002"
"S9037","uses","T1106"
"G0129","uses","T1219.002"
"G0117","uses","T1021.005"
"G0128","uses","T1547.001"
"G0034","uses","T1133"
"S0275","uses","T1574.001"
"G0068","uses","T1068"
"S0264","uses","T1070.004"
"S0050","uses","T1048.003"
"M1051","mitigates","T1212"
"M1048","mitigates","T1611"
"G0051","uses","T1033"
"G0027","uses","T1027.015"
"G0020","uses","T1480.001"
"S1202","uses","T1569.002"
"G1017","uses","T1560.001"
"G0027","uses","T1204.002"
"S0495","uses","T1071.004"
"T1195.001","subtechnique-of","T1195"
"G0094","uses","T1593.001"
"S1081","uses","T1053.005"
"T1556.008","subtechnique-of","T1556"
"G0129","uses","T1003"
"S0650","uses","T1114.001"
"S0499","uses","T1105"
"S1182","uses","T1036.005"
"S0013","uses","T1102.001"
"G0071","uses","S0104"
"S1186","uses","T1041"
"S0665","uses","T1204.002"
"G1054","uses","T1021.001"
"S0384","uses","T1053.005"
"S0502","uses","T1014"
"G0069","uses","T1218.003"
"T1011.001","subtechnique-of","T1011"
"G0047","uses","T1518.001"
"S1146","uses","T1213.006"
"S0670","uses","T1573.001"
"S1229","uses","T1134.001"
"S0660","uses","T1204.002"
"S0391","uses","T1082"
"S0570","uses","T1222.001"
"M1030","mitigates","T1602.002"
"S1134","uses","T1027.009"
"S0172","uses","T1547.001"
"S0516","uses","T1083"
"T1548.005","subtechnique-of","T1548"
"G0045","uses","S0153"
"S1242","uses","T1047"
"M1054","mitigates","T1666"
"S0257","uses","T1056.001"
"S1030","uses","T1204.001"
"M1047","mitigates","T1558.004"
"M1017","mitigates","T1598"
"S0129","uses","T1083"
"M1047","mitigates","T1027.011"
"G0092","uses","T1112"
"S0140","uses","T1105"
"S1039","uses","T1560"
"G1003","uses","T1070.004"
"G0106","uses","T1105"
"S1245","uses","T1140"
"S0128","uses","T1056.001"
"G1017","uses","T1124"
"S0603","uses","T1070.004"
"S0508","uses","T1090"
"G1017","uses","T1069.002"
"S9038","uses","T1485"
"S0501","uses","T1105"
"M1032","mitigates","T1078.001"
"T1208","revoked-by","T1558.003"
"G1014","uses","T1587.001"
"T1009","revoked-by","T1027.001"
"S0251","uses","T1113"
"S0373","uses","T1027.002"
"S0331","uses","T1033"
"G1004","uses","T1583.003"
"S0262","uses","T1547.001"
"M1042","mitigates","T1557"
"S0654","uses","T1486"
"M1041","mitigates","T1003"
"G1054","uses","T1587.001"
"S1105","uses","T1543.004"
"S0344","uses","T1552.001"
"S1190","uses","T1059.003"
"S0150","uses","T1030"
"G0035","uses","T1110.002"
"S0400","uses","T1489"
"G0096","uses","T1037"
"S0582","uses","T1059.005"
"S0242","uses","T1082"
"S0002","uses","T1134.005"
"G0139","uses","T1610"
"M1045","mitigates","T1036.001"
"G0092","uses","T1588.002"
"M1047","mitigates","T1053.002"
"S0589","uses","T1036.005"
"S1118","uses","T1505.003"
"S0050","uses","T1039"
"S1213","uses","T1055.012"
"G0069","uses","T1036.005"
"G0087","uses","T1588.002"
"G0034","uses","T1587.001"
"S1154","uses","T1203"
"S0453","uses","T1105"
"S9014","uses","T1027.010"
"S0584","uses","T1569.001"
"S0062","uses","T1091"
"S0036","uses","T1547.001"
"S0037","uses","T1573.001"
"T1685.001","subtechnique-of","T1685"
"S0163","uses","T1053.003"
"G1022","uses","T1053.005"
"S0266","uses","T1041"
"G0078","uses","T1059.001"
"S0467","uses","T1113"
"G1017","uses","T1016"
"S0603","uses","T1134.001"
"G0067","uses","T1082"
"T1564.012","subtechnique-of","T1564"
"S0468","uses","T1685"
"S0459","uses","T1033"
"G0053","uses","T1018"
"S0012","uses","T1056.001"
"M1033","mitigates","T1176"
"G1002","uses","T1566.001"
"S0692","uses","T1543.003"
"S0074","uses","T1548.002"
"G0099","uses","S0434"
"S0086","uses","T1543.003"
"S1011","uses","T1059.003"
"T1218.013","subtechnique-of","T1218"
"S0699","uses","T1071.001"
"G0046","uses","T1059.005"
"S0031","uses","T1059.003"
"G1004","uses","T1591.004"
"G1018","uses","S0670"
"S0632","uses","T1573.002"
"G0099","uses","T1059.007"
"G0108","uses","T1053.005"
"S0537","uses","T1078.001"
"G0096","uses","S0104"
"G0064","uses","T1027.013"
"G0082","uses","T1140"
"S1066","uses","T1059.003"
"S0553","uses","T1059.001"
"S1088","uses","T1659"
"S0128","uses","T1102.002"
"S1239","uses","T1053.005"
"S0384","uses","T1185"
"T1574.013","subtechnique-of","T1574"
"M1042","mitigates","T1011"
"G0135","uses","T1190"
"S0123","uses","T1569.002"
"S1060","uses","T1095"
"G1007","uses","T1027.002"
"S1169","uses","T1573.001"
"S0397","uses","T1547.001"
"S1064","uses","T1105"
"G0046","uses","S0648"
"S9027","uses","T1140"
"S0366","uses","T1120"
"S1217","uses","T1675"
"G1051","uses","T1585.001"
"S9020","uses","T1047"
"G0011","uses","S0032"
"G0125","uses","T1059.003"
"T1055.014","subtechnique-of","T1055"
"S0572","uses","T1083"
"S1141","uses","T1573.001"
"G0021","uses","T1053.005"
"S0153","uses","T1574.001"
"S0650","uses","T1204.001"
"S0352","uses","T1497.001"
"G0040","uses","T1547.001"
"M1030","mitigates","T1136.003"
"S9038","uses","T1679"
"S0604","uses","T1554"
"S1050","uses","T1027.015"
"S1078","uses","T1106"
"S1145","uses","T1055.003"
"S0266","uses","T1008"
"G0093","uses","T1588.002"
"G1040","uses","T1059.001"
"S1020","uses","T1105"
"G0032","uses","T1046"
"G0049","uses","S0039"
"T1556.002","subtechnique-of","T1556"
"S0382","uses","T1071.001"
"G0030","uses","S0097"
"G0120","uses","T1539"
"G0034","uses","T1072"
"M1037","mitigates","T1218"
"G1020","uses","T1566.002"
"S0615","uses","T1106"
"T1596.003","subtechnique-of","T1596"
"G0032","uses","T1005"
"S0458","uses","T1005"
"G1043","uses","T1021.001"
"S0502","uses","T1090.001"
"S0568","uses","T1082"
"S1160","uses","T1204.001"
"S0149","uses","T1571"
"T1193","revoked-by","T1566.001"
"G1024","uses","S0002"
"S0497","uses","T1057"
"S1202","uses","T1071.001"
"G0050","uses","T1033"
"S0022","uses","T1001.001"
"G0040","uses","T1074.001"
"G0129","uses","S1239"
"G0121","uses","T1105"
"M1030","mitigates","T1563.002"
"S9029","uses","T1574.001"
"S0650","uses","T1124"
"S1037","uses","T1041"
"S0438","uses","T1115"
"G1055","uses","T1078.002"
"S1148","uses","T1071.001"
"S1182","uses","T1059.003"
"G0093","uses","T1047"
"T1055.005","subtechnique-of","T1055"
"G0126","uses","S0013"
"G1017","uses","T1018"
"S1222","uses","T1573.001"
"G0139","uses","T1613"
"S0650","uses","T1204.002"
"G1036","uses","T1591"
"S0467","uses","T1123"
"S0453","uses","T1059.003"
"G0050","uses","T1571"
"G0069","uses","T1087.002"
"S0244","uses","T1016"
"G1001","uses","S1019"
"G1003","uses","T1570"
"S0412","uses","T1056.004"
"S0430","uses","T1095"
"S0274","uses","T1105"
"S0281","uses","T1543.001"
"S0034","uses","T1568"
"S0154","uses","T1090.001"
"G0003","uses","T1588.002"
"G0122","uses","T1114"
"S1193","uses","T1059.005"
"S1148","uses","T1005"
"S0062","uses","T1027"
"G1015","uses","T1589"
"S0198","uses","T1547.013"
"S0268","uses","T1543.003"
"S0260","uses","T1560.001"
"G0010","uses","S0363"
"S1053","uses","T1486"
"S0153","uses","T1555.003"
"S0184","uses","T1057"
"G0049","uses","T1069.002"
"S0335","uses","T1124"
"S0661","uses","T1027.004"
"S0023","uses","T1112"
"S0586","uses","T1057"
"S0631","uses","T1059.005"
"S0697","uses","T1485"
"S9023","uses","T1480.002"
"S0331","uses","T1105"
"S1029","uses","T1059.003"
"G1017","uses","T1047"
"S1032","uses","T1036.005"
"S1181","uses","T1112"
"G0126","uses","T1574.001"
"S0094","uses","T1027.002"
"T1656","revoked-by","T1684.001"
"S0057","uses","T1007"
"M1030","mitigates","T1489"
"S1210","uses","T1027.013"
"M1045","mitigates","T1546.013"
"S0283","uses","T1007"
"S0268","uses","T1137.006"
"G0034","uses","T1584.005"
"G0006","uses","T1583.001"
"S0258","uses","T1560.003"
"G0100","uses","T1083"
"G0034","uses","S0343"
"S0468","uses","T1053.003"
"M1047","mitigates","T1543.003"
"S0439","uses","T1053.005"
"S0084","uses","T1059.003"
"S0652","uses","T1547.009"
"G0096","uses","T1136.001"
"G0038","uses","T1555.003"
"S0681","uses","T1055.001"
"G0016","uses","T1566.001"
"S0562","uses","T1027"
"G0126","uses","T1124"
"S0657","uses","T1041"
"S9037","uses","T1573.001"
"S0652","uses","T1005"
"G0032","uses","T1489"
"S0654","uses","T1047"
"S1059","uses","T1074.001"
"S1183","uses","T1204.002"
"S1135","uses","T1685.005"
"S0154","uses","T1068"
"G0027","uses","S0013"
"S0356","uses","T1033"
"S1246","uses","T1195.001"
"T1584.003","subtechnique-of","T1584"
"S0640","uses","T1059.007"
"S0476","uses","T1071.001"
"S0126","uses","T1027.011"
"S1245","uses","T1679"
"S0434","uses","T1021.001"
"S0022","uses","T1573.001"
"G0125","uses","S0073"
"G0016","uses","S1187"
"S0695","uses","T1059.005"
"S0697","uses","T1553.002"
"G0129","uses","T1003.006"
"M1026","mitigates","T1599"
"S0249","uses","T1033"
"S0386","uses","T1057"
"S0262","uses","T1564.003"
"S1178","uses","T1059.005"
"S9010","uses","T1678"
"S0452","uses","T1083"
"S1146","uses","T1555.003"
"S0011","uses","T1566.001"
"G0034","uses","T1566.002"
"S0032","uses","T1685.005"
"S0069","uses","T1059.003"
"S0283","uses","T1070.004"
"G0016","uses","S0521"
"S0458","uses","T1053.005"
"G1043","uses","T1685"
"T1074.001","subtechnique-of","T1074"
"S0154","uses","T1113"
"S1100","uses","T1016"
"G0032","uses","T1016"
"M1031","mitigates","T1095"
"S0250","uses","T1105"
"G1017","uses","T1133"
"S0471","uses","T1106"
"G0143","uses","S0141"
"S0670","uses","T1021.001"
"S1183","uses","T1027.013"
"S0242","uses","T1055.013"
"S1242","uses","T1106"
"G0021","uses","S0547"
"S0633","uses","T1001.002"
"S0154","uses","T1564.010"
"G0037","uses","T1102"
"G0065","uses","T1027.001"
"G0082","uses","S0376"
"S1138","uses","T1547.001"
"S1206","uses","T1685"
"G0032","uses","T1588.004"
"S0650","uses","T1041"
"G0025","uses","T1583.006"
"G1019","uses","T1027.002"
"G0020","uses","T1542.002"
"G0022","uses","T1059.003"
"S0562","uses","T1565.001"
"S0697","uses","T1112"
"G0135","uses","T1588.002"
"S0384","uses","T1518"
"S0054","uses","T1071.001"
"S0002","uses","T1547.005"
"M1036","mitigates","T1550.001"
"S1121","uses","T1090"
"G0007","uses","T1039"
"G0131","uses","S0002"
"G0004","uses","T1558.001"
"G1044","uses","T1132.001"
"S1130","uses","T1497"
"M1040","mitigates","T1569.002"
"S1060","uses","T1074.001"
"S0532","uses","T1033"
"S0585","uses","T1566.001"
"S0395","uses","T1027.013"
"G1030","uses","T1505.003"
"S1081","uses","T1027.010"
"S0618","uses","T1135"
"S0605","uses","T1490"
"S0515","uses","T1560"
"M1038","mitigates","T1218.012"
"S0652","uses","T1056.001"
"G1039","uses","T1119"
"G0129","uses","T1218.004"
"G1016","uses","T1136.001"
"G0140","uses","T1608.001"
"S0084","uses","T1105"
"S1129","uses","T1059.001"
"S0667","uses","T1105"
"S0610","uses","T1573.001"
"G0100","uses","T1566.001"
"G0090","uses","T1036.005"
"G0077","uses","T1046"
"G1054","uses","T1070.004"
"S0339","uses","T1059.003"
"G0129","uses","T1586.002"
"G0046","uses","T1219"
"G0081","uses","T1564.001"
"G1011","uses","T1585.001"
"S0436","uses","T1555.003"
"S0378","uses","T1087.001"
"S0517","uses","T1027"
"M1046","mitigates","T1601.001"
"S1014","uses","T1027.013"
"M1026","mitigates","T1003.008"
"G1016","uses","T1003.002"
"S1122","uses","T1217"
"S0532","uses","T1570"
"S0171","uses","T1033"
"S0354","uses","T1027.010"
"G1006","uses","S0194"
"S0226","uses","T1059.005"
"G0060","uses","S0106"
"G1001","uses","T1585.001"
"S0263","uses","T1105"
"S1105","uses","T1055"
"S0670","uses","T1112"
"S0521","uses","T1069.001"
"S0237","uses","T1071.001"
"S0673","uses","T1010"
"S9036","uses","T1074.001"
"S0223","uses","T1047"
"S0217","uses","T1082"
"G0046","uses","T1564.001"
"G0115","uses","T1190"
"G0034","uses","T1018"
"G0004","uses","T1021.002"
"G0040","uses","T1036.005"
"S0697","uses","T1070"
"S9010","uses","T1539"
"S0156","uses","T1082"
"G0087","uses","T1021.001"
"S0386","uses","T1041"
"S1229","uses","T1071.001"
"G1044","uses","T1530"
"S0266","uses","T1021.005"
"G0114","uses","T1556.001"
"M1038","mitigates","T1106"
"G1017","uses","T1140"
"S0616","uses","T1071.001"
"S0595","uses","T1564.001"
"G0047","uses","T1005"
"S0051","uses","T1568.002"
"S0331","uses","T1057"
"S0640","uses","T1083"
"M1024","mitigates","T1685.001"
"S1087","uses","T1090.003"
"G0094","uses","T1027.007"
"G0049","uses","S0160"
"S1194","uses","T1543"
"S9008","uses","T1685"
"S1040","uses","T1083"
"S0355","uses","T1057"
"S0384","uses","T1071.001"
"S0681","uses","T1095"
"G0053","uses","S0005"
"S0356","uses","T1070.004"
"S0660","uses","T1567.002"
"S0276","uses","T1555.002"
"G1043","uses","T1614.001"
"G0093","uses","T1136.002"
"S0267","uses","T1518.001"
"G0102","uses","T1021"
"G1052","uses","T1566.003"
"S1037","uses","T1547.001"
"S1110","uses","T1505.003"
"T1027.006","subtechnique-of","T1027"
"S0144","uses","T1132.001"
"S0567","uses","T1070.004"
"G1051","uses","T1567.002"
"S0552","uses","T1069.002"
"G1052","uses","T1546.004"
"G0069","uses","T1059.007"
"S0382","uses","T1105"
"S0349","uses","T1003.001"
"G0134","uses","T1566.002"
"G1030","uses","T1005"
"G0019","uses","S0108"
"G0050","uses","T1082"
"S0538","uses","T1053.005"
"S9024","uses","T1005"
"S0241","uses","T1007"
"S0678","uses","T1049"
"S0118","uses","T1105"
"S1107","uses","T1016.001"
"S0584","uses","T1071.001"
"S0595","uses","T1056.001"
"S0267","uses","T1027.013"
"G0129","uses","S0154"
"G0087","uses","T1033"
"G1004","uses","T1090"
"S1074","uses","T1071.001"
"S1044","uses","T1218.011"
"S1244","uses","T1543.003"
"S0065","uses","T1059.003"
"S1087","uses","T1680"
"S0671","uses","T1053.005"
"S0029","uses","T1543.003"
"S1149","uses","T1027.001"
"G0102","uses","S0097"
"M1025","mitigates","T1547.005"
"S0205","uses","T1016"
"G0059","uses","T1021.001"
"G0006","uses","T1560.001"
"S1051","uses","T1140"
"S1048","uses","T1497.001"
"M1033","mitigates","T1543"
"S0139","uses","T1010"
"S1199","uses","T1489"
"G0010","uses","S0256"
"S0673","uses","T1059.001"
"G1003","uses","T1095"
"S0125","uses","T1027.013"
"M1026","mitigates","T1072"
"G1026","uses","T1055.001"
"G0102","uses","T1021.001"
"S1173","uses","T1041"
"G0102","uses","T1550.002"
"G1023","uses","T1583.005"
"S0279","uses","T1021.005"
"S0137","uses","T1680"
"S1168","uses","T1102.002"
"S1017","uses","T1005"
"M1032","mitigates","T1601"
"S0332","uses","T1115"
"S9001","uses","T1140"
"S0368","uses","T1021.002"
"S0105","uses","T1087.002"
"G1054","uses","T1003.002"
"S1129","uses","T1047"
"S0646","uses","T1082"
"G0045","uses","T1078"
"S0601","uses","T1609"
"S0381","uses","T1547.001"
"G1041","uses","T1114.001"
"G1054","uses","T1083"
"T1548.002","subtechnique-of","T1548"
"G1051","uses","S0160"
"S0018","uses","T1057"
"S0444","uses","T1548.002"
"S0576","uses","T1588.003"
"S1114","uses","T1095"
"M1037","mitigates","T1071.004"
"S0455","uses","T1574.001"
"S0520","uses","T1036.005"
"S0434","uses","T1057"
"S0596","uses","T1027.011"
"G1002","uses","T1204.002"
"S0223","uses","T1029"
"S0554","uses","T1124"
"S0464","uses","T1059.003"
"G1041","uses","T1583.002"
"S1124","uses","T1105"
"S1117","uses","T1059.001"
"S1233","uses","T1056.001"
"G0006","uses","S0121"
"G0122","uses","T1598.003"
"S0038","uses","T1078"
"G1033","uses","T1550.004"
"S0699","uses","T1132"
"S0147","uses","T1547.001"
"S0681","uses","T1106"
"M1051","mitigates","T1602"
"S0015","uses","T1070.004"
"G0129","uses","T1560.001"
"S1145","uses","T1622"
"S1016","uses","T1074.001"
"S1044","uses","T1055.001"
"S0610","uses","T1083"
"S0467","uses","T1518.001"
"G0065","uses","S0232"
"S0226","uses","T1555.003"
"S0695","uses","T1027.013"
"S0240","uses","T1106"
"S0112","uses","T1542.003"
"G0016","uses","T1078.004"
"S0579","uses","T1574.001"
"S9015","uses","T1070.010"
"M1021","mitigates","T1539"
"S1119","uses","T1140"
"S1014","uses","T1070.004"
"S1119","uses","T1505.003"
"S9010","uses","T1102.001"
"S1160","uses","T1027.007"
"S0511","uses","T1027.003"
"S1189","uses","T1071.001"
"S0632","uses","T1083"
"S0438","uses","T1573.002"
"S0013","uses","T1124"
"S1124","uses","T1027.013"
"G1041","uses","T1608.003"
"M1026","mitigates","T1543"
"G0094","uses","T1027.013"
"G0009","uses","T1505.003"
"S0449","uses","T1055.001"
"G1023","uses","S1050"
"G1006","uses","T1059.007"
"G1015","uses","T1538"
"S0546","uses","T1113"
"S0363","uses","T1068"
"S0441","uses","T1057"
"G0049","uses","S1151"
"S9025","uses","T1027.013"
"S0681","uses","T1027"
"G0119","uses","T1583"
"S0665","uses","T1543.003"
"S1159","uses","T1027.013"
"G0099","uses","T1684.001"
"G1050","uses","T1585.001"
"S0132","uses","T1027"
"S0401","uses","T1071.001"
"S0649","uses","T1105"
"S1013","uses","T1036.004"
"S0431","uses","T1070.004"
"T1100","revoked-by","T1505.003"
"S0589","uses","T1016"
"S0200","uses","T1547.004"
"S0154","uses","T1112"
"S0065","uses","T1071.001"
"G0050","uses","T1583.001"
"S9030","uses","T1534"
"S0053","uses","T1560.002"
"S0037","uses","T1071.001"
"S1068","uses","T1548.002"
"S1073","uses","T1046"
"M1018","mitigates","T1686.002"
"S0606","uses","T1053.005"
"S0363","uses","T1020"
"G0061","uses","T1068"
"S0200","uses","T1029"
"S1191","uses","T1489"
"S9023","uses","T1095"
"S1015","uses","T1033"
"S1170","uses","T1105"
"G0082","uses","T1059.005"
"S0601","uses","T1613"
"S0487","uses","T1030"
"S1050","uses","T1059.003"
"G1048","uses","T1212"
"S0348","uses","T1056.001"
"M1032","mitigates","T1078.002"
"S0333","uses","T1102.002"
"G0019","uses","S0059"
"S1108","uses","T1059.004"
"S0386","uses","T1132"
"S0260","uses","T1113"
"S0093","uses","T1016"
"T1546.006","subtechnique-of","T1546"
"S1239","uses","T1047"
"S0589","uses","T1027.010"
"S0434","uses","T1059"
"G0093","uses","T1583.004"
"S1111","uses","T1036.007"
"G0049","uses","T1113"
"G1046","uses","T1059.003"
"G0059","uses","T1087.003"
"T1585.003","subtechnique-of","T1585"
"S0378","uses","T1119"
"S0201","uses","T1197"
"S1141","uses","T1518"
"S9010","uses","T1213.003"
"M1042","mitigates","T1098"
"S0430","uses","T1140"
"S0514","uses","T1005"
"S1039","uses","T1497.003"
"S1059","uses","T1095"
"S0652","uses","T1547.001"
"G0073","uses","T1112"
"S0251","uses","T1120"
"S0335","uses","T1016"
"S0391","uses","T1071.001"
"S0674","uses","T1140"
"S0148","uses","T1120"
"G0034","uses","S0342"
"G0076","uses","T1048.003"
"G0050","uses","T1012"
"S1224","uses","T1573.002"
"G0035","uses","T1608.004"
"S0576","uses","T1531"
"S1221","uses","T1027.013"
"S0182","uses","T1027.002"
"G0037","uses","T1005"
"S1199","uses","T1548.002"
"G0049","uses","T1025"
"G1032","uses","T1537"
"S9020","uses","T1041"
"S1039","uses","T1218.008"
"S1210","uses","T1106"
"S0466","uses","T1027.013"
"S0251","uses","T1033"
"S9008","uses","T1195.001"
"S0198","uses","T1059.005"
"G0090","uses","S0363"
"S0265","uses","T1027"
"G0045","uses","S0627"
"S1160","uses","T1005"
"G0091","uses","S0191"
"S9030","uses","T1485"
"M1056","mitigates","T1586.001"
"G0125","uses","T1057"
"S1164","uses","T1685.006"
"S0038","uses","T1543.003"
"S1078","uses","T1132.001"
"G0125","uses","T1003.001"
"S0374","uses","T1046"
"S0226","uses","T1071.001"
"G0050","uses","T1027.010"
"G1014","uses","T1071.001"
"M1024","mitigates","T1574.011"
"S0128","uses","T1036.001"
"S0167","uses","T1547.001"
"S0690","uses","T1555.001"
"S1139","uses","T1490"
"M1028","mitigates","T1542.005"
"S0492","uses","T1496.001"
"S1100","uses","T1566.003"
"S0692","uses","T1069.001"
"T1583.005","subtechnique-of","T1583"
"S1075","uses","T1071.001"
"G1021","uses","T1567.002"
"S9031","uses","T1041"
"G0106","uses","T1496.001"
"S0533","uses","T1059.003"
"S1179","uses","T1069.001"
"G0114","uses","T1071.004"
"S0487","uses","T1059"
"S0600","uses","T1611"
"G0050","uses","T1059.003"
"S1059","uses","T1546.003"
"S0520","uses","T1132.001"
"M1044","mitigates","T1574"
"S0125","uses","T1556.002"
"G0050","uses","T1048.003"
"S0019","uses","T1036.001"
"S0499","uses","T1204.001"
"S1242","uses","T1036.004"
"G0047","uses","T1039"
"S0331","uses","T1555.003"
"G0137","uses","T1204.002"
"S9008","uses","T1105"
"S0599","uses","T1222.002"
"S0531","uses","T1222.001"
"G0095","uses","T1059.005"
"S0468","uses","T1083"
"M1037","mitigates","T1090.003"
"S1111","uses","T1547.001"
"G0067","uses","T1204.002"
"S0167","uses","T1055.001"
"G0106","uses","T1027.004"
"S0650","uses","T1033"
"M1030","mitigates","T1210"
"S0492","uses","T1539"
"G1007","uses","S1026"
"G0006","uses","S0012"
"S0022","uses","T1071.001"
"S1203","uses","T1016"
"S0356","uses","T1547.001"
"G0105","uses","S0029"
"M1022","mitigates","T1565.003"
"S0617","uses","T1486"
"S1193","uses","T1132.001"
"G1048","uses","T1675"
"S0441","uses","T1059.001"
"M1027","mitigates","T1003.003"
"G0094","uses","T1585"
"G1055","uses","T1027.015"
"G0024","uses","S0065"
"G1015","uses","S0670"
"S0531","uses","T1027.013"
"S0249","uses","T1105"
"S0363","uses","T1546.008"
"G0143","uses","T1021.001"
"G0120","uses","T1566.002"
"G0073","uses","T1189"
"M1047","mitigates","T1671"
"G0069","uses","T1583.006"
"G0143","uses","T1005"
"S1134","uses","T1485"
"S1034","uses","T1053.005"
"S0244","uses","T1087.001"
"S0351","uses","T1033"
"S0167","uses","T1555"
"G1015","uses","T1486"
"S9023","uses","T1497.003"
"T1021.005","subtechnique-of","T1021"
"G1039","uses","T1083"
"S0428","uses","T1119"
"S0234","uses","T1105"
"S0352","uses","T1573.001"
"S1130","uses","T1036.004"
"G0087","uses","S0002"
"S0280","uses","T1082"
"G0106","uses","T1574.006"
"S0260","uses","T1010"
"S0692","uses","T1685"
"M1022","mitigates","T1552.004"
"S0024","uses","T1105"
"S0698","uses","T1036.005"
"S0375","uses","T1059.003"
"G0114","uses","T1482"
"G1053","uses","T1053.005"
"S0230","uses","T1027.016"
"M1051","mitigates","T1189"
"S0089","uses","T1046"
"G1047","uses","T1571"
"G0108","uses","S0002"
"G0059","uses","T1105"
"G0004","uses","S0227"
"S0155","uses","T1012"
"G1016","uses","T1003.003"
"S1015","uses","T1027.013"
"S0377","uses","T1140"
"S9001","uses","T1001"
"G0022","uses","T1016"
"S0268","uses","T1059.005"
"G0080","uses","S0002"
"S0351","uses","T1041"
"S1111","uses","T1041"
"G0096","uses","T1542.003"
"G0106","uses","T1564.001"
"G0096","uses","T1685.005"
"S0256","uses","T1518.001"
"G0131","uses","T1069.001"
"S0262","uses","T1082"
"M1026","mitigates","T1553.006"
"S1060","uses","T1005"
"S0587","uses","T1016"
"M1026","mitigates","T1484"
"S0644","uses","T1120"
"S1239","uses","T1132.002"
"S0220","uses","T1059.004"
"T1044","revoked-by","T1574.010"
"S0228","uses","T1105"
"S0455","uses","T1566.001"
"S0689","uses","T1218.004"
"G0046","uses","T1059.001"
"S0646","uses","T1518"
"G1047","uses","T1133"
"G0012","uses","T1057"
"S0614","uses","T1105"
"M1030","mitigates","T1048"
"G1001","uses","T1016.001"
"G1030","uses","T1583"
"M1027","mitigates","T1558.003"
"S0335","uses","T1074.001"
"S0098","uses","T1082"
"G0094","uses","T1589.003"
"S0680","uses","T1059.001"
"S0385","uses","T1106"
"S0171","uses","T1071.001"
"T1059.013","subtechnique-of","T1059"
"S0192","uses","T1555.003"
"S0126","uses","T1027.010"
"G1017","uses","T1570"
"S0495","uses","T1036.005"
"S0150","uses","T1568.002"
"G0028","uses","S0039"
"S0635","uses","T1071.001"
"S1066","uses","T1082"
"S0409","uses","T1555.003"
"S0367","uses","T1132.001"
"S0022","uses","T1090.003"
"S0125","uses","T1036.005"
"M1056","mitigates","T1589.003"
"G0096","uses","S0194"
"G0016","uses","S0588"
"M1018","mitigates","T1543.004"
"S0576","uses","T1490"
"G1009","uses","T1686.003"
"S0674","uses","T1041"
"S0663","uses","T1005"
"G1012","uses","T1584.006"
"G0099","uses","S9017"
"S0520","uses","T1027.013"
"S0476","uses","T1104"
"M1018","mitigates","T1047"
"S0456","uses","T1134.002"
"G1047","uses","T1570"
"S0690","uses","T1082"
"S0248","uses","T1005"
"T1132.002","subtechnique-of","T1132"
"G0007","uses","T1113"
"S0038","uses","T1572"
"S1183","uses","T1059.007"
"S0153","uses","T1113"
"G1040","uses","T1560.001"
"G1045","uses","T1587.001"
"S0598","uses","T1071.001"
"G1052","uses","T1683.001"
"S0342","uses","T1071.001"
"M1026","mitigates","T1547.006"
"G0067","uses","T1036.001"
"S0340","uses","T1132.001"
"T1595.003","subtechnique-of","T1595"
"S0367","uses","T1135"
"G0049","uses","T1007"
"G1030","uses","S1137"
"S0340","uses","T1041"
"S0226","uses","T1497.001"
"G0090","uses","T1074.001"
"G1055","uses","T1684.001"
"G0089","uses","T1203"
"S0365","uses","T1529"
"G1032","uses","T1087.002"
"S0184","uses","T1071.004"
"G0049","uses","S0075"
"S1235","uses","T1056.001"
"S0632","uses","T1105"
"S1100","uses","T1204.002"
"S0692","uses","T1113"
"S1105","uses","T1059.004"
"M1036","mitigates","T1684"
"S0649","uses","T1102"
"S0476","uses","T1008"
"G1006","uses","T1210"
"S0342","uses","T1553.002"
"S0081","uses","T1057"
"G0129","uses","T1070"
"T1063","revoked-by","T1518.001"
"G1032","uses","S0029"
"S0085","uses","T1041"
"G0047","uses","T1608.001"
"S0376","uses","T1550.002"
"S1060","uses","T1140"
"G0021","uses","T1140"
"G0120","uses","T1548.002"
"S1245","uses","T1105"
"G1015","uses","S1040"
"S0115","uses","T1070.004"
"S0207","uses","T1547.001"
"S0350","uses","T1083"
"S0622","uses","T1057"
"G0003","uses","S0004"
"G0140","uses","T1204.002"
"G0073","uses","T1543.003"
"S1124","uses","T1482"
"S0212","uses","T1048.003"
"S0483","uses","T1053.005"
"G0126","uses","T1090.001"
"G0106","uses","T1053.003"
"M1026","mitigates","T1134.003"
"S0088","uses","T1082"
"G0094","uses","T1218.011"
"S0257","uses","T1518.001"
"S0456","uses","T1071.001"
"G0056","uses","T1204.002"
"S0220","uses","T1110"
"T1036.004","subtechnique-of","T1036"
"S0350","uses","T1070.004"
"S0476","uses","T1518.001"
"S0170","uses","T1071.001"
"S1074","uses","T1036.005"
"G0046","uses","S0151"
"S0387","uses","T1059.006"
"M1022","mitigates","T1055.009"
"S0495","uses","T1113"
"G0092","uses","T1204.002"
"G1041","uses","T1690"
"G1017","uses","S1154"
"S0412","uses","T1083"
"S0496","uses","T1059.005"
"S0356","uses","T1027.013"
"S0373","uses","T1218.010"
"G0058","revoked-by","G0059"
"S0502","uses","T1059.004"
"G1048","uses","T1218.011"
"S0331","uses","T1125"
"G1051","uses","T1070.003"
"G0004","uses","T1041"
"G0096","uses","T1087.001"
"S0192","uses","T1123"
"M1026","mitigates","T1542.001"
"S1085","uses","T1105"
"S0468","uses","T1518.001"
"S0268","uses","T1140"
"G0114","uses","T1560.001"
"G1051","uses","T1650"
"S0600","uses","T1020"
"G0016","uses","T1053.005"
"S1207","uses","T1053.005"
"S0253","uses","T1059.003"
"S1149","uses","T1083"
"S0192","uses","T1055.001"
"S0130","uses","T1685"
"G0069","uses","T1059.005"
"S1169","uses","T1082"
"G0007","uses","S0039"
"G0027","uses","S0073"
"S1201","uses","T1112"
"S0198","uses","T1027"
"S0262","uses","T1105"
"S0644","uses","T1547.001"
"S0547","uses","T1083"
"S1246","uses","T1217"
"S0132","uses","T1059.003"
"S0085","uses","T1105"
"S0230","uses","T1574.001"
"S0044","uses","T1071.001"
"S1012","uses","T1217"
"G1040","uses","T1018"
"S0013","uses","T1620"
"S0115","uses","T1124"
"S0473","uses","T1057"
"S0520","uses","T1553.002"
"S0601","uses","T1574.006"
"G0010","uses","T1021.002"
"G0006","uses","S0109"
"G0073","uses","T1071.001"
"T1055.011","subtechnique-of","T1055"
"S0650","uses","T1027.006"
"S0615","uses","T1027"
"S0533","uses","T1033"
"G0066","uses","S0203"
"G0067","uses","T1548.002"
"S0565","uses","T1036.005"
"S0082","uses","T1082"
"T1088","revoked-by","T1548.002"
"S0455","uses","T1124"
"S0143","uses","T1518.001"
"S0579","uses","T1055.003"
"G0045","uses","S0006"
"M1047","mitigates","T1550"
"G0096","uses","T1071.001"
"S0528","uses","T1204.001"
"T1127.001","subtechnique-of","T1127"
"G0069","uses","T1016"
"S0330","uses","T1113"
"M1047","mitigates","T1552.006"
"S0647","uses","T1033"
"S0187","uses","T1132.001"
"G0056","uses","T1587.002"
"S9031","uses","T1574.001"
"S0627","uses","T1033"
"G1043","uses","T1560"
"S0015","uses","T1547.001"
"S0659","uses","T1685"
"G0063","uses","T1027"
"S0252","uses","T1685"
"S0649","uses","T1082"
"S0672","uses","T1001.002"
"G1011","uses","T1566.001"
"S0650","uses","T1016.001"
"G1039","uses","T1059.003"
"S0127","uses","T1547.001"
"S0154","uses","T1069.002"
"S0131","uses","T1027.013"
"M1017","mitigates","T1213.001"
"S0458","uses","T1074.001"
"T1213.003","subtechnique-of","T1213"
"M1038","mitigates","T1127.003"
"S0040","uses","T1014"
"S0634","uses","T1218.011"
"S0599","uses","T1552.003"
"S0085","uses","T1008"
"T1588.004","subtechnique-of","T1588"
"G0067","uses","T1033"
"S0687","uses","T1542.002"
"S0436","uses","T1083"
"S1064","uses","T1041"
"S0453","uses","T1027.016"
"S0030","uses","T1021.001"
"S0385","uses","T1018"
"S0412","uses","T1113"
"G0027","uses","S0154"
"M1018","mitigates","T1134.001"
"S0630","uses","T1095"
"G0012","uses","T1140"
"G0100","uses","T1082"
"G0037","uses","T1547.001"
"S0140","uses","T1485"
"G1001","uses","S1021"
"M1037","mitigates","T1197"
"G0019","uses","S0096"
"S0082","uses","T1573.001"
"M1047","mitigates","T1685"
"S0465","uses","T1071.002"
"S9003","uses","T1539"
"M1047","mitigates","T1528"
"T1496.002","subtechnique-of","T1496"
"M1028","mitigates","T1021.001"
"M1037","mitigates","T1205"
"S0076","uses","T1573.001"
"G1048","uses","T1074.001"
"S9014","uses","T1678"
"S1199","uses","T1136"
"S0650","uses","T1573.001"
"G1043","uses","T1059.003"
"M1036","mitigates","T1110.004"
"G1040","uses","T1057"
"S0567","uses","T1217"
"G0094","uses","T1564.002"
"G0007","uses","T1110.001"
"S0368","uses","T1685.005"
"S0013","uses","T1057"
"G0130","uses","T1566.001"
"S1184","uses","T1543"
"S0516","uses","T1071.001"
"S1159","uses","T1057"
"M1041","mitigates","T1565.002"
"G0099","uses","T1588.001"
"G0102","uses","S0534"
"S0635","uses","T1204.002"
"G1002","uses","T1027.013"
"M1056","mitigates","T1594"
"S0226","uses","T1105"
"G0087","uses","T1027.002"
"S0194","uses","T1055.001"
"S0455","uses","T1095"
"M1018","mitigates","T1566.001"
"S1012","uses","T1105"
"S0267","uses","T1082"
"G1018","uses","T1218.005"
"S0632","uses","T1016"
"S0395","uses","T1001.002"
"S0363","uses","T1119"
"S0455","uses","T1547.001"
"S0203","uses","T1082"
"S0154","uses","T1049"
"G1039","uses","T1059.001"
"S1122","uses","T1566.002"
"S0055","uses","T1105"
"G0080","uses","T1559.002"
"S0583","uses","T1552.001"
"G0032","uses","T1573.001"
"S1147","uses","T1680"
"G0046","uses","T1572"
"S0330","uses","T1105"
"S1026","uses","T1573.001"
"S1060","uses","T1059.001"
"G0094","uses","T1176.001"
"S0376","uses","T1686"
"S0601","uses","T1046"
"T1084","revoked-by","T1546.003"
"G0049","uses","T1556.002"
"G0108","uses","T1090"
"G0006","uses","T1119"
"S0384","uses","T1218.010"
"M1016","mitigates","T1190"
"S1053","uses","T1547.001"
"S0148","uses","T1124"
"S0497","uses","T1543.001"
"T1584.002","subtechnique-of","T1584"
"S0370","uses","T1027.016"
"G1055","uses","T1036.005"
"S1039","uses","T1005"
"S1246","uses","T1082"
"S0601","uses","T1133"
"S0218","uses","T1105"
"G0087","uses","T1041"
"S9024","uses","T1572"
"S0347","uses","T1055"
"G0060","uses","T1548.002"
"G0129","uses","T1071.001"
"G0016","uses","T1016.001"
"S0385","uses","T1070.004"
"S0484","uses","T1185"
"G1003","uses","T1125"
"M1037","mitigates","T1048.001"
"S0570","uses","T1486"
"S1202","uses","T1106"
"S0039","uses","T1049"
"T1522","revoked-by","T1552.005"
"S0352","uses","T1140"
"T1547.005","subtechnique-of","T1547"
"S0561","uses","T1497.001"
"S0115","uses","T1082"
"S0013","uses","T1012"
"S0638","uses","T1027.002"
"S1228","uses","T1053.005"
"G0047","uses","T1027.015"
"M1022","mitigates","T1685"
"S1136","uses","T1554"
"S0354","uses","T1016"
"M1047","mitigates","T1574"
"G0045","uses","T1016"
"S1089","uses","T1053.005"
"G0094","uses","T1070.004"
"S9003","uses","T1071.001"
"M1026","mitigates","T1078.002"
"S0396","uses","T1497.001"
"G0027","uses","S0002"
"S9039","uses","T1480"
"S0572","uses","T1110"
"G0004","uses","S0002"
"T1546.018","subtechnique-of","T1546"
"T1547.001","subtechnique-of","T1547"
"S0631","uses","T1566.001"
"M1017","mitigates","T1078.002"
"G0102","uses","S0349"
"S0182","uses","T1055.001"
"G1009","uses","S1033"
"S0689","uses","T1027.013"
"S1196","uses","T1059.001"
"G0134","uses","T1036.005"
"G0096","uses","S0412"
"G0034","uses","S0029"
"G1047","uses","T1040"
"S0347","uses","T1105"
"S1086","uses","T1547.001"
"G0131","uses","S0268"
"G1021","uses","S0013"
"S0634","uses","T1005"
"S0345","uses","T1057"
"S1122","uses","T1082"
"G0038","uses","T1555"
"G1047","uses","T1083"
"S1248","uses","T1614"
"S0085","uses","T1071.001"
"T1053.001","revoked-by","T1053.002"
"S1224","uses","T1040"
"M1026","mitigates","T1190"
"G0035","uses","T1012"
"S0527","uses","T1112"
"S0501","uses","T1055.001"
"S1213","uses","T1218.015"
"S0534","uses","T1497"
"G0009","uses","T1027.005"
"S0348","uses","T1573.001"
"G0119","uses","T1685"
"S1236","uses","T1574.001"
"S1044","uses","T1572"
"M1016","mitigates","T1195.001"
"T1085","revoked-by","T1218.011"
"S0050","uses","T1555"
"S0331","uses","T1027"
"G0022","uses","T1049"
"S0194","uses","T1027.010"
"S0192","uses","T1016"
"S0088","uses","T1057"
"G1047","uses","T1686"
"M1018","mitigates","T1609"
"S0353","uses","T1124"
"G0018","uses","T1036.005"
"S1130","uses","T1218.010"
"G0136","uses","T1583.001"
"M1026","mitigates","T1078.004"
"G0117","uses","T1552.001"
"S0492","uses","T1686"
"S1150","uses","T1553.002"
"S0659","uses","T1021.002"
"S1196","uses","T1553.002"
"S0201","uses","T1071.003"
"T1204.005","subtechnique-of","T1204"
"G0038","uses","T1057"
"G0051","uses","T1059.003"
"S0495","uses","T1132.001"
"G1051","uses","T1071.001"
"S9035","uses","T1036.005"
"G1019","uses","T1113"
"G1023","uses","T1074.001"
"S0375","uses","T1056.001"
"M1029","mitigates","T1119"
"S1239","uses","T1680"
"G1041","uses","T1584.002"
"S1209","uses","T1071.001"
"S1130","uses","T1033"
"S1068","uses","T1087.002"
"S0236","uses","T1083"
"S1031","uses","T1082"
"S0039","uses","T1070.005"
"S9010","uses","T1555.003"
"S0455","uses","T1041"
"G0093","uses","S0110"
"M1038","mitigates","T1218.015"
"S0210","uses","T1553.002"
"S0446","uses","T1614.001"
"S0667","uses","T1680"
"S0521","uses","T1087.002"
"S0512","uses","T1008"
"S0216","uses","T1113"
"G0140","uses","T1102"
"M1031","mitigates","T1204.005"
"S0398","uses","T1071.001"
"S1015","uses","T1105"
"S1032","uses","T1140"
"G1008","uses","T1016"
"G0102","uses","T1222.001"
"S0665","uses","T1105"
"M1022","mitigates","T1686"
"G0087","uses","T1204.002"
"S1229","uses","T1082"
"S1013","uses","T1012"
"S0074","uses","T1573.001"
"G0034","uses","T1589.003"
"S0283","uses","T1082"
"G0139","uses","T1048"
"T1070.002","revoked-by","T1685.006"
"G0016","uses","T1587.001"
"M1037","mitigates","T1071.003"
"S0616","uses","T1490"
"G1052","uses","T1685"
"G1033","uses","T1204.002"
"G1048","uses","T1070.007"
"S0500","uses","T1059.003"
"S0223","uses","T1082"
"S0652","uses","T1059.003"
"M1032","mitigates","T1136.002"
"G0030","uses","T1074.001"
"S0258","uses","T1071.001"
"S0140","uses","T1543.003"
"S0662","uses","T1113"
"S1196","uses","T1059.003"
"S0483","uses","T1218.011"
"S0240","uses","T1622"
"S1018","uses","T1082"
"G0006","uses","T1114.002"
"S1100","uses","T1083"
"G0068","uses","T1056.004"
"T1071.004","subtechnique-of","T1071"
"S0124","uses","T1132.001"
"G0087","uses","S0005"
"S1230","uses","T1057"
"S0238","uses","T1119"
"S0180","uses","T1106"
"M1047","mitigates","T1610"
"G1053","uses","T1087.004"
"G0138","uses","T1590.005"
"G1051","uses","T1686"
"S0125","uses","T1095"
"S1013","uses","T1027.013"
"G0032","uses","T1082"
"S9032","uses","T1560"
"G0050","uses","S0154"
"S0276","uses","T1564.009"
"M1037","mitigates","T1021.005"
"S1050","uses","T1027.013"
"S0087","uses","T1547.001"
"S1111","uses","T1027.013"
"G0050","uses","T1574.001"
"S0483","uses","T1036.005"
"G1011","uses","T1203"
"G0065","uses","T1583.001"
"G0102","uses","T1570"
"G0010","uses","T1547.001"
"M1027","mitigates","T1078"
"S0333","uses","T1197"
"S0603","uses","T1210"
"G0073","uses","T1059"
"T1587.002","subtechnique-of","T1587"
"S0275","uses","T1113"
"M1042","mitigates","T1685"
"G0129","uses","T1018"
"S0496","uses","T1041"
"G0047","uses","S0147"
"G0099","uses","T1584.005"
"S0021","uses","T1218.010"
"S0643","uses","T1059.003"
"S1244","uses","T1057"
"S0262","uses","T1614"
"S1022","uses","T1070.004"
"S0251","uses","T1056.004"
"S0267","uses","T1012"
"S1122","uses","T1204.002"
"G1015","uses","T1059.004"
"S0638","uses","T1489"
"S0696","uses","T1059.005"
"G1016","uses","T1190"
"G1055","uses","T1679"
"S0512","uses","T1082"
"G0012","uses","T1189"
"S0248","uses","T1497.001"
"G0096","uses","T1135"
"T1562.009","revoked-by","T1688"
"S0666","uses","T1497"
"G0022","uses","T1090.002"
"S0011","uses","T1016"
"G1015","uses","T1133"
"S0514","uses","T1071.004"
"G1001","uses","T1546.003"
"M1013","mitigates","T1574"
"G0001","uses","S0032"
"G0139","uses","T1057"
"S1189","uses","T1090"
"S0448","uses","T1140"
"S1016","uses","T1543.001"
"M1026","mitigates","T1078.003"
"S1063","uses","T1113"
"S0604","uses","T1105"
"S0373","uses","T1518.001"
"S1075","uses","T1204.002"
"S0352","uses","T1059.004"
"S0404","uses","T1003.003"
"G0009","uses","T1218.010"
"S0528","uses","T1057"
"S0625","uses","T1059.003"
"S0141","uses","T1095"
"G0129","uses","T1069.002"
"G0112","uses","S0466"
"S0666","uses","T1027.011"
"S1222","uses","T1105"
"G0030","uses","T1134"
"G0094","uses","T1219.002"
"T1573.002","subtechnique-of","T1573"
"G0139","uses","T1059.001"
"G0138","uses","T1189"
"M1045","mitigates","T1036"
"G0125","uses","S0357"
"T1015","revoked-by","T1546.008"
"T1586.003","subtechnique-of","T1586"
"T1608.005","subtechnique-of","T1608"
"G0049","uses","T1059.001"
"G0065","uses","S0021"
"G1006","uses","T1036.005"
"G0030","uses","T1087.001"
"M1031","mitigates","T1048.002"
"M1018","mitigates","T1550.003"
"S0266","uses","T1027"
"G0126","uses","T1204.002"
"S0079","uses","T1041"
"S0201","uses","T1083"
"S0084","uses","T1036.005"
"S0344","uses","T1555.003"
"S0115","uses","T1140"
"S0260","uses","T1056.001"
"G0032","uses","T1033"
"G0094","uses","S1197"
"G0034","uses","S1058"
"S0198","uses","T1059.001"
"G0010","uses","T1005"
"S1118","uses","T1554"
"S1228","uses","T1622"
"G0061","uses","T1546.003"
"G0034","uses","T1078"
"G0135","uses","T1036.005"
"S9019","uses","T1033"
"G1041","uses","T1583.003"
"S9038","uses","T1680"
"G0059","uses","S0674"
"S1183","uses","T1218.011"
"G0129","uses","T1001.003"
"S0086","uses","T1083"
"S0128","uses","T1119"
"S1039","uses","T1518.001"
"S0615","uses","T1070.004"
"S0113","uses","T1555.003"
"G0075","uses","T1204.002"
"S0694","uses","T1622"
"S1229","uses","T1057"
"S0234","uses","T1120"
"M1026","mitigates","T1688"
"S1239","uses","T1070.004"
"S0093","uses","T1218.011"
"M1040","mitigates","T1055.014"
"T1590.002","subtechnique-of","T1590"
"M1040","mitigates","T1055.013"
"G1041","uses","T1588.004"
"S0534","uses","T1055.013"
"G0046","uses","T1546.011"
"S0526","uses","T1036.005"
"S0471","uses","T1036.004"
"S0257","uses","T1115"
"T1021.002","subtechnique-of","T1021"
"S0203","uses","T1005"
"S0172","uses","T1027.013"
"S1059","uses","T1620"
"S0646","uses","T1566.002"
"S0024","uses","T1055.001"
"G1021","uses","T1588.002"
"M1013","mitigates","T1564"
"T1102.001","subtechnique-of","T1102"
"S0496","uses","T1489"
"M1032","mitigates","T1136.003"
"G1045","uses","T1048.003"
"G0078","uses","T1059.003"
"S0606","uses","T1036.005"
"S0531","uses","T1124"
"S0527","uses","T1053.005"
"G0035","uses","T1566.001"
"G0129","uses","T1048.003"
"S0640","uses","T1685"
"S0601","uses","T1552.001"
"G0007","uses","S0193"
"S0569","uses","T1025"
"G0045","uses","T1568.001"
"G1003","uses","T1572"
"S0674","uses","T1102.001"
"S1090","uses","T1071.004"
"G0066","uses","S0211"
"S0604","uses","T1018"
"S0534","uses","T1070.009"
"S0473","uses","T1518.001"
"T1215","revoked-by","T1547.006"
"S0367","uses","T1071.001"
"G0096","uses","T1599"
"S0632","uses","T1132.001"
"S0147","uses","T1071.001"
"G0085","uses","T1090.003"
"S1096","uses","T1486"
"G1017","uses","T1593"
"S0684","uses","T1087.004"
"G0032","uses","T1620"
"G0038","uses","T1016"
"S1142","uses","T1204.002"
"M1018","mitigates","T1654"
"G1040","uses","T1027.010"
"S0673","uses","T1124"
"S0469","uses","T1071.001"
"T1053.003","subtechnique-of","T1053"
"G0007","uses","T1583.006"
"M1026","mitigates","T1558.002"
"S1228","uses","T1027.015"
"M1041","mitigates","T1565"
"S0677","uses","T1098.005"
"S0678","uses","T1140"
"S0036","uses","T1083"
"S1135","uses","T1565.001"
"S0062","uses","T1560.001"
"S0468","uses","T1547.006"
"S0139","uses","T1485"
"G0045","uses","S0002"
"G1019","uses","S1090"
"G1054","uses","T1482"
"G0115","uses","T1113"
"G1032","uses","T1074"
"S1235","uses","T1140"
"G1017","uses","T1680"
"G0045","uses","T1036.003"
"G0108","uses","T1047"
"G0139","uses","T1552.005"
"G1046","uses","S0029"
"S0658","uses","T1036"
"S0476","uses","T1204.002"
"S1183","uses","T1518"
"S0666","uses","T1112"
"G0136","uses","S0653"
"S0623","uses","T1090.003"
"G1033","uses","S1140"
"M1028","mitigates","T1003.001"
"G0043","uses","S0385"
"S0680","uses","T1113"
"S0125","uses","T1018"
"G0016","uses","S0661"
"S9016","uses","T1055.012"
"S0154","uses","T1001.003"
"S0404","uses","T1564.004"
"S0184","uses","T1033"
"S0267","uses","T1071.001"
"S0467","uses","T1119"
"S0094","uses","T1555.003"
"S0612","uses","T1112"
"G0010","uses","T1012"
"S0094","uses","T1057"
"S0504","uses","T1059.004"
"G0046","uses","T1559.002"
"G1023","uses","S0002"
"S1059","uses","T1112"
"S0149","uses","T1095"
"M1021","mitigates","T1218.001"
"S9010","uses","T1005"
"G0098","uses","T1190"
"S0226","uses","T1547.001"
"G0007","uses","T1057"
"M1031","mitigates","T1048.001"
"G0046","uses","T1069.002"
"G1044","uses","T1059.005"
"S1090","uses","T1070.006"
"G0049","uses","T1070.004"
"G0037","uses","T1059.003"
"S0499","uses","T1106"
"G0007","uses","T1189"
"S0367","uses","T1041"
"G0139","uses","T1070.003"
"S0140","uses","T1016"
"M1047","mitigates","T1606.001"
"S1239","uses","T1056.001"
"G0032","uses","T1041"
"S0337","uses","T1082"
"S0186","uses","T1012"
"S0128","uses","T1053.005"
"G0096","uses","T1480.001"
"G1053","uses","T1003.006"
"G0106","uses","T1059.006"
"S0600","uses","T1573.002"
"T1583.004","subtechnique-of","T1583"
"S0213","uses","T1056.001"
"G1053","uses","T1526"
"G0096","uses","T1484.001"
"S1178","uses","T1059.001"
"S0266","uses","T1543.003"
"G1004","uses","T1087.002"
"S0685","uses","T1059.001"
"S0486","uses","T1016"
"M1018","mitigates","T1574"
"S0260","uses","T1033"
"S0455","uses","T1070"
"S0337","uses","T1113"
"G0047","uses","T1102.003"
"S1018","uses","T1059.003"
"S0694","uses","T1124"
"G0035","uses","T1189"
"G1021","uses","T1078"
"G0034","uses","T1566.001"
"S0559","uses","T1005"
"S1081","uses","T1071.001"
"G1024","uses","T1036.005"
"S0471","uses","T1547.001"
"G0049","uses","T1588.002"
"S9021","uses","T1105"
"S0445","uses","T1087"
"S0184","uses","T1518.001"
"M1040","mitigates","T1216.001"
"S0387","uses","T1564.003"
"S1027","uses","T1140"
"M1032","mitigates","T1078.003"
"S0032","uses","T1055"
"S0245","uses","T1001.003"
"G0060","uses","T1059.005"
"G1053","uses","T1567.002"
"G0096","uses","T1595.002"
"G0030","uses","S0357"
"S0543","uses","T1059.003"
"S0198","uses","T1055"
"M1027","mitigates","T1552"
"T1069.003","subtechnique-of","T1069"
"G0129","uses","T1566.002"
"G1006","uses","T1140"
"S0428","uses","T1125"
"G0139","uses","T1074.001"
"S1178","uses","T1112"
"S1089","uses","T1564.003"
"G0010","uses","T1007"
"S0341","uses","T1053.003"
"G0139","uses","T1595.002"
"S9023","uses","T1008"
"S1167","uses","T1120"
"S0019","uses","T1090.002"
"T1099","revoked-by","T1070.006"
"S0433","uses","T1547.001"
"G0049","uses","S0184"
"M1026","mitigates","T1612"
"G0061","uses","T1566.002"
"G1040","uses","T1587.001"
"S0661","uses","T1005"
"G0117","uses","T1217"
"G0143","uses","T1105"
"G0076","uses","T1219.002"
"S0667","uses","T1082"
"G1033","uses","T1608.001"
"S1025","uses","T1041"
"S0630","uses","T1547.001"
"M1037","mitigates","T1498"
"S1242","uses","T1673"
"S0137","uses","T1082"
"G1045","uses","T1098.004"
"G0139","uses","T1059.013"
"S1183","uses","T1027.002"
"G1043","uses","T1136.002"
"T1219.001","subtechnique-of","T1219"
"G0001","uses","S0672"
"M1052","mitigates","T1546.011"
"G0095","uses","T1059.006"
"S0447","uses","T1083"
"G0092","uses","T1568.001"
"S0692","uses","T1047"
"S0451","uses","T1564.001"
"S0184","uses","T1069.002"
"G1052","uses","T1681"
"S0471","uses","T1027.003"
"S0601","uses","T1027.002"
"S0488","uses","T1110.001"
"S0353","uses","T1547.001"
"S0456","uses","T1113"
"S0093","uses","T1055"
"G0122","uses","T1589.003"
"S1073","uses","T1490"
"S0075","uses","T1012"
"T1498.002","subtechnique-of","T1498"
"S0376","uses","T1083"
"S1240","uses","T1113"
"G1024","uses","T1078"
"S0517","uses","T1027.015"
"G1009","uses","T1082"
"S0240","uses","T1057"
"S0253","uses","T1056.001"
"G0007","uses","S0243"
"G0066","uses","T1566.001"
"S0415","uses","T1027.013"
"S1130","uses","T1105"
"S0154","uses","T1134.004"
"S0640","uses","T1106"
"G0008","uses","T1218.011"
"G0032","uses","T1102.002"
"G0016","uses","T1583.006"
"S0208","uses","T1057"
"M1050","mitigates","T1190"
"S1181","uses","T1486"
"S0169","uses","T1560.003"
"S1202","uses","T1480"
"S1112","uses","T1132.001"
"S1168","uses","T1105"
"M1026","mitigates","T1484.002"
"S0667","uses","T1140"
"M1026","mitigates","T1098.002"
"S1247","uses","T1057"
"G1040","uses","S0552"
"S0240","uses","T1070.004"
"G0082","uses","T1529"
"S0045","uses","T1070.004"
"T1590.005","subtechnique-of","T1590"
"S0410","uses","T1027.013"
"S0625","uses","T1070.004"
"S1226","uses","T1112"
"S0089","uses","T1021.002"
"S0665","uses","T1082"
"G0034","uses","S0598"
"G0128","uses","T1573.001"
"S1239","uses","T1547.001"
"S0262","uses","T1112"
"S0246","uses","T1571"
"G0102","uses","T1204.002"
"M1057","mitigates","T1005"
"G0092","uses","T1027.013"
"S0022","uses","T1059.003"
"S0115","uses","T1497.003"
"G0004","uses","T1119"
"M1028","mitigates","T1552"
"S0687","uses","T1005"
"G0066","uses","S0210"
"G0099","uses","T1583.006"
"S0279","uses","T1548.003"
"M1028","mitigates","T1548"
"S0493","uses","T1041"
"S0250","uses","T1071.001"
"S0659","uses","T1491.001"
"S0239","uses","T1140"
"S0203","uses","T1112"
"G0016","uses","T1090.003"
"S1229","uses","T1059.001"
"S0264","uses","T1047"
"M1056","mitigates","T1682"
"S0160","uses","T1553.004"
"M1038","mitigates","T1219"
"S0062","uses","T1041"
"S0380","uses","T1124"
"G0070","uses","T1218.001"
"S1012","uses","T1005"
"S0338","uses","T1059.003"
"S0567","uses","T1036.005"
"S0603","uses","T1027.013"
"S0402","uses","T1222.002"
"S0559","uses","T1124"
"G0137","uses","T1036.002"
"S1210","uses","T1055.001"
"G0082","uses","T1204.001"
"G0060","uses","T1132.001"
"S0677","uses","T1598.003"
"S1150","uses","T1559"
"S0531","uses","T1547.001"
"G0037","uses","S0503"
"G0094","uses","T1583.004"
"S0251","uses","T1041"
"S0532","uses","T1497.001"
"G0126","uses","T1027.013"
"S0225","uses","T1190"
"S1207","uses","T1059.010"
"S0650","uses","T1027.010"
"S0030","uses","T1059.003"
"S0587","uses","T1205"
"S0124","uses","T1016"
"S0456","uses","T1033"
"M1056","mitigates","T1608.006"
"S0259","uses","T1027"
"S0414","uses","T1057"
"S1201","uses","T1185"
"S9035","uses","T1087.002"
"G1052","uses","T1059.003"
"S9034","uses","T1105"
"G1018","uses","T1588.002"
"M1037","mitigates","T1218.012"
"G0059","uses","T1190"
"S1060","uses","T1090.001"
"G0117","uses","T1059.003"
"G0010","uses","S1075"
"S0488","uses","T1053.002"
"G0007","uses","T1595.002"
"G1003","uses","T1110"
"S0013","uses","T1574.001"
"S0257","uses","T1140"
"G1015","uses","T1021.004"
"M1038","mitigates","T1216"
"G0007","uses","T1546.015"
"G0087","uses","T1053.005"
"S1229","uses","T1055.002"
"S0395","uses","T1140"
"G1015","uses","T1204"
"G0060","uses","T1518"
"S0543","uses","T1132.001"
"S0547","uses","T1102"
"S0531","uses","T1204.002"
"S0332","uses","T1055"
"S0487","uses","T1140"
"G0094","uses","T1552.004"
"S0127","uses","T1007"
"S0237","uses","T1057"
"S0439","uses","T1027.003"
"S0552","uses","T1016"
"G0096","uses","T1005"
"S0570","uses","T1027.013"
"S1138","uses","T1059.001"
"G0064","uses","T1566.001"
"S1160","uses","T1566.001"
"S0060","uses","T1082"
"S1084","uses","T1008"
"G0024","uses","T1547.001"
"S0375","uses","T1041"
"S1149","uses","T1115"
"G0108","uses","T1059.003"
"G0032","uses","T1560"
"S1068","uses","T1112"
"S0554","uses","T1027.002"
"M1042","mitigates","T1052.001"
"S0136","uses","T1070.006"
"S0459","uses","T1132.001"
"S0259","uses","T1070.004"
"G1033","uses","T1539"
"S1193","uses","T1047"
"G0010","uses","S0581"
"S0126","uses","T1029"
"S1229","uses","T1105"
"S9014","uses","T1565"
"S0499","uses","T1566.001"
"S0236","uses","T1027.013"
"M1018","mitigates","T1078"
"S0375","uses","T1027.013"
"G0096","uses","S1051"
"G0016","uses","T1037"
"G0022","uses","T1218.011"
"S1239","uses","T1105"
"M1040","mitigates","T1036"
"M1038","mitigates","T1047"
"T1567.003","subtechnique-of","T1567"
"T1562.004","revoked-by","T1686"
"G0096","uses","T1133"
"S0402","uses","T1204.002"
"M1041","mitigates","T1558"
"S0142","uses","T1543.003"
"G1026","uses","S1122"
"G0082","uses","T1071.001"
"G0049","uses","T1204.002"
"S0689","uses","T1106"
"S0363","uses","T1555.001"
"S1158","uses","T1036.005"
"S0152","uses","T1123"
"S0196","uses","T1547.001"
"T1557.002","subtechnique-of","T1557"
"G0082","uses","T1105"
"S1138","uses","T1497.003"
"S0658","uses","T1195.001"
"S0451","uses","T1059.004"
"S0600","uses","T1041"
"G1004","uses","T1133"
"G0098","uses","T1021.004"
"S0332","uses","T1566.001"
"S9013","uses","T1056.001"
"S0394","uses","T1095"
"S0414","uses","T1059.005"
"S0347","uses","T1059.003"
"S1170","uses","T1106"
"G0069","uses","T1547.001"
"S0672","uses","T1105"
"S0458","uses","T1120"
"S0239","uses","T1082"
"S0178","uses","T1547.001"
"G1015","uses","T1556.006"
"G0049","uses","T1133"
"M1031","mitigates","T1557.002"
"S0458","uses","T1574.001"
"G0061","uses","T1053.005"
"G0010","uses","S1141"
"S1196","uses","T1036.005"
"S1085","uses","T1135"
"S0669","uses","T1082"
"G0050","uses","S0157"
"M1041","mitigates","T1530"
"G0034","uses","T1204.002"
"S1117","uses","T1140"
"G1017","uses","T1589.002"
"G0053","uses","T1119"
"S0125","uses","T1071.003"
"M1040","mitigates","T1055.003"
"G0037","uses","T1588.002"
"S1193","uses","T1573.001"
"S9002","uses","T1082"
"S0022","uses","T1564.005"
"M1018","mitigates","T1098.001"
"S1169","uses","T1573.002"
"S0446","uses","T1078.002"
"S1156","uses","T1555.003"
"S0584","uses","T1553.002"
"M1021","mitigates","T1568"
"S0363","uses","T1615"
"S1202","uses","T1685.005"
"S0141","uses","T1057"
"S0471","uses","T1124"
"S1031","uses","T1036.004"
"S0278","uses","T1057"
"M1043","mitigates","T1599.001"
"S0031","uses","T1012"
"S0184","uses","T1069.001"
"G1016","uses","T1589"
"G1004","uses","T1078"
"G0007","uses","T1199"
"G0142","uses","T1059.005"
"S1149","uses","T1005"
"S0237","uses","T1025"
"G0027","uses","S0357"
"G0037","uses","T1070.004"
"S1020","uses","T1041"
"S0569","uses","T1056.001"
"S0189","uses","T1140"
"M1042","mitigates","T1553.005"
"G0084","uses","T1560.001"
"G0045","uses","T1056.001"
"G0010","uses","T1110"
"G1017","uses","T1497.001"
"G1046","uses","T1140"
"M1054","mitigates","T1685"
"S0031","uses","T1071.001"
"S0051","uses","T1027"
"G0094","uses","S0252"
"S1145","uses","T1571"
"G0081","uses","T1221"
"S1122","uses","T1106"
"S1181","uses","T1490"
"G0010","uses","T1570"
"G0108","uses","T1003.001"
"G1043","uses","T1112"
"S1156","uses","T1041"
"G0096","uses","T1070.004"
"S0194","uses","T1134"
"S0400","uses","T1070.005"
"S0241","uses","T1071.001"
"S0629","uses","T1007"
"S0236","uses","T1543.003"
"M1038","mitigates","T1674"
"G1048","uses","T1059.006"
"G0022","uses","T1027"
"G0007","uses","T1120"
"G0059","uses","T1204.002"
"S0079","uses","T1105"
"S0610","uses","T1059.003"
"G0129","uses","T1041"
"S0579","uses","T1055"
"S0626","uses","T1057"
"S0121","uses","T1003.001"
"S0472","uses","T1057"
"G0056","uses","T1078.003"
"S0354","uses","T1132.001"
"S1050","uses","T1546.015"
"M1018","mitigates","T1053.007"
"G1022","uses","S0154"
"M1032","mitigates","T1098.005"
"S1018","uses","T1497.003"
"M1048","mitigates","T1189"
"G0037","uses","T1003.003"
"G0050","uses","S0352"
"G0098","uses","T1106"
"G1052","uses","T1657"
"S1022","uses","T1552.002"
"G0094","uses","T1620"
"S0154","uses","T1134.001"
"S1202","uses","T1070.004"
"S9029","uses","T1027.010"
"S0371","uses","T1059.001"
"S0560","uses","T1027"
"G0129","uses","S1230"
"G0114","uses","T1021.006"
"G0088","uses","S0002"
"S0533","uses","T1543.003"
"S0694","uses","T1005"
"M1042","mitigates","T1505"
"S0372","uses","T1531"
"S0167","uses","T1027"
"S1228","uses","T1057"
"S0263","uses","T1027.013"
"G0092","uses","T1027.002"
"G0049","uses","S0104"
"S0187","uses","T1560.001"
"M1018","mitigates","T1484.001"
"G0050","uses","T1566.002"
"G0059","uses","T1218.011"
"M1056","mitigates","T1587.003"
"S0191","uses","T1569.002"
"G0128","uses","T1124"
"S0470","uses","T1105"
"S1153","uses","T1113"
"S0530","uses","T1185"
"S1148","uses","T1124"
"G0114","uses","T1083"
"T1684.002","subtechnique-of","T1684"
"G0125","uses","S0029"
"S0024","uses","T1053.005"
"S0239","uses","T1543.003"
"S1087","uses","T1033"
"G1046","uses","T1036.010"
"S0264","uses","T1132.001"
"S0234","uses","T1027.003"
"T1159","revoked-by","T1543.001"
"S0570","uses","T1070.006"
"S0332","uses","T1059.006"
"S0476","uses","T1113"
"G0007","uses","T1059.003"
"T1585.002","subtechnique-of","T1585"
"M1027","mitigates","T1110.004"
"M1047","mitigates","T1213.001"
"S0438","uses","T1105"
"S0006","uses","T1003.002"
"T1546.011","subtechnique-of","T1546"
"G0064","uses","S0336"
"S0257","uses","T1119"
"S0622","uses","T1134"
"S0588","uses","T1016"
"S0530","uses","T1105"
"G0093","uses","T1133"
"S1159","uses","T1087.001"
"S0470","uses","T1071.001"
"M1056","mitigates","T1597.001"
"S0499","uses","T1547.001"
"S0660","uses","T1027"
"S1014","uses","T1204.002"
"S0500","uses","T1564.003"
"M1028","mitigates","T1197"
"G0114","uses","T1087.002"
"M1030","mitigates","T1612"
"S0531","uses","T1033"
"G0082","uses","T1685"
"S0094","uses","T1547.001"
"S0452","uses","T1120"
"S0143","uses","T1136.001"
"G0102","uses","T1053.005"
"G0092","uses","T1552.001"
"S0491","uses","T1036.004"
"S1242","uses","T1548.002"
"S0670","uses","T1546.015"
"S0487","uses","T1016"
"M1054","mitigates","T1684.002"
"S0108","uses","T1546.007"
"G0114","uses","T1057"
"S1085","uses","T1140"
"S0444","uses","T1574"
"S0271","uses","T1082"
"G0059","uses","T1027.010"
"G1017","uses","T1003.003"
"S0339","uses","T1547.009"
"S1141","uses","T1560.001"
"S1203","uses","T1573.002"
"S0561","uses","T1106"
"G0128","uses","T1140"
"M1038","mitigates","T1059.007"
"G1041","uses","T1560.001"
"S0453","uses","T1566.002"
"G0069","uses","T1140"
"G0127","uses","T1218.011"
"G0102","uses","S0359"
"S1013","uses","T1053.005"
"S1122","uses","T1218.011"
"S1153","uses","T1074.001"
"G1024","uses","T1558"
"S0625","uses","T1620"
"G1022","uses","T1566.003"
"M1026","mitigates","T1059.013"
"S0417","uses","T1059.007"
"G0008","uses","T1078"
"S0352","uses","T1082"
"G0135","uses","T1055.001"
"G0094","uses","T1111"
"G0087","uses","T1070.004"
"S1169","uses","T1027.013"
"G0115","uses","T1219"
"S1169","uses","T1083"
"S1183","uses","T1059.001"
"G0081","uses","T1033"
"G0129","uses","T1072"
"S0681","uses","T1003.001"
"S0363","uses","T1087.002"
"G0064","uses","S1134"
"G0034","uses","T1106"
"S1131","uses","T1112"
"S1063","uses","T1057"
"S0256","uses","T1059.001"
"G1046","uses","T1056"
"G1044","uses","T1113"
"S1063","uses","T1027"
"M1051","mitigates","T1548"
"G0046","uses","T1021.001"
"S0367","uses","T1027.009"
"M1018","mitigates","T1547.006"
"S0078","uses","T1071.001"
"G0060","uses","T1071.001"
"S0622","uses","T1056.001"
"G0027","uses","T1033"
"G0034","uses","T1588.002"
"S0160","uses","T1140"
"S0260","uses","T1074.001"
"M1042","mitigates","T1127.003"
"G0004","uses","S0057"
"S0255","uses","T1218.011"
"S0090","uses","T1020"
"G0119","uses","T1074.001"
"G0081","uses","T1046"
"G0019","uses","T1046"
"S0356","uses","T1115"
"S9015","uses","T1057"
"S0022","uses","T1027.011"
"S0375","uses","T1115"
"S1085","uses","T1005"
"S0661","uses","T1027.013"
"S0030","uses","T1055.002"
"G0060","uses","T1039"
"S0663","uses","T1027.011"
"S9021","uses","T1070.004"
"S0649","uses","T1204.001"
"S1048","uses","T1027.008"
"S0265","uses","T1132.001"
"S0671","uses","T1497.003"
"S1130","uses","T1574"
"S0345","uses","T1036.004"
"G0019","uses","T1047"
"S1140","uses","T1105"
"G0075","uses","S0255"
"S0496","uses","T1082"
"G0022","uses","T1566.002"
"G1051","uses","T1564.003"
"S0695","uses","T1057"
"S1059","uses","T1140"
"S1153","uses","T1057"
"G1041","uses","T1564.011"
"G0119","uses","T1021.001"
"M1027","mitigates","T1110.002"
"S0237","uses","T1497.001"
"G0077","uses","T1003.005"
"S1202","uses","T1218.003"
"S0454","uses","T1560"
"G1031","uses","T1685"
"S0127","uses","T1569.002"
"G0085","uses","T1204.002"
"G1017","uses","T1027.002"
"T1027.011","subtechnique-of","T1027"
"S1179","uses","T1140"
"S0554","uses","T1039"
"M1017","mitigates","T1557.002"
"S0513","uses","T1012"
"S0154","uses","T1543.003"
"S0575","uses","T1489"
"G0073","uses","T1027.013"
"G0137","uses","T1036.005"
"S0124","uses","T1071.004"
"S0140","uses","T1027"
"S9017","uses","T1573.002"
"S1042","uses","T1036.005"
"S0526","uses","T1555.003"
"G0127","uses","T1027.003"
"S1111","uses","T1552"
"S9023","uses","T1033"
"M1017","mitigates","T1598.003"
"S0378","uses","T1082"
"S1123","uses","T1559"
"S1185","uses","T1071.001"
"S1226","uses","T1543.003"
"G0032","uses","T1203"
"S0460","uses","T1055.001"
"S0154","uses","T1059.005"
"S0196","uses","T1036.005"
"S1155","uses","T1218.004"
"S0633","uses","T1134"
"S0282","uses","T1115"
"G0102","uses","T1027.010"
"G1030","uses","T1074.001"
"G1017","uses","T1573.001"
"S0352","uses","T1571"
"G0061","uses","T1204.001"
"G1014","uses","T1105"
"S0094","uses","T1082"
"G0005","uses","T1102.002"
"G1003","uses","T1588.001"
"S0394","uses","T1574.006"
"S0499","uses","T1059.001"
"G0034","uses","S1167"
"S0455","uses","T1056.002"
"S1160","uses","T1140"
"M1042","mitigates","T1059.001"
"S0699","uses","T1090.001"
"G1046","uses","T1574.001"
"T1059.004","subtechnique-of","T1059"
"G0045","uses","T1087.002"
"S1130","uses","T1036.008"
"M1022","mitigates","T1574.007"
"M1042","mitigates","T1218.008"
"S1023","uses","T1102.002"
"T1591.002","subtechnique-of","T1591"
"G0034","uses","T1583.004"
"S0032","uses","T1218.011"
"S0069","uses","T1057"
"S0446","uses","T1059.003"
"S1240","uses","T1204.002"
"S0401","uses","T1543"
"G0094","uses","S0527"
"G1004","uses","T1588.001"
"S0352","uses","T1543.001"
"S1213","uses","T1497.001"
"G0105","uses","T1110"
"S1213","uses","T1218.005"
"G0021","uses","T1566.001"
"S1132","uses","T1070.009"
"G0030","uses","T1090.001"
"G0092","uses","T1059.005"
"S0456","uses","T1010"
"S0080","uses","T1547.001"
"G1021","uses","T1657"
"S9008","uses","T1059.004"
"S0053","uses","T1105"
"S1070","uses","T1112"
"G0069","uses","T1559.002"
"S0606","uses","T1189"
"S0180","uses","T1573.001"
"S0412","uses","T1012"
"G0024","uses","T1685"
"S0531","uses","T1010"
"G0070","uses","T1189"
"S0657","uses","T1518.001"
"S0266","uses","T1027.002"
"M1027","mitigates","T1550"
"S1064","uses","T1071.001"
"G0125","uses","T1530"
"S1240","uses","T1657"
"G0080","uses","T1204.002"
"T1218.002","subtechnique-of","T1218"
"S0363","uses","T1547.005"
"S0669","uses","T1564.003"
"G0100","uses","T1059.001"
"G0030","uses","T1539"
"S0132","uses","T1091"
"G0093","uses","S0013"
"S1015","uses","T1559.001"
"S1240","uses","T1087.001"
"S0089","uses","T1049"
"M1042","mitigates","T1091"
"S0266","uses","T1552.001"
"T1160","revoked-by","T1543.004"
"S0640","uses","T1057"
"S0068","uses","T1573.001"
"S0247","uses","T1105"
"S0686","uses","T1016.001"
"S1042","uses","T1074.001"
"G0022","uses","S0349"
"S0356","uses","T1036.004"
"S0684","uses","T1069.003"
"S0377","uses","T1556"
"S0402","uses","T1176.001"
"G0061","uses","S0196"
"S1159","uses","T1113"
"S0625","uses","T1059.001"
"G0040","uses","T1566.001"
"G0123","uses","S0572"
"S0136","uses","T1547.001"
"G1021","uses","T1090"
"S0170","uses","T1059.001"
"S9015","uses","T1574.007"
"S0658","uses","T1098.004"
"T1552.007","subtechnique-of","T1552"
"S0337","uses","T1083"
"G1054","uses","T1684.001"
"S9010","uses","T1564.003"
"G0087","uses","T1102.002"
"G0037","uses","S0284"
"S0640","uses","T1490"
"S0466","uses","T1071.001"
"G1024","uses","S0029"
"G1026","uses","T1657"
"S0011","uses","T1140"
"G1055","uses","T1087.002"
"G0099","uses","S9019"
"S0459","uses","T1071.001"
"S1111","uses","T1005"
"S1202","uses","T1685"
"G0012","uses","T1091"
"S1151","uses","T1553.002"
"G1052","uses","T1048.003"
"G0128","uses","T1598.003"
"S0170","uses","T1057"
"S0340","uses","T1036.005"
"S0034","uses","T1083"
"S1228","uses","T1140"
"S0331","uses","T1185"
"S0254","uses","T1112"
"G0065","uses","S0110"
"G0050","uses","T1598.003"
"S1039","uses","T1055.004"
"G0016","uses","T1027.006"
"G0006","uses","T1566.002"
"G1051","uses","T1135"
"S1146","uses","T1005"
"S0670","uses","T1564"
"S0554","uses","T1106"
"S1160","uses","T1070.004"
"G0080","uses","T1068"
"S0141","uses","T1547.001"
"S0448","uses","T1082"
"G0016","uses","T1070.004"
"T1024","revoked-by","T1573"
"S0208","uses","T1680"
"S0491","uses","T1027.013"
"T1194","revoked-by","T1566.003"
"S0515","uses","T1095"
"G1022","uses","S1101"
"G0027","uses","T1608.001"
"S1119","uses","T1573.001"
"S0631","uses","T1033"
"S0692","uses","T1055"
"G0096","uses","S0097"
"S0533","uses","T1036.004"
"G0010","uses","S0099"
"S0211","uses","T1105"
"S0660","uses","T1569.002"
"S0663","uses","T1083"
"S1138","uses","T1614.001"
"S1160","uses","T1083"
"S0467","uses","T1124"
"M1034","mitigates","T1091"
"G0102","uses","T1070.004"
"G0119","uses","T1555.005"
"G0007","uses","T1557.004"
"G0069","uses","T1027.010"
"S0668","uses","T1059.003"
"S0074","uses","T1574.001"
"S0641","uses","T1554"
"S1242","uses","T1480"
"S0579","uses","T1105"
"T1168","revoked-by","T1053"
"S1014","uses","T1071.004"
"S0476","uses","T1033"
"S0157","uses","T1082"
"S0366","uses","T1486"
"S1202","uses","T1083"
"G1008","uses","T1608.001"
"S0664","uses","T1068"
"S1066","uses","T1036"
"G1016","uses","T1036.004"
"S0119","uses","T1003.005"
"S1033","uses","T1124"
"S0192","uses","T1114.001"
"S0414","uses","T1083"
"G0040","uses","T1027.010"
"S0527","uses","T1553.002"
"G0018","uses","T1083"
"S0113","uses","T1555"
"S0149","uses","T1083"
"S0454","uses","T1115"
"G0030","uses","T1112"
"M1037","mitigates","T1499.002"
"G1001","uses","T1069.001"
"G0004","uses","T1083"
"S0661","uses","T1071.001"
"G0046","uses","T1674"
"S9032","uses","T1053.005"
"G1017","uses","T1003.001"
"G0102","uses","T1552.006"
"S0360","uses","T1564.003"
"G0016","uses","T1203"
"G0049","uses","T1078.002"
"G0099","uses","T1036.004"
"G1043","uses","T1055.012"
"G0129","uses","T1557"
"S0248","uses","T1057"
"S0613","uses","T1059.001"
"S1199","uses","T1112"
"S0352","uses","T1105"
"S9030","uses","T1491.001"
"S0446","uses","T1036.005"
"S9010","uses","T1027.013"
"G0091","uses","T1021.001"
"S0576","uses","T1083"
"G0065","uses","T1585.002"
"T1583.002","subtechnique-of","T1583"
"S1031","uses","T1016"
"S0011","uses","T1012"
"G0050","uses","S0156"
"S0149","uses","T1120"
"S0409","uses","T1132.001"
"S1240","uses","T1036"
"S0336","uses","T1685"
"G1037","uses","T1059.007"
"S0677","uses","T1552.001"
"S0013","uses","T1070.009"
"G1014","uses","T1557.002"
"S0129","uses","T1548.002"
"S1160","uses","T1559.001"
"G1035","uses","T1583.003"
"G1006","uses","T1583.001"
"G0096","uses","S1185"
"S0526","uses","T1059.003"
"M1056","mitigates","T1585.001"
"S1185","uses","T1129"
"S0466","uses","T1027.015"
"S1210","uses","T1057"
"S1125","uses","T1561.001"
"G0007","uses","S0002"
"S0044","uses","T1547.001"
"S0553","uses","T1547.001"
"S0583","uses","T1685"
"M1028","mitigates","T1563.002"
"G1055","uses","T1588.001"
"G0027","uses","S0032"
"S0247","uses","T1071.003"
"G1015","uses","T1684.001"
"G1024","uses","T1018"
"S1240","uses","T1027.002"
"G0040","uses","S0262"
"G1053","uses","T1059.009"
"S0021","uses","T1082"
"S1065","uses","T1518.001"
"T1027.014","subtechnique-of","T1027"
"M1037","mitigates","T1499"
"S0045","uses","T1074.001"
"S1153","uses","T1083"
"G0077","uses","T1555.003"
"S0357","uses","T1558.003"
"G0121","uses","T1547.001"
"G0050","uses","T1087.001"
"S0147","uses","T1083"
"G0087","uses","T1560.001"
"S0532","uses","T1027.002"
"S1063","uses","T1047"
"S0564","uses","T1005"
"S0079","uses","T1005"
"G0059","uses","T1046"
"S9037","uses","T1055.002"
"S0650","uses","T1071.001"
"G1016","uses","T1021.002"
"S0125","uses","T1059.011"
"G1035","uses","T1059.007"
"S1187","uses","T1021.001"
"S0238","uses","T1569.002"
"T1497.002","subtechnique-of","T1497"
"G0094","uses","T1594"
"S1207","uses","T1056.001"
"G0102","uses","S0632"
"S0666","uses","T1057"
"S0230","uses","T1016"
"G0093","uses","T1027.002"
"G0127","uses","T1566.001"
"S9010","uses","T1657"
"G0106","uses","T1046"
"S0203","uses","T1105"
"S0681","uses","T1555.004"
"S0262","uses","T1564.001"
"S0532","uses","T1053.005"
"S0519","uses","T1205"
"G1017","uses","T1685.005"
"S1090","uses","T1132.002"
"S1018","uses","T1012"
"S1018","uses","T1053.005"
"S0363","uses","T1021.004"
"G0114","uses","S0521"
"S0382","uses","T1136.001"
"S0412","uses","T1005"
"S0583","uses","T1059.001"
"M1017","mitigates","T1213.005"
"G0080","uses","T1218.003"
"S0115","uses","T1056.001"
"M1022","mitigates","T1547.013"
"S9030","uses","T1614"
"S0435","uses","T1555"
"S0181","uses","T1082"
"S1207","uses","T1070.004"
"S0250","uses","T1047"
"S1110","uses","T1105"
"G0016","uses","T1550.003"
"G0106","uses","T1055.002"
"T1505.004","subtechnique-of","T1505"
"G1039","uses","T1036.005"
"G0032","uses","T1059.001"
"S1187","uses","T1105"
"S0233","uses","T1059.003"
"M1047","mitigates","T1213.005"
"S1139","uses","T1047"
"M1021","mitigates","T1102.001"
"S0699","uses","T1095"
"G0125","uses","T1119"
"S0019","uses","T1071.002"
"G0032","uses","T1566.002"
"G0087","uses","S0454"
"S0062","uses","T1056.001"
"G0049","uses","T1201"
"M1026","mitigates","T1003.003"
"S0265","uses","T1057"
"S0083","uses","T1095"
"S1149","uses","T1140"
"S1237","uses","T1027.007"
"G0051","uses","T1078.003"
"G0067","uses","T1555.003"
"S0052","uses","T1499"
"M1026","mitigates","T1222.002"
"G0091","uses","T1125"
"S0461","uses","T1218.011"
"T1055.001","subtechnique-of","T1055"
"S0140","uses","T1078.002"
"S0615","uses","T1105"
"S0013","uses","T1135"
"G0083","uses","T1071.003"
"T1036.002","subtechnique-of","T1036"
"S0011","uses","T1055.001"
"G1040","uses","T1078.003"
"S0263","uses","T1686.003"
"G0010","uses","T1189"
"S0331","uses","T1071.001"
"G0007","uses","T1498"
"S0514","uses","T1082"
"G0007","uses","S0045"
"M1055","mitigates","T1480.002"
"S1111","uses","T1047"
"G0007","uses","T1070.004"
"S0492","uses","T1083"
"G0049","uses","T1586.002"
"S1081","uses","T1033"
"S0546","uses","T1059.001"
"T1056.001","subtechnique-of","T1056"
"M1028","mitigates","T1543"
"S0045","uses","T1029"
"S0015","uses","T1082"
"G0040","uses","T1588.002"
"S0154","uses","T1055"
"S0054","uses","T1102.002"
"S0570","uses","T1547.001"
"S0085","uses","T1059.003"
"S0115","uses","T1071.001"
"G0046","uses","T1486"
"S0332","uses","T1090"
"G0047","uses","T1112"
"S0023","uses","T1497"
"M1048","mitigates","T1068"
"G0001","uses","S0013"
"G0107","uses","T1003.001"
"S1020","uses","T1572"
"G0093","uses","S1031"
"S1235","uses","T1543.003"
"S0203","uses","T1027"
"M1051","mitigates","T1211"
"S0495","uses","T1132.002"
"S1031","uses","T1132.001"
"S0139","uses","T1033"
"G0050","uses","T1059.001"
"S9038","uses","T1083"
"G0032","uses","T1074.001"
"S0206","uses","T1059.003"
"G0046","uses","T1588.002"
"G1023","uses","T1554"
"G0048","uses","T1566.001"
"S0350","uses","T1082"
"S0363","uses","T1558.003"
"S1185","uses","T1123"
"G0094","uses","T1059.003"
"T1543.004","subtechnique-of","T1543"
"S0343","uses","T1027.011"
"G1039","uses","T1566.001"
"S9032","uses","T1057"
"G0099","uses","T1027.013"
"G0054","uses","T1039"
"G0007","uses","S0351"
"S1150","uses","T1486"
"S0531","uses","T1027.011"
"S0235","uses","T1083"
"G1055","uses","T1490"
"G0049","uses","T1087.002"
"G0094","uses","T1583.001"
"S1100","uses","T1106"
"T1070.008","subtechnique-of","T1070"
"S0245","uses","T1090"
"G0078","uses","T1105"
"S1048","uses","T1027.009"
"S1044","uses","T1057"
"G1017","uses","T1584.005"
"S1039","uses","T1059.005"
"G0073","uses","S0154"
"S1185","uses","T1027.013"
"S0254","uses","T1016"
"S0378","uses","T1056.001"
"M1047","mitigates","T1566.002"
"S1141","uses","T1016"
"S1028","uses","T1016"
"G0117","uses","T1027.013"
"S0379","uses","T1021.001"
"G0126","uses","T1053.005"
"T1484.002","subtechnique-of","T1484"
"T1050","revoked-by","T1543.003"
"S0382","uses","T1082"
"S9001","uses","T1071.004"
"S1023","uses","T1550.001"
"S0039","uses","T1569.002"
"M1018","mitigates","T1563.002"
"G1017","uses","T1592"
"G0047","uses","T1016.001"
"G1006","uses","T1033"
"S0603","uses","T1091"
"G0064","uses","T1003.001"
"S1213","uses","T1574.001"
"S0667","uses","T1074.001"
"S0456","uses","T1082"
"S0484","uses","T1068"
"G0102","uses","T1048.003"
"T1596.005","subtechnique-of","T1596"
"S1198","uses","T1018"
"G0087","uses","T1505.003"
"G0069","uses","S9034"
"G1014","uses","T1588.002"
"S0457","uses","T1059.003"
"G1001","uses","S1014"
"S0337","uses","T1497.001"
"G0045","uses","T1003.003"
"G0092","uses","S0383"
"S0650","uses","T1553.002"
"S1182","uses","T1027.013"
"S1168","uses","T1140"
"G0004","uses","T1133"
"G1016","uses","T1003.001"
"G0046","uses","T1591"
"S9037","uses","T1547.001"
"S0446","uses","T1489"
"S0021","uses","T1070.006"
"M1029","mitigates","T1070"
"S0154","uses","T1007"
"S0165","uses","T1012"
"S1233","uses","T1115"
"S0692","uses","T1112"
"G1013","uses","T1059.003"
"S1044","uses","T1036.004"
"S0534","uses","T1005"
"S0085","uses","T1614.001"
"S1242","uses","T1021.002"
"S9020","uses","T1614.001"
"S0664","uses","T1543.003"
"S0237","uses","T1053.005"
"G1018","uses","T1204.001"
"S0512","uses","T1547.001"
"S0394","uses","T1573.001"
"S0511","uses","T1546.003"
"S0616","uses","T1083"
"G1053","uses","T1021.007"
"S0650","uses","T1027"
"S1201","uses","T1102.001"
"S1018","uses","T1106"
"S0262","uses","T1033"
"G0047","uses","T1620"
"S1156","uses","T1059.003"
"G1051","uses","T1090.003"
"S1134","uses","T1036.004"
"S0533","uses","T1569.002"
"S1239","uses","T1010"
"S1021","uses","T1105"
"S0595","uses","T1685"
"S0646","uses","T1005"
"S0382","uses","T1021.001"
"S0513","uses","T1547.001"
"S9032","uses","T1071.001"
"M1041","mitigates","T1213.006"
"G0091","uses","T1059.007"
"S1059","uses","T1560.003"
"S0149","uses","T1573.001"
"S9018","uses","T1140"
"S1189","uses","T1059.006"
"S0040","uses","T1055"
"S0402","uses","T1553.001"
"S1190","uses","T1112"
"G0129","uses","T1505.003"
"M1029","mitigates","T1685.005"
"S0390","uses","T1204.002"
"G0123","uses","T1505.003"
"S0352","uses","T1059.005"
"G0121","uses","T1071.001"
"S0331","uses","T1048.003"
"T1564.014","subtechnique-of","T1564"
"S0259","uses","T1083"
"S1153","uses","T1027.008"
"T1134.001","subtechnique-of","T1134"
"S0695","uses","T1027.002"
"S0584","uses","T1059.004"
"G0139","uses","T1027.002"
"S1018","uses","T1204.002"
"M1038","mitigates","T1204.002"
"S9024","uses","T1059.006"
"M1047","mitigates","T1546.006"
"S1100","uses","T1573.001"
"G0087","uses","T1105"
"S0378","uses","T1087.002"
"S0352","uses","T1564.001"
"G1004","uses","T1598.004"
"S1140","uses","T1560"
"S1244","uses","T1070.004"
"G1031","uses","T1684.001"
"G1009","uses","S1034"
"S0168","uses","T1071.001"
"S0170","uses","T1059.005"
"S1206","uses","T1104"
"G0030","uses","T1049"
"S9020","uses","T1027.015"
"S0460","uses","T1057"
"M1056","mitigates","T1589.002"
"S0038","uses","T1074.001"
"M1024","mitigates","T1070.007"
"G1052","uses","T1059.007"
"S1050","uses","T1056.001"
"G1008","uses","T1106"
"G1041","uses","T1588.002"
"S0022","uses","T1112"
"S1245","uses","T1518"
"S0180","uses","T1007"
"S0428","uses","T1048.003"
"S1141","uses","T1140"
"G0034","uses","T1590.001"
"G0027","uses","S0160"
"S1089","uses","T1005"
"S0368","uses","T1518.001"
"G0096","uses","T1566.001"
"S9023","uses","T1005"
"G0016","uses","T1204.001"
"G0026","uses","T1070.004"
"S0455","uses","T1497"
"S0378","uses","T1560.001"
"M1054","mitigates","T1213"
"S0034","uses","T1547.001"
"G0102","uses","S0024"
"S0034","uses","T1071.001"
"S0090","uses","T1113"
"S1087","uses","T1566.001"
"G0034","uses","S1010"
"S0572","uses","T1059.003"
"S0559","uses","T1083"
"S1184","uses","T1083"
"T1058","revoked-by","T1574.011"
"S0388","uses","T1518.001"
"S0567","uses","T1049"
"S0538","uses","T1567.002"
"S1019","uses","T1008"
"G0082","uses","T1027.002"
"G0046","uses","T1569.002"
"S9008","uses","T1078.004"
"S1018","uses","T1055.004"
"G0102","uses","T1685"
"S0625","uses","T1083"
"S1058","uses","T1490"
"M1033","mitigates","T1564.003"
"G0099","uses","S9016"
"S0456","uses","T1070.004"
"S1180","uses","T1570"
"G1023","uses","T1056.001"
"G0102","uses","T1518.001"
"S0669","uses","T1059.003"
"S1196","uses","T1552.004"
"S0495","uses","T1543.003"
"S0468","uses","T1556.003"
"S0488","uses","T1135"
"S0184","uses","T1087.002"
"S0590","uses","T1046"
"M1047","mitigates","T1564"
"S0154","uses","T1070.006"
"T1564.008","subtechnique-of","T1564"
"G0131","uses","T1056.001"
"G1054","uses","T1588.002"
"S0516","uses","T1190"
"S9010","uses","T1036"
"G0065","uses","T1566.002"
"S0151","uses","T1057"
"G1012","uses","T1583.003"
"S0211","uses","T1083"
"S0514","uses","T1105"
"S1159","uses","T1518.001"
"S0279","uses","T1555.001"
"M1028","mitigates","T1087"
"S0527","uses","T1105"
"S0251","uses","T1082"
"S1043","uses","T1070.004"
"M1026","mitigates","T1542.005"
"T1157","revoked-by","T1574.004"
"S0367","uses","T1105"
"S0531","uses","T1087.003"
"S1207","uses","T1203"
"S1242","uses","T1036.005"
"S0351","uses","T1071.003"
"S1099","uses","T1105"
"G1015","uses","T1583.001"
"S0334","uses","T1082"
"S0270","uses","T1218.010"
"G0035","uses","T1583.001"
"S9020","uses","T1056.001"
"S1111","uses","T1027"
"T1205.001","subtechnique-of","T1205"
"S1245","uses","T1057"
"S0050","uses","T1083"
"S0395","uses","T1560"
"G0004","uses","T1018"
"G0093","uses","T1505.003"
"S0337","uses","T1056.001"
"S1014","uses","T1005"
"S1032","uses","T1686"
"G0094","uses","T1012"
"S0363","uses","T1134.005"
"S1110","uses","T1140"
"G0117","uses","T1213.005"
"G0075","uses","S0254"
"S9015","uses","T1027.013"
"S0050","uses","T1555.003"
"G1018","uses","T1583.001"
"T1145","revoked-by","T1552.004"
"S0198","uses","T1053.003"
"G1006","uses","S0057"
"G0114","uses","T1021.002"
"S1172","uses","T1567.002"
"S0062","uses","T1120"
"S0527","uses","T1036.004"
"S1172","uses","T1564.003"
"S1154","uses","T1027.013"
"G1051","uses","T1190"
"S1237","uses","T1055.005"
"M1026","mitigates","T1134.002"
"S0270","uses","T1033"
"S0434","uses","T1125"
"S0382","uses","T1547.001"
"S9001","uses","T1571"
"S0449","uses","T1529"
"S0689","uses","T1071.001"
"S1227","uses","T1106"
"G0080","uses","T1218.010"
"S0051","uses","T1008"
"S0606","uses","T1003.001"
"M1051","mitigates","T1574"
"G1053","uses","S1247"
"G0034","uses","S1189"
"S1081","uses","T1090"
"G0136","uses","S0651"
"M1042","mitigates","T1137"
"S0268","uses","T1027.013"
"S0211","uses","T1070.004"
"G0022","uses","T1098.007"
"G0034","uses","T1083"
"S0141","uses","T1090.001"
"S9019","uses","T1036.005"
"S0139","uses","T1057"
"S0333","uses","T1071.001"
"G0040","uses","T1189"
"G0059","uses","T1590.005"
"G1035","uses","T1566.001"
"S0363","uses","T1574.009"
"T1141","revoked-by","T1056.002"
"S9023","uses","T1105"
"S0518","uses","T1106"
"G0006","uses","S0002"
"S1196","uses","T1560"
"S0352","uses","T1070.006"
"S0663","uses","T1016.001"
"S1145","uses","T1573.001"
"S9028","uses","T1105"
"S0496","uses","T1106"
"S1018","uses","T1566.002"
"S0692","uses","T1124"
"S9035","uses","T1482"
"G0016","uses","S0195"
"S0579","uses","T1112"
"S0397","uses","T1542.001"
"S0527","uses","T1071.001"
"G0057","revoked-by","G0049"
"T1547.008","subtechnique-of","T1547"
"S1182","uses","T1053.005"
"S0357","uses","T1558.005"
"S0391","uses","T1033"
"G0114","uses","T1059.001"
"S0625","uses","T1105"
"S9010","uses","T1195.001"
"S0428","uses","T1497.001"
"S0642","uses","T1082"
"G0006","uses","T1016"
"S0250","uses","T1059.001"
"G0094","uses","T1591"
"S1140","uses","T1083"
"S0265","uses","T1083"
"G0032","uses","S0431"
"T1114.003","subtechnique-of","T1114"
"G1023","uses","T1078.004"
"G0059","uses","S1144"
"S0260","uses","T1005"
"G0035","uses","T1003.002"
"G0067","uses","T1529"
"S9001","uses","T1564.003"
"S0438","uses","T1074.001"
"G0050","uses","T1003.001"
"G0007","uses","S0162"
"G0035","uses","T1598.002"
"S9020","uses","T1027.016"
"S0521","uses","T1087.001"
"S0681","uses","T1113"
"S0260","uses","T1564.001"
"S0387","uses","T1001.003"
"S0032","uses","T1569.002"
"G0050","uses","T1046"
"S0632","uses","T1573.001"
"S0496","uses","T1204.002"
"G0064","uses","T1566.002"
"S0484","uses","T1055.004"
"S0161","uses","T1083"
"G1054","uses","T1003.001"
"G1023","uses","S1104"
"S0461","uses","T1027.002"
"S1039","uses","T1102"
"S0488","uses","T1018"
"S0495","uses","T1140"
"G1020","uses","T1584.001"
"S0591","uses","T1125"
"M1028","mitigates","T1053"
"G1022","uses","T1087.002"
"S1075","uses","T1057"
"S1112","uses","T1505.003"
"S0114","uses","T1542.003"
"S0393","uses","T1070.006"
"G0062","uses","S0033"
"G0126","uses","T1082"
"S0657","uses","T1070.004"
"S0671","uses","T1027.002"
"S0527","uses","T1204.002"
"S0669","uses","T1105"
"G0007","uses","T1560"
"S0050","uses","T1068"
"G0138","uses","T1057"
"S1011","uses","T1134.001"
"S0236","uses","T1033"
"G0129","uses","S0357"
"G0034","uses","S0687"
"G0032","uses","S0246"
"M1056","mitigates","T1593.002"
"M1032","mitigates","T1110.003"
"S1065","uses","T1087"
"G1015","uses","S0349"
"T1213.006","subtechnique-of","T1213"
"G0129","uses","T1176.002"
"S0126","uses","T1546.015"
"S0697","uses","T1083"
"S0444","uses","T1547.001"
"G1017","uses","T1049"
"G0032","uses","T1036.003"
"S0115","uses","T1005"
"G0007","uses","T1105"
"T1069.002","subtechnique-of","T1069"
"G0096","uses","T1685"
"G0004","uses","T1003.002"
"S0533","uses","T1005"
"G0129","uses","T1588.003"
"G0126","uses","T1566.001"
"S9035","uses","T1005"
"M1018","mitigates","T1098"
"G1053","uses","T1021.006"
"G0027","uses","T1505.003"
"G0060","uses","T1685"
"G0041","uses","T1090.001"
"G0094","uses","T1071.001"
"S1084","uses","T1095"
"S1181","uses","T1068"
"M1037","mitigates","T1570"
"G1017","uses","T1087.001"
"S9013","uses","T1074.001"
"S0447","uses","T1056.001"
"G1041","uses","T1190"
"G0069","uses","S0194"
"S1178","uses","T1685.005"
"S0526","uses","T1204.002"
"G0032","uses","T1047"
"S0622","uses","T1005"
"G0001","uses","T1553"
"G0054","uses","S0188"
"G0114","uses","T1003.003"
"S1016","uses","T1005"
"M1035","mitigates","T1200"
"S1148","uses","T1027.013"
"S0012","uses","T1547.014"
"S1022","uses","T1041"
"S1052","uses","T1106"
"S0612","uses","T1497.001"
"G1004","uses","T1204"
"S0031","uses","T1057"
"S0198","uses","T1027.011"
"S0696","uses","T1059.003"
"G0027","uses","T1547.001"
"S1228","uses","T1071.002"
"S1091","uses","T1619"
"G1017","uses","T1217"
"S0030","uses","T1114.001"
"S1110","uses","T1005"
"M1018","mitigates","T1569"
"S0559","uses","T1685"
"S1153","uses","T1140"
"S0625","uses","T1056.001"
"S0275","uses","T1573.001"
"S0428","uses","T1018"
"S0375","uses","T1547.001"
"S0378","uses","T1550.002"
"G1043","uses","S0552"
"G0046","uses","T1583.006"
"M1031","mitigates","T1573.001"
"S0662","uses","T1056.001"
"S0260","uses","T1068"
"S0684","uses","T1078.004"
"G1044","uses","S1193"
"S1111","uses","T1490"
"G1048","uses","T1548"
"S0687","uses","T1083"
"M1031","mitigates","T1046"
"G0081","uses","T1016"
"S0582","uses","T1007"
"G0094","uses","T1585.001"
"S1039","uses","T1497"
"G1051","uses","T1218.014"
"G1032","uses","T1071"
"G1016","uses","T1564.001"
"S1037","uses","T1071.001"
"S0013","uses","T1127.001"
"S1022","uses","T1505.004"
"G0064","uses","S0380"
"G1052","uses","T1547.013"
"M1027","mitigates","T1187"
"S0353","uses","T1105"
"G0032","uses","T1071.001"
"S0070","uses","T1036.005"
"S0467","uses","T1041"
"G1007","uses","T1587.001"
"S1151","uses","T1059"
"S0447","uses","T1059.003"
"G0119","uses","T1590"
"S0260","uses","T1132.002"
"S0659","uses","T1027.003"
"M1056","mitigates","T1583.007"
"G0082","uses","T1217"
"G0027","uses","T1027.013"
"S0157","uses","T1112"
"S0182","uses","T1548.002"
"G1053","uses","T1190"
"G0034","uses","T1049"
"S1210","uses","T1027.002"
"G0046","uses","S0496"
"G0049","uses","T1003.004"
"M1040","mitigates","T1137.004"
"M1047","mitigates","T1543"
"S9020","uses","T1027.013"
"G0120","uses","T1070.004"
"T1055.003","subtechnique-of","T1055"
"G0129","uses","T1091"
"G1030","uses","T1110.003"
"S1249","uses","T1059.007"
"G0082","uses","T1685.005"
"G0117","uses","T1021.002"
"G0010","uses","T1584.004"
"S9013","uses","T1059.008"
"G1004","uses","T1552.008"
"S0241","uses","T1055.001"
"S0582","uses","T1057"
"S0439","uses","T1036.004"
"S1199","uses","T1082"
"S0387","uses","T1056.001"
"G1014","uses","T1005"
"G0059","uses","T1113"
"M1038","mitigates","T1546.010"
"G1012","uses","T1082"
"S0554","uses","T1140"
"M1037","mitigates","T1552"
"S1228","uses","T1016.002"
"S1140","uses","T1539"
"S0073","uses","T1505.003"
"G1054","uses","S0100"
"S1197","uses","T1090"
"S0153","uses","T1027.013"
"S0696","uses","T1027"
"S1236","uses","T1564.001"
"S0065","uses","T1573.001"
"S0556","uses","T1095"
"S1066","uses","T1564"
"S0625","uses","T1027"
"G0096","uses","S1158"
"G1032","uses","T1046"
"S0412","uses","T1033"
"G0069","uses","T1027.004"
"S0250","uses","T1115"
"S0094","uses","T1070.004"
"S1129","uses","T1059.003"
"T1557.001","subtechnique-of","T1557"
"G0108","uses","T1218.011"
"M1021","mitigates","T1204"
"S1168","uses","T1560.001"
"G0067","uses","T1005"
"G0059","uses","T1573"
"S0011","uses","T1105"
"S0358","uses","T1137.003"
"S0050","uses","T1115"
"G0005","uses","T1568.003"
"G0007","uses","T1598"
"S0606","uses","T1548.002"
"S0660","uses","T1055"
"S1245","uses","T1056.001"
"G0139","uses","T1204.003"
"S1017","uses","T1020"
"S9010","uses","T1074.001"
"S1030","uses","T1105"
"G1001","uses","T1018"
"S1178","uses","T1047"
"S0455","uses","T1070.004"
"S0009","uses","T1059.003"
"S1130","uses","T1091"
"S0045","uses","T1057"
"S0694","uses","T1105"
"S1122","uses","T1056.001"
"M1049","mitigates","T1027.012"
"T1186","revoked-by","T1055.013"
"S0277","uses","T1070.004"
"G0098","uses","T1203"
"G0009","uses","S0142"
"G0124","uses","S0377"
"S0629","uses","T1057"
"S0091","uses","T1082"
"S0618","uses","T1083"
"G1032","uses","S0359"
"S1027","uses","T1071.004"
"S0149","uses","T1059.003"
"S9014","uses","T1027.013"
"M1018","mitigates","T1686"
"S0417","uses","T1082"
"S0087","uses","T1070.004"
"S9021","uses","T1140"
"S0614","uses","T1027.002"
"S0396","uses","T1203"
"S0475","uses","T1137.001"
"S1035","uses","T1016"
"G1001","uses","T1021.001"
"G0096","uses","S0039"
"S0582","uses","T1529"
"G1042","uses","S0596"
"S0022","uses","T1036.004"
"S1222","uses","T1543.002"
"S0022","uses","T1132.002"
"G0056","uses","T1587.003"
"S1070","uses","T1083"
"G0087","uses","S0029"
"S0332","uses","T1112"
"S0211","uses","T1029"
"S0260","uses","T1112"
"S0567","uses","T1027.009"
"S0206","uses","T1055"
"S0412","uses","T1190"
"G0065","uses","S0069"
"S0341","uses","T1203"
"G0032","uses","T1557.001"
"S9001","uses","T1082"
"S0430","uses","T1573.001"
"S0692","uses","T1546.003"
"S0650","uses","T1210"
"T1546.015","subtechnique-of","T1546"
"G0090","uses","S9029"
"G0040","uses","T1204.001"
"G0128","uses","T1566.002"
"G0037","uses","T1134"
"S0534","uses","T1027.007"
"S0482","uses","T1098.004"
"S0498","uses","T1070.004"
"G0129","uses","T1059.003"
"S0643","uses","T1020"
"S1130","uses","T1071.001"
"G1016","uses","S0002"
"M1026","mitigates","T1606"
"G0009","uses","T1564.003"
"G0106","uses","T1102.001"
"M1047","mitigates","T1558.005"
"S0570","uses","T1135"
"G0049","uses","T1140"
"S0154","uses","T1083"
"S0645","uses","T1685.001"
"G0121","uses","T1559.002"
"S0662","uses","T1105"
"S1189","uses","T1132.002"
"S1140","uses","T1053.005"
"G0059","uses","T1059.005"
"T1155","revoked-by","T1059.002"
"S0379","uses","T1082"
"S0455","uses","T1112"
"S0194","uses","T1543.003"
"S1237","uses","T1036.005"
"G1039","uses","T1059.005"
"S1209","uses","T1113"
"S0482","uses","T1059.006"
"S0335","uses","T1543.003"
"S1212","uses","T1140"
"S0625","uses","T1489"
"S0098","uses","T1574.001"
"S0457","uses","T1027.010"
"S9001","uses","T1090.003"
"S0152","uses","T1125"
"G1017","uses","S0057"
"S0683","uses","T1046"
"S1210","uses","T1102.003"
"S9031","uses","T1027.013"
"M1026","mitigates","T1559.001"
"G0034","uses","S0195"
"G0065","uses","T1189"
"G1012","uses","T1608.004"
"S0051","uses","T1105"
"S1164","uses","T1027.013"
"G0094","uses","T1657"
"S0512","uses","T1106"
"G1013","uses","T1588.001"
"G1047","uses","T1573.002"
"G0140","uses","T1059.007"
"S0383","uses","T1027.013"
"S0457","uses","T1518.001"
"G1003","uses","T1110.003"
"G0022","uses","T1204.001"
"S1063","uses","T1036.005"
"S0256","uses","T1112"
"M1022","mitigates","T1564.004"
"G0122","uses","T1114.003"
"G0026","uses","T1053.002"
"S0353","uses","T1036.005"
"G0059","uses","S0002"
"S0588","uses","T1053.003"
"S0660","uses","T1566.001"
"G0120","uses","T1574.001"
"S0172","uses","T1095"
"S0214","uses","T1082"
"M1046","mitigates","T1195.003"
"S1160","uses","T1027.002"
"S0395","uses","T1036.005"
"G1017","uses","T1059.001"
"S0611","uses","T1027.002"
"M1028","mitigates","T1136"
"S0385","uses","T1059.001"
"S0673","uses","T1083"
"S0634","uses","T1566.001"
"M1022","mitigates","T1543.001"
"S9019","uses","T1140"
"S1020","uses","T1030"
"S9037","uses","T1678"
"M1052","mitigates","T1574.005"
"G0016","uses","T1036.005"
"S0631","uses","T1048"
"S0534","uses","T1614.001"
"T1550.001","subtechnique-of","T1550"
"S0604","uses","T1083"
"S9011","uses","T1048.002"
"G0045","uses","S0013"
"G1017","uses","T1654"
"S0444","uses","T1036.004"
"S1029","uses","T1041"
"M1027","mitigates","T1003.006"
"S1159","uses","T1140"
"G0094","uses","T1136.001"
"S0409","uses","T1071.002"
"G0048","uses","T1219.002"
"M1045","mitigates","T1554"
"G0091","uses","T1218.001"
"G0010","uses","S0538"
"S0032","uses","T1574.001"
"S1190","uses","T1053.005"
"S0032","uses","T1059"
"G1003","uses","T1595.001"
"S0634","uses","T1140"
"S0698","uses","T1685.005"
"S1148","uses","T1105"
"S0473","uses","T1071.001"
"S9008","uses","T1555.006"
"M1030","mitigates","T1482"
"G0114","uses","T1074.001"
"G0102","uses","S0446"
"G0115","uses","T1195.002"
"S0035","uses","T1547.001"
"G0010","uses","T1087.002"
"S0240","uses","T1059.005"
"T1152","revoked-by","T1569.001"
"S0251","uses","T1071.003"
"G0061","uses","T1102"
"S0633","uses","T1059.001"
"S0438","uses","T1120"
"M1032","mitigates","T1078.004"
"S0284","uses","T1027.013"
"S1212","uses","T1018"
"S0081","uses","T1027.013"
"S1244","uses","T1680"
"S0384","uses","T1573.002"
"S0482","uses","T1140"
"S0412","uses","T1057"
"G0027","uses","T1543.003"
"S1021","uses","T1071.004"
"S0487","uses","T1554"
"T1218.001","subtechnique-of","T1218"
"S0455","uses","T1102.003"
"M1051","mitigates","T1176.001"
"G1016","uses","T1552.001"
"T1563.002","subtechnique-of","T1563"
"G0035","uses","S0357"
"G0022","uses","T1041"
"G0117","uses","S0020"
"S1139","uses","T1680"
"S0283","uses","T1037.005"
"S1017","uses","T1059.010"
"S0531","uses","T1082"
"S1029","uses","T1071.001"
"S9018","uses","T1027.002"
"T1218.010","subtechnique-of","T1218"
"M1026","mitigates","T1611"
"G0027","uses","T1199"
"S0517","uses","T1027.011"
"S0252","uses","T1083"
"S0015","uses","T1016"
"G0140","uses","T1583.001"
"G0083","uses","S0336"
"G0102","uses","T1218.011"
"S1027","uses","T1680"
"M1052","mitigates","T1548"
"G1055","uses","T1072"
"G0061","uses","S0481"
"G0034","uses","T1555.003"
"S0339","uses","T1033"
"S0560","uses","T1112"
"S1107","uses","T1498"
"S0688","uses","T1685"
"S0381","uses","T1059.001"
"G0096","uses","S0100"
"G0047","uses","T1559.001"
"S1222","uses","T1140"
"G0004","uses","S0280"
"S0138","uses","T1555.003"
"S0627","uses","T1082"
"S1228","uses","T1573.001"
"G0027","uses","T1016"
"S1030","uses","T1566.001"
"G0081","uses","S0596"
"S1033","uses","T1486"
"T1121","revoked-by","T1218.009"
"G0081","uses","T1052.001"
"S0148","uses","T1559.002"
"S1124","uses","T1059.007"
"G1052","uses","T1587"
"S0641","uses","T1016"
"S1161","uses","T1205.002"
"S0589","uses","T1047"
"S1155","uses","T1082"
"S0473","uses","T1027.013"
"S0634","uses","T1027.013"
"S0170","uses","T1056.001"
"S0679","uses","T1059.005"
"G0032","uses","T1057"
"S0242","uses","T1106"
"S1242","uses","T1057"
"S0604","uses","T1572"
"G0103","uses","S0445"
"G0100","uses","S0441"
"S0269","uses","T1059.005"
"S1060","uses","T1057"
"S0192","uses","T1543.002"
"S9019","uses","T1614"
"S0135","uses","T1014"
"G0059","uses","T1685.001"
"S1131","uses","T1005"
"S0142","uses","T1112"
"S0108","uses","T1090"
"S0242","uses","T1012"
"S1145","uses","T1041"
"G0081","uses","T1547.001"
"S1086","uses","T1204.002"
"S0514","uses","T1573.002"
"S1059","uses","T1056"
"M1037","mitigates","T1499.004"
"M1047","mitigates","T1213.002"
"S1064","uses","T1120"
"S9001","uses","T1480"
"S0219","uses","T1010"
"G0007","uses","T1559.002"
"M1030","mitigates","T1098.001"
"S0017","uses","T1082"
"G1043","uses","T1491.001"
"G0081","uses","T1505.003"
"S0227","uses","T1213.002"
"S1016","uses","T1021"
"S0030","uses","T1057"
"S0134","uses","T1548.002"
"M1026","mitigates","T1136.003"
"M1042","mitigates","T1546.002"
"G0027","uses","T1105"
"S0650","uses","T1057"
"T1560.001","subtechnique-of","T1560"
"S1078","uses","T1037"
"M1027","mitigates","T1556"
"M1031","mitigates","T1557.001"
"G0007","uses","T1036.005"
"S0264","uses","T1082"
"S1071","uses","T1558.002"
"T1059.010","subtechnique-of","T1059"
"G0129","uses","S1234"
"M1037","mitigates","T1071.002"
"T1550.003","subtechnique-of","T1550"
"M1022","mitigates","T1574.008"
"G1046","uses","T1204.002"
"G0127","uses","T1132.001"
"S0154","uses","T1071.004"
"S0449","uses","T1568"
"S0491","uses","T1204.002"
"S0600","uses","T1105"
"S1087","uses","T1568"
"S0062","uses","T1047"
"G0040","uses","T1518.001"
"G0096","uses","T1053.005"
"S0354","uses","T1560.002"
"G1006","uses","T1547.012"
"S1100","uses","T1029"
"G0081","uses","T1573.002"
"S0206","uses","T1543.003"
"G0010","uses","S0022"
"S1133","uses","T1529"
"S0697","uses","T1561.002"
"S0603","uses","T1480"
"S0264","uses","T1497.001"
"G0049","uses","T1553.002"
"S0409","uses","T1016"
"S0361","uses","T1570"
"G0016","uses","S0518"
"S1149","uses","T1053.005"
"S0210","uses","T1543.003"
"S0644","uses","T1030"
"G0046","uses","T1497.002"
"G0032","uses","T1547.001"
"S0531","uses","T1027.001"
"G1019","uses","T1090"
"M1042","mitigates","T1059"
"S0632","uses","T1106"
"S0200","uses","T1059.003"
"T1514","revoked-by","T1548.004"
"S0697","uses","T1490"
"S1207","uses","T1497"
"S1144","uses","T1572"
"S0375","uses","T1071.001"
"S0366","uses","T1047"
"G0096","uses","T1547.001"
"G1018","uses","T1055"
"S0364","uses","T1561.002"
"S0605","uses","T1047"
"G0049","uses","S1166"
"S0022","uses","T1012"
"S1070","uses","T1486"
"G0112","uses","T1547.001"
"G1012","uses","T1048.002"
"S1232","uses","T1027.013"
"S0512","uses","T1027.002"
"S0652","uses","T1518.001"
"G0046","uses","S0194"
"G1016","uses","T1657"
"S0696","uses","T1005"
"G0080","uses","T1055"
"S1242","uses","T1053.005"
"S0148","uses","T1553.002"
"S0141","uses","T1218.011"
"S0679","uses","T1120"
"S0340","uses","T1016"
"S0127","uses","T1574.001"
"G0106","uses","T1037"
"S0569","uses","T1033"
"S0366","uses","T1563.002"
"S0257","uses","T1560"
"S1245","uses","T1087.001"
"G0065","uses","T1546.003"
"G1053","uses","T1057"
"S0661","uses","T1552.004"
"S0139","uses","T1124"
"S0052","uses","T1102.003"
"G0053","uses","T1110"
"S0261","uses","T1543.003"
"T1069.001","subtechnique-of","T1069"
"S0610","uses","T1105"
"S0466","uses","T1059.004"
"M1022","mitigates","T1546.013"
"T1218.004","subtechnique-of","T1218"
"S0567","uses","T1012"
"S0266","uses","T1204.002"
"S0692","uses","T1134.001"
"S1033","uses","T1106"
"S0634","uses","T1059.007"
"S0616","uses","T1614.001"
"G0027","uses","T1056.001"
"G1054","uses","T1204.002"
"G0061","uses","S0197"
"S1221","uses","T1140"
"S1027","uses","T1007"
"S0482","uses","T1105"
"M1046","mitigates","T1542.004"
"S0434","uses","T1685"
"S0250","uses","T1548.002"
"T1087.004","subtechnique-of","T1087"
"S0693","uses","T1082"
"S0002","uses","T1550.002"
"S0578","uses","T1203"
"G0139","uses","T1014"
"M1047","mitigates","T1556.008"
"S1229","uses","T1083"
"S0384","uses","T1027"
"T1048.002","subtechnique-of","T1048"
"S0496","uses","T1134.002"
"S0615","uses","T1095"
"G0087","uses","T1059.010"
"S0011","uses","T1005"
"G1055","uses","T1003.001"
"S0629","uses","T1074.001"
"M1047","mitigates","T1563.002"
"G0143","uses","T1007"
"T1134.004","subtechnique-of","T1134"
"S0448","uses","T1027.013"
"G1032","uses","T1569.002"
"G1021","uses","S1096"
"G0139","uses","T1552.004"
"S1242","uses","T1112"
"G1015","uses","S0183"
"S1105","uses","T1190"
"S1070","uses","T1622"
"S0476","uses","T1559.002"
"M1029","mitigates","T1565"
"S0673","uses","T1027.010"
"S0476","uses","T1059.007"
"S0673","uses","T1568.002"
"S0516","uses","T1053.005"
"G0069","uses","T1518.001"
"M1056","mitigates","T1587.001"
"S0477","uses","T1027.016"
"S0013","uses","T1071.001"
"S9018","uses","T1027.013"
"S1014","uses","T1105"
"S0661","uses","T1036"
"G0060","uses","T1124"
"S0031","uses","T1132.002"
"G0120","uses","T1204.001"
"S0486","uses","T1496.001"
"S1099","uses","T1095"
"S0643","uses","T1113"
"S0269","uses","T1016"
"S0346","uses","T1083"
"M1049","mitigates","T1566.003"
"M1057","mitigates","T1048"
"S0612","uses","T1486"
"G1047","uses","T1569.002"
"M1015","mitigates","T1003.005"
"S0352","uses","T1071.001"
"S1150","uses","T1491.001"
"S0198","uses","T1083"
"S1156","uses","T1083"
"S1228","uses","T1574.001"
"S0395","uses","T1114.002"
"S1168","uses","T1059.003"
"G0050","uses","T1608.004"
"G0016","uses","T1110.003"
"G0142","uses","T1566.001"
"S0593","uses","T1059.003"
"S9034","uses","T1102.001"
"S0228","uses","T1070.004"
"S0599","uses","T1110"
"S0697","uses","T1497.003"
"S1139","uses","T1135"
"S0458","uses","T1039"
"S0554","uses","T1036.004"
"S0092","uses","T1033"
"G1031","uses","T1059.001"
"S0624","uses","T1027"
"S0192","uses","T1136.001"
"S0376","uses","T1003.002"
"G1030","uses","T1119"
"G0099","uses","T1588.002"
"T1547.012","subtechnique-of","T1547"
"S0623","uses","T1611"
"S0409","uses","T1036.004"
"S0128","uses","T1039"
"T1574.007","subtechnique-of","T1574"
"G0134","uses","T1583.001"
"S1122","uses","T1547.001"
"T1562.006","revoked-by","T1685"
"G0065","uses","T1027.003"
"M1043","mitigates","T1547.008"
"G0034","uses","T1489"
"S0455","uses","T1119"
"S0264","uses","T1071.001"
"S0367","uses","T1210"
"G1030","uses","T1003.002"
"G1043","uses","T1071.001"
"S0398","uses","T1140"
"S1100","uses","T1574.001"
"S0363","uses","T1547.001"
"S0455","uses","T1571"
"S1044","uses","T1041"
"G0065","uses","S0642"
"G0121","uses","T1083"
"G1054","uses","S9020"
"T1164","revoked-by","T1547.007"
"S0376","uses","T1059.003"
"S1229","uses","T1574.001"
"S1064","uses","T1033"
"S0115","uses","T1033"
"S1207","uses","T1115"
"S0113","uses","T1574.001"
"G1047","uses","T1049"
"S0260","uses","T1218.002"
"S0409","uses","T1020"
"S0186","uses","T1033"
"S0537","uses","T1106"
"S0131","uses","T1083"
"S0091","uses","T1049"
"G0034","uses","S0363"
"S0357","uses","T1003.003"
"S0251","uses","T1071.001"
"S0024","uses","T1140"
"S0379","uses","T1132.001"
"T1569.002","subtechnique-of","T1569"
"S0332","uses","T1573.002"
"S1153","uses","T1041"
"S0256","uses","T1105"
"S0428","uses","T1071.001"
"S0533","uses","T1001"
"S0373","uses","T1566.001"
"S9033","uses","T1106"
"S0689","uses","T1070.004"
"G1026","uses","T1082"
"S1149","uses","T1041"
"S1172","uses","T1059.003"
"S0050","uses","T1056.001"
"S0438","uses","T1112"
"G0108","uses","T1134"
"S1022","uses","T1005"
"G1023","uses","S1110"
"S0340","uses","T1083"
"S1081","uses","T1106"
"S1041","uses","T1547.001"
"G0131","uses","S0596"
"G0117","uses","T1190"
"S0153","uses","T1070.004"
"G0037","uses","S0154"
"S0465","uses","T1105"
"M1027","mitigates","T1003.002"
"G1043","uses","T1087.002"
"S0185","uses","T1070.006"
"S0083","uses","T1005"
"S1198","uses","T1132.001"
"S9007","uses","T1027"
"S0154","uses","T1029"
"S1160","uses","T1059.007"
"S9019","uses","T1518.001"
"S1246","uses","T1074.001"
"M1018","mitigates","T1666"
"S0352","uses","T1132.001"
"S1145","uses","T1087.001"
"G1039","uses","T1560.001"
"S0439","uses","T1033"
"S0085","uses","T1136.001"
"S0496","uses","T1685"
"S1183","uses","T1059.003"
"S0090","uses","T1025"
"G0139","uses","S0683"
"S0562","uses","T1083"
"S0263","uses","T1204.002"
"S0661","uses","T1057"
"S1185","uses","T1082"
"S1066","uses","T1497.001"
"G1040","uses","T1021.002"
"S0534","uses","T1124"
"S1149","uses","T1059.001"
"M1047","mitigates","T1021"
"S1142","uses","T1027.013"
"T1056.002","subtechnique-of","T1056"
"M1022","mitigates","T1070"
"S0187","uses","T1113"
"S0344","uses","T1105"
"S1228","uses","T1016"
"S0649","uses","T1071.001"
"S9020","uses","T1113"
"G0050","uses","T1041"
"M1026","mitigates","T1218"
"S1229","uses","T1570"
"S0531","uses","T1218.007"
"G0059","uses","T1595.002"
"S1198","uses","T1053.003"
"S9039","uses","T1082"
"G1048","uses","T1070.006"
"S0373","uses","T1056.001"
"G0128","uses","T1583.001"
"G0065","uses","T1585.001"
"M1013","mitigates","T1212"
"S0559","uses","T1016"
"S1086","uses","T1082"
"S0081","uses","T1070.006"
"G0078","uses","S0336"
"G0030","uses","T1047"
"G0010","uses","T1685"
"S0491","uses","T1071.001"
"S0346","uses","T1070.004"
"G0060","uses","S0469"
"S0672","uses","T1083"
"S0340","uses","T1567.002"
"S9010","uses","T1547.001"
"S0357","uses","T1569.002"
"S0051","uses","T1090.001"
"S1242","uses","T1135"
"G0090","uses","T1588.002"
"S0435","uses","T1090"
"S0046","uses","T1218.011"
"S0138","uses","T1071.003"
"G1006","uses","T1059.001"
"S1183","uses","T1497"
"S1246","uses","T1560.001"
"S0650","uses","T1069.001"
"M1032","mitigates","T1601.002"
"G0006","uses","S0008"
"S0081","uses","T1083"
"G0131","uses","T1003"
"G1021","uses","T1078.002"
"S1155","uses","T1059.003"
"S0449","uses","T1106"
"G1004","uses","T1489"
"S0091","uses","T1018"
"T1016.002","subtechnique-of","T1016"
"G0019","uses","S0629"
"S0002","uses","T1098"
"G0027","uses","T1059.001"
"S0547","uses","T1567"
"G1052","uses","T1070.004"
"S0534","uses","T1057"
"G1006","uses","T1059.006"
"S0615","uses","T1564.010"
"S0579","uses","T1140"
"T1098.002","subtechnique-of","T1098"
"M1027","mitigates","T1558.004"
"G0021","uses","T1057"
"G0062","uses","S0013"
"S9007","uses","T1132.002"
"S1035","uses","T1573.002"
"S0386","uses","T1055.005"
"S1081","uses","T1055.001"
"S1223","uses","T1573.001"
"S1227","uses","T1124"
"S1145","uses","T1106"
"S0487","uses","T1082"
"S0630","uses","T1057"
"G0064","uses","S0371"
"S0649","uses","T1056.001"
"S0402","uses","T1059.004"
"S0677","uses","T1484.002"
"G0126","uses","S0160"
"S1081","uses","T1046"
"S9036","uses","T1560"
"S0664","uses","T1071.001"
"S0214","uses","T1033"
"S1107","uses","T1082"
"S0671","uses","T1005"
"S1060","uses","T1056"
"S1242","uses","T1685.005"
"G1015","uses","S0002"
"S1217","uses","T1105"
"S1018","uses","T1027.002"
"S1086","uses","T1204.001"
"S0268","uses","T1083"
"G1001","uses","T1586.002"
"G0069","uses","T1074.001"
"S1063","uses","T1021.002"
"G1003","uses","T1505.003"
"S0241","uses","T1047"
"G0037","uses","S0005"
"S0051","uses","T1083"
"S0493","uses","T1195.002"
"S0570","uses","T1134.001"
"S0365","uses","T1685.005"
"S0386","uses","T1140"
"S0661","uses","T1550"
"G0016","uses","T1114.002"
"G0100","uses","T1204.002"
"M1037","mitigates","T1048"
"G0096","uses","S0225"
"S0587","uses","T1036.005"
"G1006","uses","T1057"
"S0640","uses","T1548.002"
"S0004","uses","T1113"
"S0681","uses","T1033"
"G0032","uses","T1685"
"G0050","uses","T1036.004"
"S0632","uses","T1480.002"
"G0140","uses","T1059.005"
"M1031","mitigates","T1570"
"S0582","uses","T1036.005"
"G1011","uses","T1566.002"
"G1035","uses","T1036.004"
"S9012","uses","T1070.004"
"S1105","uses","T1222.002"
"S9015","uses","T1690"
"G1040","uses","S0029"
"G0019","uses","T1137.006"
"S9017","uses","T1056.001"
"S0240","uses","T1555.004"
"M1030","mitigates","T1610"
"S0045","uses","T1059.003"
"G0035","uses","T1005"
"G0092","uses","T1059.007"
"S0353","uses","T1027"
"M1038","mitigates","T1059.004"
"G0139","uses","T1611"
"S0401","uses","T1140"
"G1018","uses","T1059.001"
"G0082","uses","T1218.005"
"G0069","uses","T1113"
"G0068","uses","S0200"
"G0059","uses","T1036.010"
"T1547.011","revoked-by","T1647"
"G0050","uses","T1003"
"T1564.009","subtechnique-of","T1564"
"S0384","uses","T1090"
"G1040","uses","S0363"
"G0103","uses","S0444"
"S0053","uses","T1070.004"
"S9027","uses","T1027.013"
"G0129","uses","T1052.001"
"M1047","mitigates","T1578.001"
"G0125","uses","S1155"
"S1035","uses","T1059.006"
"S0603","uses","T1041"
"S0223","uses","T1132.001"
"M1038","mitigates","T1574"
"G0082","uses","T1070.006"
"M1042","mitigates","T1021.003"
"S0363","uses","T1135"
"S1141","uses","T1070.004"
"G1022","uses","T1095"
"G1012","uses","T1005"
"G1022","uses","T1078.002"
"G0004","uses","T1016"
"S0223","uses","T1090.002"
"S1011","uses","T1036.004"
"S1122","uses","T1027.013"
"G0091","uses","T1072"
"G1044","uses","T1684.001"
"G1012","uses","T1585.001"
"M1022","mitigates","T1098"
"S1052","uses","T1218.011"
"S0079","uses","T1057"
"G0009","uses","T1059.001"
"S0477","uses","T1685"
"S1151","uses","T1106"
"S0126","uses","T1102.002"
"S0377","uses","T1020"
"G0119","uses","T1059.001"
"S0229","uses","T1518"
"S0679","uses","T1518.001"
"S0629","uses","T1555.003"
"S0493","uses","T1036.005"
"G0081","uses","T1059.003"
"S0696","uses","T1036"
"S0439","uses","T1082"
"S0198","uses","T1057"
"G0059","uses","S0096"
"S0262","uses","T1548.002"
"G1039","uses","T1573.001"
"S0363","uses","T1574.008"
"M1042","mitigates","T1021.001"
"M1047","mitigates","T1021.005"
"S0412","uses","T1046"
"G0049","uses","T1048.003"
"S0244","uses","T1049"
"G1023","uses","T1560.001"
"S0444","uses","T1029"
"S1099","uses","T1543.003"
"S1035","uses","T1547.001"
"S0239","uses","T1106"
"S1039","uses","T1105"
"S0431","uses","T1106"
"G1045","uses","T1040"
"S9019","uses","T1622"
"G0046","uses","S0488"
"S0162","uses","T1033"
"S0575","uses","T1083"
"G0114","uses","T1213.002"
"S1100","uses","T1082"
"T1191","revoked-by","T1218.003"
"S1150","uses","T1140"
"T1021.007","subtechnique-of","T1021"
"S0468","uses","T1082"
"G0085","uses","T1564.008"
"S0083","uses","T1070.004"
"S0059","uses","T1008"
"S1147","uses","T1059.003"
"M1054","mitigates","T1535"
"S0445","uses","T1560"
"S0649","uses","T1547.001"
"S0606","uses","T1057"
"S0373","uses","T1574.001"
"M1049","mitigates","T1059.006"
"S0473","uses","T1140"
"G0050","uses","T1078.003"
"S0615","uses","T1033"
"S0666","uses","T1071.004"
"S1111","uses","T1036.003"
"S0584","uses","T1082"
"G0016","uses","S0677"
"S1160","uses","T1105"
"G0080","uses","T1059.001"
"M1041","mitigates","T1040"
"S0044","uses","T1037.001"
"S1132","uses","T1112"
"S0562","uses","T1480"
"S9008","uses","T1564.011"
"S0461","uses","T1614"
"G0009","uses","S0074"
"S9021","uses","T1218.007"
"G0076","uses","S0002"
"S0205","uses","T1082"
"S0354","uses","T1574"
"S0150","uses","T1027"
"S0022","uses","T1559"
"S0692","uses","T1556"
"G0001","uses","T1021.001"
"S0395","uses","T1082"
"M1031","mitigates","T1557.004"
"S0497","uses","T1027.013"
"S9019","uses","T1053.005"
"G0045","uses","T1218.004"
"S0533","uses","T1083"
"G0117","uses","T1555.005"
"S0376","uses","T1041"
"G0032","uses","T1589.002"
"S0260","uses","T1059.007"
"S0045","uses","T1083"
"G1015","uses","T1016"
"S0447","uses","T1112"
"S1068","uses","T1069.002"
"S9034","uses","T1547.001"
"S0534","uses","T1104"
"S1242","uses","T1007"
"G0075","uses","T1053.005"
"G1053","uses","T1518.001"
"G1003","uses","T1585"
"S0093","uses","T1132.001"
"G0050","uses","T1589"
"S0412","uses","T1112"
"G0019","uses","T1016"
"T1027.010","subtechnique-of","T1027"
"S1145","uses","T1082"
"S0559","uses","T1027"
"G0011","uses","S0010"
"S1019","uses","T1005"
"S1136","uses","T1561.002"
"G1014","uses","S0013"
"G0019","uses","T1036.005"
"G0129","uses","T1003.001"
"M1018","mitigates","T1213.002"
"G1052","uses","T1588.002"
"S0182","uses","T1083"
"G0112","uses","T1518"
"G0082","uses","T1686"
"G0007","uses","T1119"
"S9031","uses","T1053.005"
"S0496","uses","T1480.002"
"S0531","uses","T1518.001"
"S0695","uses","T1071.001"
"S0672","uses","T1021.002"
"S0688","uses","T1106"
"S0115","uses","T1113"
"S1190","uses","T1071.001"
"T1608.006","subtechnique-of","T1608"
"S0039","uses","T1136.001"
"S0601","uses","T1036.004"
"G0142","uses","T1203"
"T1137.002","subtechnique-of","T1137"
"S1048","uses","T1082"
"G0045","uses","S0039"
"M1031","mitigates","T1204.001"
"S0520","uses","T1070.004"
"S0553","uses","T1047"
"S9003","uses","T1557"
"S0265","uses","T1033"
"S0332","uses","T1027"
"S0416","uses","T1056.004"
"G0050","uses","T1070.006"
"S0458","uses","T1560.003"
"T1150","revoked-by","T1547.011"
"G0065","uses","T1059.001"
"G1003","uses","S0488"
"S0622","uses","T1036.005"
"S1121","uses","T1573.002"
"G0117","uses","T1003.003"
"S0266","uses","T1573.001"
"S1065","uses","T1005"
"M1044","mitigates","T1547.008"
"S0576","uses","T1055.001"
"S1149","uses","T1132.002"
"S0658","uses","T1005"
"S1172","uses","T1102.002"
"G0114","uses","T1135"
"G1035","uses","T1113"
"S1124","uses","T1036.005"
"G1006","uses","T1053.005"
"S0683","uses","T1610"
"S0374","uses","T1071.001"
"G0027","uses","S0020"
"G0126","uses","T1071.001"
"S1130","uses","T1055.012"
"G0035","uses","T1070.004"
"S1229","uses","T1016.001"
"S1064","uses","T1546.015"
"S0373","uses","T1059.007"
"G0092","uses","T1204.001"
"S0065","uses","T1057"
"M1036","mitigates","T1550"
"S1244","uses","T1489"
"S1035","uses","T1036.005"
"S0236","uses","T1018"
"S0023","uses","T1113"
"S0192","uses","T1547.013"
"G0033","uses","T1007"
"G0007","uses","S0135"
"S0180","uses","T1105"
"S1014","uses","T1566.001"
"S1163","uses","T1071.001"
"S0454","uses","T1123"
"S1179","uses","T1083"
"S0238","uses","T1680"
"S0678","uses","T1027.002"
"S1122","uses","T1055"
"G0099","uses","T1587.001"
"T1001.003","subtechnique-of","T1001"
"G0016","uses","S0051"
"S9036","uses","T1027.007"
"S1148","uses","T1020"
"M1022","mitigates","T1574"
"S0648","uses","T1059.005"
"S0356","uses","T1057"
"S0603","uses","T1070"
"G1043","uses","S1180"
"M1047","mitigates","T1176.002"
"M1054","mitigates","T1598"
"S0185","uses","T1059.003"
"S1200","uses","T1030"
"S0201","uses","T1055"
"S0094","uses","T1105"
"G1019","uses","T1068"
"S0444","uses","T1070.004"
"G0096","uses","T1546.008"
"G0065","uses","T1547.009"
"M1026","mitigates","T1550"
"S0086","uses","T1113"
"S0587","uses","T1105"
"S0385","uses","T1027.013"
"S1111","uses","T1059.001"
"S1102","uses","T1083"
"S0214","uses","T1105"
"G1053","uses","T1486"
"S0386","uses","T1036.005"
"G0046","uses","T1059.007"
"G0102","uses","T1558.003"
"S0276","uses","T1548.001"
"G1016","uses","T1588.002"
"S0546","uses","T1105"
"S1246","uses","T1005"
"G1004","uses","T1593.003"
"G0143","uses","T1654"
"S0409","uses","T1036.005"
"S1212","uses","T1021.002"
"S0226","uses","T1055.012"
"M1017","mitigates","T1598.004"
"G0049","uses","S0100"
"S1091","uses","T1049"
"M1022","mitigates","T1036"
"S0482","uses","T1543.001"
"S0154","uses","T1069.001"
"S0203","uses","T1543.003"
"S0336","uses","T1123"
"S1130","uses","T1583.001"
"S0668","uses","T1105"
"S1183","uses","T1566.001"
"S0585","uses","T1027.013"
"S1015","uses","T1071.001"
"G0007","uses","T1078.004"
"S0250","uses","T1046"
"M1043","mitigates","T1003.001"
"G0050","uses","T1189"
"G0129","uses","T1588.002"
"S0149","uses","T1082"
"G0123","uses","S0569"
"T1685.006","subtechnique-of","T1685"
"S0595","uses","T1554"
"S0283","uses","T1105"
"M1021","mitigates","T1133"
"S0603","uses","T1055.001"
"S0360","uses","T1071.004"
"S0574","uses","T1571"
"G1030","uses","T1560.001"
"S1133","uses","T1480"
"S0023","uses","T1105"
"S0082","uses","T1071.001"
"S0677","uses","T1566.002"
"M1045","mitigates","T1601.001"
"S0515","uses","T1033"
"G0060","uses","T1189"
"T1222.001","subtechnique-of","T1222"
"S1242","uses","T1570"
"S1188","uses","T1653"
"S1039","uses","T1008"
"S1015","uses","T1012"
"S9028","uses","T1071.001"
"S9015","uses","T1573.002"
"G0065","uses","S0363"
"S0335","uses","T1573.002"
"S0050","uses","T1113"
"G0007","uses","T1221"
"S0461","uses","T1547.001"
"S0512","uses","T1090.001"
"S1012","uses","T1573"
"G0096","uses","S0020"
"G1004","uses","T1136.003"
"G0081","uses","T1106"
"M1043","mitigates","T1601.001"
"S1101","uses","T1083"
"S1153","uses","T1036.005"
"S0634","uses","T1564.001"
"G0080","uses","T1588.002"
"T1036.005","subtechnique-of","T1036"
"S1059","uses","T1106"
"S0363","uses","T1558.001"
"G1011","uses","T1204.002"
"G1017","uses","T1068"
"S0504","uses","T1071.001"
"S0521","uses","T1033"
"S1109","uses","T1055.008"
"S0398","uses","T1569.002"
"S0595","uses","T1543.004"
"S1068","uses","T1047"
"S0512","uses","T1057"
"S1246","uses","T1027.013"
"S0641","uses","T1070.003"
"G1018","uses","T1027.013"
"G0119","uses","T1078.002"
"S0434","uses","T1564.001"
"G1030","uses","T1036"
"S0154","uses","T1059.001"
"S0451","uses","T1543.004"
"S0612","uses","T1059.003"
"S0140","uses","T1569.002"
"S0401","uses","T1008"
"S9030","uses","T1570"
"S0668","uses","T1027.011"
"S0473","uses","T1083"
"G0016","uses","T1027.001"
"S0677","uses","T1069.003"
"S0279","uses","T1685"
"S0203","uses","T1685.005"
"G0102","uses","T1059.001"
"G0093","uses","S0564"
"G1039","uses","T1071.001"
"M1048","mitigates","T1559"
"T1037.003","subtechnique-of","T1037"
"S0020","uses","T1046"
"G0143","uses","T1021.004"
"M1017","mitigates","T1213.004"
"S0148","uses","T1497"
"G0094","uses","T1007"
"G0010","uses","T1564.012"
"S0475","uses","T1070.004"
"G0038","uses","T1573.001"
"S0229","uses","T1105"
"S0633","uses","T1071.004"
"S1166","uses","T1020"
"S0670","uses","T1566.001"
"G0007","uses","T1005"
"S9019","uses","T1573.002"
"G0125","uses","T1590"
"S0650","uses","T1574.001"
"S0160","uses","T1105"
"G1053","uses","T1657"
"S0482","uses","T1685"
"S0603","uses","T1573.001"
"S0196","uses","T1560.001"
"S0363","uses","T1210"
"S1246","uses","T1124"
"S0155","uses","T1082"
"G1003","uses","T1491.002"
"S1239","uses","T1218.010"
"S0199","uses","T1059.003"
"T1059.008","subtechnique-of","T1059"
"S1039","uses","T1566.002"
"S1105","uses","T1083"
"S1070","uses","T1204.002"
"S9026","uses","T1204.001"
"S0356","uses","T1059.001"
"S9019","uses","T1547.001"
"G0040","uses","T1203"
"S0356","uses","T1112"
"S0606","uses","T1135"
"S0439","uses","T1041"
"G1003","uses","S0174"
"G0007","uses","T1213.002"
"G0102","uses","T1567.002"
"S0374","uses","T1016"
"S1213","uses","T1685"
"S0363","uses","T1569.002"
"G1014","uses","T1204.001"
"S0183","uses","T1573.002"
"S0376","uses","T1132.001"
"S0660","uses","T1115"
"S0106","uses","T1082"
"G0094","uses","T1568"
"M1029","mitigates","T1565.001"
"S0141","uses","T1548.002"
"G0130","uses","T1204.002"
"G0038","uses","T1012"
"S0513","uses","T1070.004"
"S0691","uses","T1614.001"
"G0125","uses","T1505.003"
"G1055","uses","T1651"
"S9016","uses","T1027.001"
"S0626","uses","T1001.001"
"S0674","uses","T1083"
"S0363","uses","T1567.001"
"M1040","mitigates","T1137"
"M1056","mitigates","T1608.001"
"G0046","uses","T1547.001"
"S1053","uses","T1140"
"S9020","uses","T1566.001"
"S1242","uses","T1055.001"
"M1047","mitigates","T1552.008"
"S0496","uses","T1083"
"G0047","uses","T1012"
"S0273","uses","T1059.001"
"S0360","uses","T1053.005"
"G0050","uses","T1218.011"
"G0075","uses","T1105"
"S1226","uses","T1564.003"
"M1040","mitigates","T1091"
"M1017","mitigates","T1684.001"
"S1178","uses","T1102"
"S0452","uses","T1016"
"S1130","uses","T1574.001"
"S0246","uses","T1090"
"S0501","uses","T1547.012"
"S0201","uses","T1105"
"G0114","uses","T1036.005"
"G0129","uses","T1588.004"
"G0092","uses","S0154"
"S1146","uses","T1025"
"S0388","uses","T1140"
"M1032","mitigates","T1098"
"S1247","uses","T1112"
"G0037","uses","T1068"
"S0098","uses","T1518.001"
"S0650","uses","T1016"
"S0249","uses","T1074.001"
"S1044","uses","T1018"
"S1199","uses","T1140"
"S0431","uses","T1027.002"
"G1033","uses","T1589"
"G0070","uses","T1547.001"
"G0126","uses","T1001.003"
"S0165","uses","T1082"
"S0333","uses","T1497.001"
"S0249","uses","T1547.001"
"M1029","mitigates","T1070.003"
"M1047","mitigates","T1566.001"
"S0595","uses","T1036.005"
"S0039","uses","T1098.007"
"M1018","mitigates","T1543.002"
"S1235","uses","T1027.013"
"S1183","uses","T1027.015"
"G0046","uses","T1608.004"
"S9009","uses","T1059.009"
"G1039","uses","T1087.003"
"G0119","uses","T1552.001"
"S0182","uses","T1542.003"
"S0265","uses","T1090.001"
"S1206","uses","T1665"
"S1022","uses","T1140"
"S9001","uses","T1057"
"S1027","uses","T1057"
"S0131","uses","T1547.001"
"S0572","uses","T1007"
"S0447","uses","T1053.005"
"S0013","uses","T1543.003"
"S0644","uses","T1204.001"
"S0332","uses","T1543.003"
"S0606","uses","T1210"
"S9033","uses","T1620"
"S0350","uses","T1016"
"S0140","uses","T1134.001"
"S0470","uses","T1140"
"S0607","uses","T1129"
"G0090","uses","S1040"
"S0274","uses","T1056.002"
"M1048","mitigates","T1021.003"
"S9013","uses","T1601"
"M1017","mitigates","T1598.001"
"S0458","uses","T1560.001"
"S0348","uses","T1204.002"
"G0092","uses","S0382"
"G0046","uses","S0030"
"T1588.002","subtechnique-of","T1588"
"G0006","uses","T1114.001"
"S1046","uses","T1036"
"M1049","mitigates","T1059.001"
"S0468","uses","T1014"
"G1052","uses","T1543.001"
"G0034","uses","T1571"
"M1018","mitigates","T1485.001"
"S0663","uses","T1105"
"G1040","uses","T1685.005"
"S0340","uses","T1082"
"M1026","mitigates","T1053.007"
"S0534","uses","T1012"
"S1182","uses","T1071.001"
"S0352","uses","T1543.004"
"S0438","uses","T1113"
"S0692","uses","T1012"
"S0267","uses","T1016"
"G0092","uses","T1608.001"
"S0487","uses","T1090"
"G0051","uses","T1547.001"
"G0005","uses","T1203"
"S1147","uses","T1574"
"S0331","uses","T1564.003"
"S0154","uses","T1021.004"
"G0027","uses","S0070"
"S0607","uses","T1057"
"S0363","uses","T1083"
"G0007","uses","S0044"
"S0192","uses","T1083"
"S0520","uses","T1027.002"
"S0651","uses","T1005"
"G1015","uses","T1083"
"S0516","uses","T1082"
"S1185","uses","T1083"
"G0102","uses","T1112"
"S0666","uses","T1083"
"S0345","uses","T1105"
"S0039","uses","T1069.001"
"S0334","uses","T1105"
"S1211","uses","T1020"
"S0378","uses","T1069.001"
"G0062","uses","T1566.001"
"S0002","uses","T1550.003"
"G0007","uses","T1078"
"S9007","uses","T1027.007"
"S0181","uses","T1016"
"T1685.005","subtechnique-of","T1685"
"S9008","uses","T1119"
"S9014","uses","T1105"
"T1578.003","subtechnique-of","T1578"
"S0149","uses","T1070.004"
"S0091","uses","T1560.002"
"G0005","uses","S0015"
"S0053","uses","T1114.002"
"S9023","uses","T1027.007"
"G0006","uses","S0122"
"S9003","uses","T1185"
"G0010","uses","S0393"
"S0455","uses","T1218.005"
"S0488","uses","T1003.004"
"G1004","uses","T1114.003"
"G0030","uses","S0082"
"M1026","mitigates","T1553"
"G0094","uses","S0032"
"S0221","uses","T1014"
"M1031","mitigates","T1566"
"S0023","uses","T1518.001"
"S0430","uses","T1205"
"S0648","uses","T1059.007"
"G0107","uses","T1068"
"M1027","mitigates","T1003.004"
"S0456","uses","T1547.001"
"G1007","uses","T1083"
"S1063","uses","T1005"
"S1199","uses","T1057"
"G0129","uses","T1560.003"
"G0050","uses","T1059"
"S1027","uses","T1218.011"
"S1132","uses","T1027.013"
"S0500","uses","T1071.001"
"S1029","uses","T1005"
"G0035","uses","T1059"
"T1218.011","subtechnique-of","T1218"
"S0458","uses","T1203"
"S0372","uses","T1685"
"G0129","uses","S1233"
"G1016","uses","T1134.003"
"S1200","uses","T1027.013"
"S0409","uses","T1029"
"S0373","uses","T1041"
"S9009","uses","T1526"
"G0061","uses","S0105"
"G0125","uses","T1589.002"
"G1044","uses","T1016"
"S0211","uses","T1059.003"
"S0366","uses","T1490"
"S1132","uses","T1059.001"
"S0367","uses","T1114"
"G0050","uses","T1112"
"S0461","uses","T1005"
"S0266","uses","T1087.001"
"T1048.003","subtechnique-of","T1048"
"S1235","uses","T1574.001"
"S0064","uses","T1071.001"
"S0689","uses","T1561.002"
"G1043","uses","T1570"
"S0368","uses","T1047"
"G0050","uses","T1071.003"
"G0059","uses","T1589.002"
"G1001","uses","T1110.003"
"S1192","uses","T1070.004"
"S1242","uses","T1059.003"
"S0447","uses","T1497.003"
"G1055","uses","T1583.003"
"S1247","uses","T1490"
"T1032","revoked-by","T1573"
"G0069","uses","T1071.001"
"G0094","uses","T1027.001"
"G1043","uses","T1583.003"
"S0115","uses","T1123"
"S0368","uses","T1210"
"M1056","mitigates","T1586.002"
"S0064","uses","T1057"
"S0393","uses","T1057"
"G0050","uses","T1560"
"S0238","uses","T1083"
"S0585","uses","T1082"
"S1144","uses","T1573.002"
"S0445","uses","T1036.005"
"S0575","uses","T1016"
"S0678","uses","T1573.001"
"S0641","uses","T1074"
"G0010","uses","S0168"
"S0635","uses","T1082"
"G0102","uses","T1490"
"G0066","uses","S0207"
"M1038","mitigates","T1505.004"
"S0451","uses","T1496.001"
"S0689","uses","T1561.001"
"S0587","uses","T1680"
"T1584.006","subtechnique-of","T1584"
"G0010","uses","S0265"
"M1045","mitigates","T1601.002"
"S0365","uses","T1485"
"G1044","uses","T1087.001"
"G1049","uses","T1657"
"S0630","uses","T1106"
"S1244","uses","T1106"
"S9032","uses","T1106"
"G0114","uses","T1570"
"G0091","uses","T1113"
"S1066","uses","T1115"
"S1130","uses","T1057"
"G0069","uses","T1685"
"S1152","uses","T1082"
"T1130","revoked-by","T1553.004"
"G1016","uses","T1105"
"S9023","uses","T1518.001"
"M1032","mitigates","T1556.007"
"G0129","uses","T1070.004"
"G0059","uses","T1204.001"
"S0263","uses","T1140"
"S0377","uses","T1573.001"
"S0265","uses","T1069.001"
"S1059","uses","T1113"
"G0069","uses","T1518"
"M1032","mitigates","T1021.004"
"S0149","uses","T1124"
"G0082","uses","T1485"
"S1148","uses","T1213"
"S0239","uses","T1012"
"G0092","uses","S0521"
"S0607","uses","T1685.005"
"S0428","uses","T1082"
"M1053","mitigates","T1491.001"
"G0081","uses","T1574.001"
"S0262","uses","T1005"
"G0087","uses","T1204.001"
"S1187","uses","T1021.004"
"S0151","uses","T1047"
"G1030","uses","T1003.001"
"G1052","uses","T1041"
"G0143","uses","T1112"
"G0004","uses","T1588.002"
"G0004","uses","S0039"
"S0244","uses","T1018"
"G1017","uses","T1113"
"S1064","uses","T1113"
"S1016","uses","T1106"
"S0002","uses","T1555.003"
"G0094","uses","T1586.002"
"G1006","uses","T1574.001"
"S0094","uses","T1056.001"
"S1060","uses","T1071.001"
"G0030","uses","T1482"
"G1051","uses","T1585.002"
"S1100","uses","T1140"
"G1022","uses","T1106"
"G0038","uses","T1071.001"
"M1040","mitigates","T1003"
"M1017","mitigates","T1557"
"G1055","uses","T1583.006"
"S0554","uses","T1049"
"M1040","mitigates","T1137.001"
"S1087","uses","T1564.003"
"S0504","uses","T1553.002"
"S1100","uses","T1001"
"S1199","uses","T1083"
"S0161","uses","T1071.002"
"G1026","uses","T1059.005"
"S0472","uses","T1518.001"
"S1081","uses","T1105"
"G1032","uses","T1219"
"S0240","uses","T1480.001"
"S0495","uses","T1573.001"
"G0034","uses","T1070.004"
"T1546.004","subtechnique-of","T1546"
"G0125","uses","T1555.006"
"S0605","uses","T1016"
"S0284","uses","T1070.004"
"G0053","uses","T1685.005"
"S1141","uses","T1049"
"G0081","uses","T1083"
"S0361","uses","T1564.004"
"M1060","mitigates","T1114.002"
"S0455","uses","T1115"
"G0080","uses","T1021.001"
"S1043","uses","T1564.001"
"G0050","uses","T1204.001"
"S0142","uses","T1082"
"G0056","uses","T1547.001"
"G0047","uses","T1025"
"S0220","uses","T1205"
"S0583","uses","T1486"
"M1056","mitigates","T1590"
"S0439","uses","T1132.001"
"M1026","mitigates","T1003.002"
"G0019","uses","S0630"
"S0139","uses","T1070.004"
"G0090","uses","T1586.002"
"G0103","uses","T1204.001"
"S1178","uses","T1486"
"M1022","mitigates","T1547.009"
"G0004","uses","T1020"
"S0658","uses","T1573.001"
"M1026","mitigates","T1055"
"M1031","mitigates","T1071.003"
"S9003","uses","T1111"
"S1158","uses","T1027.013"
"S0534","uses","T1036.005"
"T1583.003","subtechnique-of","T1583"
"S0688","uses","T1491.001"
"S1183","uses","T1552.002"
"S0046","uses","T1003.001"
"G0032","uses","T1561.001"
"S1160","uses","T1071.001"
"S9020","uses","T1027.007"
"S0201","uses","T1056.001"
"S0357","uses","T1003.001"
"G1033","uses","T1585.002"
"S0582","uses","T1071.001"
"S0608","uses","T1021.002"
"S0388","uses","T1071.001"
"G0007","uses","T1025"
"S1199","uses","T1484.001"
"M1031","mitigates","T1204.004"
"G0094","uses","T1560.003"
"G0027","uses","T1078"
"S0600","uses","T1610"
"S0239","uses","T1132.002"
"S1249","uses","T1027.013"
"G0106","uses","T1027.002"
"S0559","uses","T1546.012"
"G0050","uses","T1071.001"
"S0662","uses","T1106"
"G0006","uses","S0025"
"S1111","uses","T1496.001"
"S0013","uses","T1059.003"
"S0352","uses","T1027.002"
"G0096","uses","S0596"
"G1002","uses","T1573"
"S1030","uses","T1132.001"
"S1026","uses","T1218.011"
"S0622","uses","T1082"
"S0644","uses","T1082"
"T1127.002","subtechnique-of","T1127"
"S1240","uses","T1614"
"S0194","uses","T1113"
"S0409","uses","T1074.001"
"M1022","mitigates","T1222"
"S0386","uses","T1005"
"S1099","uses","T1573.001"
"S0534","uses","T1518"
"G0114","uses","T1007"
"S0585","uses","T1574.001"
"S0673","uses","T1012"
"S0115","uses","T1041"
"G0098","uses","T1566.001"
"M1018","mitigates","T1021"
"S0588","uses","T1573.002"
"G0114","uses","T1027.010"
"S1114","uses","T1573.001"
"S9010","uses","T1027.018"
"M1031","mitigates","T1557.003"
"M1038","mitigates","T1547.004"
"S1030","uses","T1071.001"
"S0172","uses","T1071.001"
"S0689","uses","T1497.001"
"S0559","uses","T1218.011"
"G1051","uses","S1040"
"G0070","uses","T1083"
"S0265","uses","T1125"
"S0067","uses","T1070.004"
"S0613","uses","T1027.013"
"S1242","uses","T1012"
"G0032","uses","T1491.001"
"G0029","uses","S0078"
"G0096","uses","T1110"
"S0281","uses","T1059.002"
"G0065","uses","T1055.001"
"S1244","uses","T1140"
"T1546.010","subtechnique-of","T1546"
"S1143","uses","T1480"
"S1146","uses","T1482"
"G0102","uses","T1133"
"G0016","uses","S0560"
"S0198","uses","T1059.004"
"S0015","uses","T1105"
"S0441","uses","T1547.001"
"S0471","uses","T1518.001"
"S0154","uses","T1620"
"S0379","uses","T1102.002"
"S1182","uses","T1016"
"S1060","uses","T1049"
"S0455","uses","T1129"
"G0006","uses","S0057"
"S0182","uses","T1012"
"T1122","revoked-by","T1546.015"
"G0086","revoked-by","G0094"
"S0237","uses","T1083"
"G1050","uses","S1242"
"S1014","uses","T1071.001"
"S0586","uses","T1036.005"
"G0102","uses","T1547.004"
"S0058","uses","T1547.009"
"S0128","uses","T1132.001"
"G0032","uses","S0497"
"G0059","uses","T1102.002"
"S0693","uses","T1222.001"
"S0623","uses","T1071"
"S0402","uses","T1564.011"
"G1039","uses","T1587.001"
"S0583","uses","T1112"
"S0448","uses","T1071.001"
"S1159","uses","T1105"
"M1022","mitigates","T1053"
"S0366","uses","T1018"
"S1239","uses","T1553.002"
"S0201","uses","T1033"
"S0091","uses","T1055.011"
"M1032","mitigates","T1539"
"S0647","uses","T1547.001"
"S0130","uses","T1016"
"M1027","mitigates","T1072"
"G1003","uses","T1053.005"
"S1021","uses","T1059.003"
"S0367","uses","T1053.005"
"G0078","uses","T1566.001"
"S0018","uses","T1056.001"
"M1027","mitigates","T1003"
"T1223","revoked-by","T1218.001"
"G0102","uses","S0575"
"G0007","uses","S0250"
"S1025","uses","T1553.005"
"S0534","uses","T1573.001"
"S0234","uses","T1083"
"S1111","uses","T1136.001"
"S1039","uses","T1132.001"
"G0001","uses","T1583.002"
"G0129","uses","T1129"
"G0016","uses","T1556.007"
"M1017","mitigates","T1003.005"
"S0677","uses","T1136.003"
"G1046","uses","S0357"
"S1246","uses","T1571"
"S0574","uses","T1027.014"
"S0611","uses","T1614.001"
"G0065","uses","T1566.001"
"S0692","uses","T1689"
"S0466","uses","T1119"
"S0674","uses","T1016.002"
"S0653","uses","T1016"
"G0065","uses","S0032"
"S1138","uses","T1204.001"
"M1031","mitigates","T1566.001"
"S0664","uses","T1057"
"S0136","uses","T1119"
"S0272","uses","T1082"
"S1091","uses","T1654"
"S1091","uses","T1526"
"G0083","uses","S0331"
"G0119","uses","T1567.002"
"S0387","uses","T1027.013"
"S0265","uses","T1059.004"
"G1024","uses","T1021.001"
"S1016","uses","T1123"
"G0096","uses","T1550.002"
"S1210","uses","T1140"
"G0069","uses","T1083"
"S1199","uses","T1120"
"G0001","uses","T1203"
"S0629","uses","T1027.013"
"S0367","uses","T1555.003"
"G0059","uses","T1033"
"S0385","uses","T1132.001"
"S0391","uses","T1041"
"S1242","uses","T1069.002"
"S0531","uses","T1185"
"S9032","uses","T1112"
"S0652","uses","T1082"
"G0027","uses","T1608.004"
"S9007","uses","T1041"
"M1013","mitigates","T1564.012"
"G1054","uses","T1018"
"S0232","uses","T1003"
"T1557.004","subtechnique-of","T1557"
"S1060","uses","T1012"
"S0633","uses","T1027.013"
"S0113","uses","T1082"
"G0093","uses","T1003.001"
"S0094","uses","T1083"
"G1048","uses","T1690"
"S0204","uses","T1547.001"
"S1143","uses","T1140"
"G0067","uses","S0240"
"S0376","uses","T1082"
"S0461","uses","T1021.001"
"S1039","uses","T1218.011"
"S0378","uses","T1083"
"S0658","uses","T1574.006"
"S0259","uses","T1106"
"G0027","uses","T1588.002"
"G0126","uses","T1203"
"S0642","uses","T1560.002"
"S0194","uses","T1547.001"
"S0483","uses","T1204.002"
"M1054","mitigates","T1566"
"S0250","uses","T1021.001"
"M1048","mitigates","T1559.001"
"G0128","uses","T1033"
"S0512","uses","T1027"
"S0385","uses","T1027.004"
"G0032","uses","S0271"
"M1022","mitigates","T1563.001"
"S1111","uses","T1056.001"
"G0091","uses","T1027.010"
"S0265","uses","T1055.001"
"S1044","uses","T1056.001"
"S1053","uses","T1027.007"
"S1089","uses","T1041"
"S9015","uses","T1140"
"S0048","uses","T1082"
"S1181","uses","T1135"
"G0032","uses","T1588.002"
"S0356","uses","T1680"
"G0018","uses","S0012"
"T1027.004","subtechnique-of","T1027"
"G0090","uses","T1041"
"S1015","uses","T1036"
"S0088","uses","T1686"
"S0367","uses","T1059.001"
"S0470","uses","T1059.003"
"G0103","uses","T1566.001"
"S0625","uses","T1016"
"G0099","uses","T1027"
"S0476","uses","T1082"
"G0032","uses","T1547.009"
"S0501","uses","T1095"
"S0269","uses","T1027.010"
"G0004","uses","T1007"
"G1044","uses","T1585.002"
"S9023","uses","T1070.006"
"G0045","uses","T1106"
"M1040","mitigates","T1137.002"
"G1047","uses","T1037.004"
"M1015","mitigates","T1003.006"
"S9031","uses","T1140"
"M1032","mitigates","T1599.001"
"S0579","uses","T1027.013"
"G0027","uses","T1018"
"G0037","uses","S0552"
"S0132","uses","T1686.003"
"S0410","uses","T1070.004"
"S1211","uses","T1686"
"G1051","uses","T1078"
"G0006","uses","T1588.001"
"S0002","uses","T1558.001"
"G1053","uses","S1040"
"S0012","uses","T1480.002"
"S1066","uses","T1056.001"
"M1022","mitigates","T1070.008"
"G0004","uses","T1543.003"
"S0268","uses","T1547.001"
"M1027","mitigates","T1003.005"
"S1161","uses","T1564.011"
"S0493","uses","T1106"
"S0143","uses","T1113"
"S0682","uses","T1001"
"S0230","uses","T1082"
"T1574.002","revoked-by","T1574.001"
"S0386","uses","T1027.010"
"G0114","uses","T1685.005"
"S0673","uses","T1129"
"S0658","uses","T1560"
"S0085","uses","T1070.004"
"G0094","uses","T1070.006"
"S0587","uses","T1053.003"
"G1024","uses","T1059.001"
"M1031","mitigates","T1048"
"S0201","uses","T1071.002"
"S0260","uses","T1007"
"S9024","uses","T1574.006"
"G1055","uses","T1686.003"
"S0234","uses","T1095"
"T1568.003","subtechnique-of","T1568"
"S0616","uses","T1105"
"G1021","uses","T1190"
"S1226","uses","T1140"
"S0360","uses","T1568.002"
"M1018","mitigates","T1685.004"
"S0066","uses","T1083"
"S1183","uses","T1036"
"M1056","mitigates","T1681"
"S0436","uses","T1090"
"S0251","uses","T1016"
"G0032","uses","T1059.005"
"S0283","uses","T1057"
"G0053","uses","T1588.002"
"S1087","uses","T1497.001"
"T1027.007","subtechnique-of","T1027"
"S0038","uses","T1055.001"
"S0030","uses","T1027"
"S0265","uses","T1071.002"
"S0342","uses","T1007"
"S0633","uses","T1573.002"
"S0450","uses","T1016"
"S0334","uses","T1057"
"S1240","uses","T1027.013"
"S0694","uses","T1036.005"
"S0493","uses","T1059.003"
"G0124","uses","T1090"
"S0090","uses","T1005"
"G1026","uses","T1027.013"
"G0047","uses","S0332"
"S1159","uses","T1083"
"M1056","mitigates","T1608.004"
"S0625","uses","T1049"
"S0603","uses","T1014"
"S0013","uses","T1105"
"S0368","uses","T1083"
"S1106","uses","T1071.001"
"S0688","uses","T1053.005"
"S0465","uses","T1204.002"
"S0559","uses","T1027.015"
"S0600","uses","T1059.004"
"G0032","uses","T1542.003"
"S0279","uses","T1685.006"
"G0047","uses","T1221"
"S0089","uses","T1120"
"S1039","uses","T1036.005"
"S0447","uses","T1041"
"S0244","uses","T1547.009"
"S0038","uses","T1573.001"
"T1098.003","subtechnique-of","T1098"
"S0266","uses","T1135"
"S0031","uses","T1090.001"
"G0012","uses","T1497"
"S1111","uses","T1059.010"
"S0503","uses","T1005"
"S0240","uses","T1041"
"T1574.005","subtechnique-of","T1574"
"G0032","uses","T1218.011"
"G1043","uses","T1190"
"S9007","uses","T1113"
"S1111","uses","T1665"
"G0125","uses","T1593.003"
"S0690","uses","T1071.004"
"S0147","uses","T1140"
"S0394","uses","T1037.004"
"T1606.001","subtechnique-of","T1606"
"S0651","uses","T1041"
"S9035","uses","T1140"
"S0094","uses","T1074.001"
"S0368","uses","T1003.001"
"S0595","uses","T1041"
"S0012","uses","T1055.001"
"G0018","uses","T1069.001"
"S0437","uses","T1056.001"
"G1051","uses","T1105"
"G0094","uses","T1598.003"
"G0080","uses","T1059.005"
"S0266","uses","T1132.001"
"S0241","uses","T1087.001"
"S1086","uses","T1566.001"
"S0253","uses","T1547.001"
"S0477","uses","T1059.003"
"S1196","uses","T1213"
"S0369","uses","T1059.004"
"T1546.005","subtechnique-of","T1546"
"S1247","uses","T1679"
"S1108","uses","T1505.003"
"S0363","uses","T1056.004"
"S1047","uses","T1140"
"S1247","uses","T1140"
"G1052","uses","T1593.001"
"S0665","uses","T1083"
"S1091","uses","T1552"
"S1151","uses","T1070.004"
"S0586","uses","T1547.001"
"S0570","uses","T1012"
"S0635","uses","T1083"
"G1023","uses","S0007"
"M1027","mitigates","T1078.003"
"G1051","uses","S1244"
"S0380","uses","T1055"
"S1028","uses","T1027"
"M1021","mitigates","T1189"
"S1139","uses","T1486"
"S0012","uses","T1074.001"
"S0433","uses","T1566.001"
"S1099","uses","T1083"
"M1019","mitigates","T1210"
"G0047","uses","T1685"
"M1051","mitigates","T1137"
"S0381","uses","T1518.001"
"G0090","uses","T1583.001"
"G0036","uses","T1021.004"
"G0019","uses","S0055"
"G0003","uses","T1587.001"
"S0373","uses","T1220"
"G0026","uses","S0071"
"S1161","uses","T1036.009"
"G0034","uses","T1047"
"S0491","uses","T1070.004"
"G0010","uses","T1120"
"G0010","uses","T1567.002"
"S0283","uses","T1083"
"S0689","uses","T1518.001"
"S0437","uses","T1564.003"
"S0266","uses","T1566.002"
"T1218.009","subtechnique-of","T1218"
"S0264","uses","T1059.003"
"S0430","uses","T1027.013"
"M1032","mitigates","T1098.003"
"S1035","uses","T1027"
"S1018","uses","T1059.005"
"M1026","mitigates","T1548"
"S0409","uses","T1115"
"S1228","uses","T1480.001"
"S1044","uses","T1016"
"G1012","uses","T1585.002"
"S0673","uses","T1217"
"S1034","uses","T1113"
"G1004","uses","T1591.002"
"S0192","uses","T1082"
"G0032","uses","T1583.006"
"S0559","uses","T1007"
"S0017","uses","T1124"
"G0119","uses","S0695"
"G1004","uses","S0002"
"G0094","uses","T1027.012"
"S0491","uses","T1518.001"
"S1236","uses","T1036.005"
"S1240","uses","T1614.001"
"S0598","uses","T1059"
"G0143","uses","T1036.005"
"M1027","mitigates","T1003.007"
"S0398","uses","T1007"
"G0094","uses","T1596"
"G0053","uses","S0029"
"S0367","uses","T1140"
"G0102","uses","T1036.004"
"S0245","uses","T1112"
"S0084","uses","T1136.001"
"G1024","uses","T1657"
"S0668","uses","T1036.004"
"M1018","mitigates","T1550.002"
"S1210","uses","T1082"
"S0198","uses","T1049"
"G0059","uses","T1098.002"
"S0517","uses","T1070.009"
"S0696","uses","T1204.002"
"S0409","uses","T1547.001"
"G0034","uses","T1087.003"
"S9009","uses","T1555.006"
"S1075","uses","T1135"
"S1236","uses","T1480.002"
"G1046","uses","T1566.004"
"S0062","uses","T1074.001"
"S0412","uses","T1070.004"
"G0050","uses","T1036.005"
"S0433","uses","T1573.001"
"S0365","uses","T1570"
"S0274","uses","T1005"
"G0004","uses","T1190"
"S0611","uses","T1083"
"S9025","uses","T1070.004"
"S0260","uses","T1016"
"M1017","mitigates","T1003"
"S0380","uses","T1518.001"
"S0262","uses","T1095"
"S1013","uses","T1204.002"
"S0670","uses","T1140"
"S0476","uses","T1566.001"
"S1011","uses","T1053.005"
"S9032","uses","T1056.002"
"S0126","uses","T1106"
"S0662","uses","T1071.001"
"G0094","uses","S0622"
"S0070","uses","T1071.004"
"S0192","uses","T1003.001"
"S0339","uses","T1105"
"G0080","uses","T1203"
"S0168","uses","T1547.009"
"S0266","uses","T1005"
"G0034","uses","T1021.002"
"M1018","mitigates","T1555.005"
"S1037","uses","T1033"
"S0428","uses","T1559.002"
"S1228","uses","T1059.003"
"S1247","uses","T1135"
"G0011","uses","S0008"
"S1063","uses","T1140"
"S0244","uses","T1071.001"
"S0249","uses","T1560"
"M1018","mitigates","T1484"
"G0076","uses","T1588.002"
"S0276","uses","T1056.002"
"S0461","uses","T1105"
"S1129","uses","T1135"
"G0082","uses","T1110"
"S9008","uses","T1071.001"
"S0002","uses","T1003.002"
"S0363","uses","T1574.007"
"S1086","uses","T1497.003"
"T1059.012","subtechnique-of","T1059"
"G0059","uses","T1070.004"
"T1564.013","subtechnique-of","T1564"
"M1021","mitigates","T1566.003"
"S9035","uses","T1573.002"
"S0622","uses","T1119"
"S0084","uses","T1132.001"
"S0492","uses","T1105"
"T1565.003","subtechnique-of","T1565"
"T1563.001","subtechnique-of","T1563"
"S0467","uses","T1057"
"G0059","uses","S0100"
"S0092","uses","T1091"
"S1138","uses","T1082"
"S0493","uses","T1083"
"G0035","uses","T1685.005"
"S0576","uses","T1489"
"S0359","uses","T1482"
"S0543","uses","T1082"
"G0032","uses","T1056.001"
"G1054","uses","T1016"
"G0049","uses","T1110"
"G0016","uses","T1059.001"
"S0438","uses","T1041"
"S0646","uses","T1105"
"S1217","uses","T1489"
"G0049","uses","T1059.005"
"S0483","uses","T1518.001"
"S1238","uses","T1036.008"
"G1014","uses","T1574.001"
"S0650","uses","T1539"
"G0096","uses","T1574.006"
"S0364","uses","T1561.001"
"M1031","mitigates","T1204.003"
"S0030","uses","T1219"
"G0094","uses","T1027.016"
"M1032","mitigates","T1110.001"
"S0687","uses","T1041"
"S1047","uses","T1071.004"
"S0476","uses","T1119"
"S0085","uses","T1082"
"S0473","uses","T1016"
"M1026","mitigates","T1556.001"
"S0283","uses","T1021.001"
"G0100","uses","T1071.001"
"G0010","uses","T1102.002"
"S0015","uses","T1564.001"
"S1104","uses","T1556.006"
"G0021","uses","T1566.002"
"S1189","uses","T1505.003"
"S0021","uses","T1055.001"
"S0127","uses","T1071.001"
"M1031","mitigates","T1001.001"
"G1053","uses","T1078.004"
"G0090","uses","T1071.001"
"S0633","uses","T1090.001"
"G0067","uses","T1559.002"
"S0018","uses","T1018"
"S0203","uses","T1573.001"
"S0275","uses","T1016"
"S0612","uses","T1548.002"
"S1068","uses","T1680"
"S0054","uses","T1105"
"S0692","uses","T1087.002"
"G0032","uses","T1571"
"M1022","mitigates","T1548.003"
"G1009","uses","T1588.002"
"S0129","uses","T1132.001"
"S0698","uses","T1110.001"
"S1066","uses","T1204.002"
"S0235","uses","T1547.001"
"S0154","uses","T1018"
"G0050","uses","T1070.004"
"S1144","uses","T1046"
"S0208","uses","T1105"
"S0435","uses","T1204.002"
"M1026","mitigates","T1552.007"
"G0108","uses","T1496.001"
"S0376","uses","T1546.003"
"S1180","uses","T1082"
"S1091","uses","T1546"
"S0495","uses","T1071.003"
"M1018","mitigates","T1548"
"S0127","uses","T1573.001"
"S1017","uses","T1083"
"T1596.001","subtechnique-of","T1596"
"G0027","uses","T1583.001"
"S0628","uses","T1083"
"G1046","uses","S0650"
"S0433","uses","T1033"
"G0059","uses","T1027.013"
"G0059","uses","T1566.002"
"S1169","uses","T1685"
"S1018","uses","T1497.001"
"S1070","uses","T1222.002"
"S1100","uses","T1090.003"
"M1038","mitigates","T1059.002"
"S0341","uses","T1105"
"S0444","uses","T1071.001"
"M1037","mitigates","T1219"
"M1022","mitigates","T1070.009"
"S1248","uses","T1016"
"S0691","uses","T1033"
"S0531","uses","T1056.001"
"S0031","uses","T1547.001"
"S0459","uses","T1059.003"
"G1039","uses","T1087.001"
"G0007","uses","S0191"
"S0692","uses","T1018"
"S1018","uses","T1059.001"
"S0270","uses","T1027.010"
"S0451","uses","T1543.003"
"S9038","uses","T1106"
"G0026","uses","S0032"
"S0269","uses","T1059.003"
"S1124","uses","T1566.002"
"S1222","uses","T1082"
"S0380","uses","T1047"
"S0057","uses","T1518.001"
"S1063","uses","T1069.002"
"S0395","uses","T1105"
"S1226","uses","T1574.001"
"G0069","uses","T1548.002"
"G0045","uses","S0194"
"S0032","uses","T1012"
"G1045","uses","T1602.002"
"G0022","uses","T1552.001"
"G0094","uses","T1550.002"
"M1047","mitigates","T1070.008"
"S0604","uses","T1016"
"S0477","uses","T1033"
"M1025","mitigates","T1547.002"
"S0013","uses","T1686"
"S1198","uses","T1059.004"
"G0125","uses","T1567.002"
"G1031","uses","T1204.002"
"S1223","uses","T1059.006"
"G1051","uses","T1057"
"M1030","mitigates","T1046"
"G0019","uses","T1566.001"
"G0060","uses","S0110"
"S1242","uses","T1016"
"G1030","uses","T1021.001"
"S0601","uses","T1082"
"G1053","uses","T1218.010"
"S1100","uses","T1480.001"
"S0256","uses","T1546.015"
"S1245","uses","T1555.003"
"G0019","uses","S0061"
"S0348","uses","T1560.002"
"S0448","uses","T1070"
"S0192","uses","T1056.001"
"S0024","uses","T1071.001"
"S1063","uses","T1572"
"S0484","uses","T1518.001"
"G0005","uses","T1566.001"
"S1199","uses","T1135"
"S0385","uses","T1571"
"S0638","uses","T1490"
"G0142","uses","T1680"
"G1002","uses","T1068"
"S0085","uses","T1132.001"
"S0257","uses","T1113"
"S1178","uses","T1561.002"
"G0059","uses","T1078.001"
"S0385","uses","T1091"
"S0466","uses","T1036"
"S1105","uses","T1014"
"S0568","uses","T1041"
"G0032","uses","T1132.001"
"G1004","uses","T1578.003"
"S0642","uses","T1083"
"S1132","uses","T1059.005"
"G1038","uses","S1039"
"S0603","uses","T1071.001"
"M1041","mitigates","T1114.002"
"S0500","uses","T1036.005"
"G0114","uses","T1016"
"S0690","uses","T1140"
"S0234","uses","T1566.001"
"S0279","uses","T1140"
"S0149","uses","T1033"
"G0073","uses","T1566.001"
"S0515","uses","T1016"
"G0095","uses","T1053.005"
"M1028","mitigates","T1011"
"G0065","uses","T1584.004"
"S0374","uses","T1203"
"S0219","uses","T1059"
"M1038","mitigates","T1553.001"
"S9027","uses","T1574.001"
"G0096","uses","T1059.003"
"T1098.005","subtechnique-of","T1098"
"G0096","uses","T1003.002"
"S1138","uses","T1140"
"S0458","uses","T1680"
"S1034","uses","T1036.005"
"S1148","uses","T1555.003"
"S9020","uses","T1124"
"S0247","uses","T1055"
"M1024","mitigates","T1112"
"S1180","uses","T1053.005"
"G0094","uses","T1557"
"S1110","uses","T1059"
"S1149","uses","T1033"
"T1198","revoked-by","T1553.003"
"G1003","uses","T1210"
"G1023","uses","T1003.001"
"G0120","uses","S0568"
"G1055","uses","T1552.002"
"S0416","uses","T1070.004"
"S0083","uses","T1070.009"
"S0646","uses","T1016"
"T1574.002","subtechnique-of","T1574"
"S1121","uses","T1554"
"S1063","uses","T1518.001"
"G1005","uses","T1090"
"S0559","uses","T1036.005"
"G1055","uses","T1213.002"
"S0601","uses","T1102"
"G1046","uses","T1027.013"
"S1141","uses","T1071.001"
"S0089","uses","T1547.009"
"S0638","uses","T1059.003"
"S0125","uses","T1105"
"S0345","uses","T1027.013"
"S1139","uses","T1140"
"S0041","uses","T1072"
"G0004","uses","T1036.005"
"G0085","uses","T1204.001"
"S0650","uses","T1055"
"S0030","uses","T1056.001"
"S1233","uses","T1106"
"S0356","uses","T1560"
"S1044","uses","T1033"
"S9014","uses","T1505.003"
"G1039","uses","T1056.002"
"G0010","uses","T1071.001"
"G0102","uses","S0367"
"S0641","uses","T1140"
"G0082","uses","T1135"
"G0143","uses","T1588.001"
"G0049","uses","T1566.002"
"S0378","uses","T1090"
"S0693","uses","T1083"
"S1213","uses","T1547.001"
"S0673","uses","T1132.001"
"S0186","uses","T1547.001"
"S0013","uses","T1082"
"M1030","mitigates","T1563"
"G1043","uses","T1608.001"
"S0088","uses","T1547.001"
"G1017","uses","T1090.001"
"T1614.001","subtechnique-of","T1614"
"S1035","uses","T1033"
"S0663","uses","T1036.004"
"G0065","uses","T1203"
"G0032","uses","T1189"
"G1030","uses","S1135"
"S0622","uses","T1567"
"S0692","uses","T1690"
"S0154","uses","T1003.001"
"S0665","uses","T1027.015"
"G1032","uses","S1040"
"S0483","uses","T1027.009"
"G1054","uses","T1553.002"
"G0039","uses","T1078"
"S1017","uses","T1119"
"G0023","uses","T1584.004"
"G0052","uses","S0154"
"G1001","uses","T1102.002"
"G0114","uses","T1046"
"G0067","uses","T1106"
"G0061","uses","T1027.010"
"S0696","uses","T1105"
"M1031","mitigates","T1001"
"G0069","uses","T1105"
"G0102","uses","T1087.002"
"T1098.006","subtechnique-of","T1098"
"T1070.009","subtechnique-of","T1070"
"T1592.001","subtechnique-of","T1592"
"S0537","uses","T1559"
"S0378","uses","T1110"
"S1099","uses","T1027.015"
"G0027","uses","T1189"
"S1179","uses","T1518.001"
"S0611","uses","T1057"
"S1104","uses","T1074.001"
"S0554","uses","T1033"
"G1016","uses","S0363"
"G0081","uses","S0012"
"S0658","uses","T1548.006"
"S0438","uses","T1129"
"S0253","uses","T1070.004"
"S1156","uses","T1113"
"G0122","uses","T1585.002"
"S0240","uses","T1566.001"
"G1017","uses","S0002"
"S9036","uses","T1059.001"
"S0165","uses","T1049"
"S0442","uses","T1070.004"
"M1056","mitigates","T1583.005"
"G0143","uses","T1518.001"
"S0570","uses","T1490"
"S0387","uses","T1070.006"
"S1212","uses","T1497.003"
"S0410","uses","T1082"
"S1066","uses","T1057"
"T1566.001","subtechnique-of","T1566"
"S0696","uses","T1547.001"
"S0363","uses","T1106"
"S0603","uses","T1083"
"S1039","uses","T1055"
"G0082","uses","T1553.005"
"M1054","mitigates","T1537"
"S0530","uses","T1574.001"
"S0023","uses","T1083"
"G0012","uses","T1497.001"
"S0380","uses","T1027.013"
"S0200","uses","T1132.001"
"S1200","uses","T1106"
"S0044","uses","T1115"
"S0270","uses","T1132.001"
"S0018","uses","T1049"
"G1006","uses","T1112"
"S9020","uses","T1082"
"S1199","uses","T1680"
"G0032","uses","T1110.003"
"S0270","uses","T1102.002"
"G0032","uses","T1204.002"
"G1044","uses","T1053.005"
"S0386","uses","T1113"
"G1012","uses","T1124"
"G1030","uses","T1190"
"G0046","uses","T1686"
"G0002","uses","T1027.001"
"S0395","uses","T1119"
"S0576","uses","T1112"
"S0263","uses","T1090"
"S1153","uses","T1071.001"
"S0483","uses","T1027.013"
"G0032","uses","S0586"
"S0180","uses","T1057"
"S0013","uses","T1074.001"
"S9023","uses","T1568.002"
"S0240","uses","T1115"
"G0032","uses","T1553.002"
"M1025","mitigates","T1556.001"
"S1087","uses","T1125"
"S9003","uses","T1132"
"M1030","mitigates","T1571"
"S1153","uses","T1059.004"
"M1042","mitigates","T1555.004"
"M1038","mitigates","T1036.008"
"G0092","uses","T1218.011"
"S0521","uses","T1018"
"S0375","uses","T1047"
"S1116","uses","T1059.007"
"G1002","uses","T1036.004"
"S0098","uses","T1123"
"S0670","uses","T1059.001"
"S0414","uses","T1140"
"G0043","uses","T1056.001"
"T1167","revoked-by","T1555.002"
"G0045","uses","S0144"
"S0467","uses","T1518"
"S9008","uses","T1593.003"
"S0520","uses","T1041"
"G1051","uses","T1559.001"
"G0069","uses","T1573.001"
"S1239","uses","T1055.001"
"S0049","uses","T1016"
"S0561","uses","T1070.004"
"T1606.002","subtechnique-of","T1606"
"S0249","uses","T1057"
"S0335","uses","T1140"
"S0439","uses","T1569.002"
"G0096","uses","T1568.002"
"S1226","uses","T1036.004"
"S0275","uses","T1132.001"
"S0629","uses","T1008"
"M1022","mitigates","T1552"
"S1072","uses","T1057"
"S0606","uses","T1218.011"
"S0223","uses","T1559.002"
"S1180","uses","T1490"
"G1005","uses","T1588.002"
"S0268","uses","T1005"
"S1063","uses","T1685"
"S1160","uses","T1041"
"S1074","uses","T1036.008"
"S0178","uses","T1036.004"
"S0635","uses","T1036"
"S0562","uses","T1195.002"
"S0617","uses","T1490"
"S0444","uses","T1059.003"
"G0096","uses","T1569.002"
"S0200","uses","T1071.001"
"S0148","uses","T1053.005"
"S1032","uses","T1049"
"G0067","uses","S0217"
"S0115","uses","T1057"
"S0230","uses","T1001.002"
"S0034","uses","T1059.003"
"M1047","mitigates","T1059.011"
"M1042","mitigates","T1092"
"S0340","uses","T1547.001"
"S0192","uses","T1071.001"
"S0385","uses","T1033"
"S1085","uses","T1059.003"
"M1054","mitigates","T1677"
"S0446","uses","T1222.001"
"S0511","uses","T1059.001"
"S0125","uses","T1003.002"
"G1006","uses","T1047"
"S1171","uses","T1105"
"G0114","uses","T1033"
"G1008","uses","S1029"
"G0089","uses","S0379"
"S0601","uses","T1685"
"G0114","uses","T1087.001"
"S0653","uses","T1518.001"
"S0663","uses","T1041"
"G0126","uses","T1029"
"M1038","mitigates","T1218.008"
"M1024","mitigates","T1574"
"S0661","uses","T1106"
"M1018","mitigates","T1078.003"
"S0487","uses","T1556"
"S0385","uses","T1547.001"
"M1032","mitigates","T1114.002"
"S0355","uses","T1082"
"S0576","uses","T1561.001"
"S1073","uses","T1135"
"S0647","uses","T1560.001"
"S0461","uses","T1082"
"S0531","uses","T1070.004"
"S0363","uses","T1047"
"S0520","uses","T1016"
"S0462","uses","T1027.010"
"G1014","uses","T1547.001"
"S1070","uses","T1059.003"
"G1055","uses","T1219.002"
"S1044","uses","T1124"
"S0246","uses","T1059.003"
"S1073","uses","T1016"
"G1040","uses","T1078"
"G0067","uses","T1203"
"S0697","uses","T1140"
"G1033","uses","T1566.001"
"S0692","uses","T1070.004"
"G1022","uses","S0020"
"S1207","uses","T1106"
"S0680","uses","T1106"
"S9015","uses","T1543"
"G0078","uses","T1564.003"
"G1015","uses","T1543.002"
"T1686.001","subtechnique-of","T1686"
"S0045","uses","T1573.001"
"G0108","uses","T1027.013"
"S0221","uses","T1205"
"S0375","uses","T1140"
"S0556","uses","T1082"
"M1017","mitigates","T1003.003"
"S0603","uses","T1008"
"S0447","uses","T1053"
"G0091","uses","T1569.002"
"S1167","uses","T1082"
"S9034","uses","T1027.013"
"G1002","uses","T1608.001"
"M1037","mitigates","T1187"
"S0168","uses","T1070.004"
"G1039","uses","T1082"
"S0082","uses","T1105"
"S0260","uses","T1480.001"
"S1024","uses","T1016"
"S0363","uses","T1055"
"S1242","uses","T1680"
"S1146","uses","T1115"
"S0488","uses","T1047"
"S0696","uses","T1071.001"
"M1049","mitigates","T1027.013"
"S1187","uses","T1071.001"
"S1065","uses","T1113"
"S0512","uses","T1070.004"
"G1016","uses","T1071.001"
"S0679","uses","T1546.015"
"G0100","uses","T1005"
"S0649","uses","T1033"
"G0011","uses","T1588.002"
"S1058","uses","T1112"
"G0093","uses","T1560.001"
"G0013","uses","T1566.001"
"G0037","uses","T1204.002"
"S1239","uses","T1573.001"
"S1134","uses","T1027.013"
"S0582","uses","T1113"
"S0032","uses","T1140"
"G0081","uses","T1027.013"
"S0171","uses","T1518.001"
"S1168","uses","T1071.001"
"M1031","mitigates","T1090.001"
"S1190","uses","T1070.009"
"G0100","uses","T1218.005"
"S0692","uses","T1134.003"
"S1071","uses","T1558.004"
"S0250","uses","T1059.003"
"S0547","uses","T1105"
"S9015","uses","T1572"
"G1040","uses","S0645"
"G0077","uses","T1552.001"
"M1015","mitigates","T1550"
"M1040","mitigates","T1574.013"
"S0663","uses","T1027.013"
"G0093","uses","T1059.001"
"S1188","uses","T1071.001"
"G1039","uses","T1204.001"
"G1001","uses","T1588.002"
"S0694","uses","T1018"
"S0013","uses","T1497.001"
"S0269","uses","T1036.005"
"S0170","uses","T1105"
"S0373","uses","T1016"
"S0336","uses","T1686"
"S1021","uses","T1547.001"
"S0251","uses","T1083"
"G1044","uses","T1682"
"S0666","uses","T1082"
"S1050","uses","T1005"
"G0047","uses","T1140"
"S1187","uses","T1090"
"G1008","uses","T1059.005"
"T1546.007","subtechnique-of","T1546"
"M1056","mitigates","T1596.004"
"G1018","uses","T1016.001"
"M1041","mitigates","T1602.001"
"T1590.003","subtechnique-of","T1590"
"S0586","uses","T1059.003"
"S0667","uses","T1027.013"
"S1053","uses","T1083"
"S0476","uses","T1105"
"S0395","uses","T1573.001"
"S0514","uses","T1132.001"
"G0140","uses","T1071.004"
"G1034","uses","S1147"
"S0697","uses","T1059.003"
"S0409","uses","T1123"
"M1052","mitigates","T1548.002"
"S0168","uses","T1055.003"
"S1101","uses","T1574.001"
"S1026","uses","T1005"
"G0065","uses","S0039"
"M1047","mitigates","T1550.001"
"G0067","uses","T1055"
"S1016","uses","T1555.001"
"S0374","uses","T1070.004"
"S0652","uses","T1041"
"S1240","uses","T1102"
"S0451","uses","T1189"
"G0082","uses","T1082"
"S1204","uses","T1016"
"T1499.002","subtechnique-of","T1499"
"S0554","uses","T1105"
"M1025","mitigates","T1003.001"
"S0356","uses","T1105"
"S0209","revoked-by","S0012"
"M1038","mitigates","T1685"
"S0457","uses","T1027.009"
"S0674","uses","T1059.001"
"M1054","mitigates","T1602"
"S0363","uses","T1550.002"
"M1047","mitigates","T1684"
"S0248","uses","T1033"
"S0457","uses","T1490"
"S0660","uses","T1059.003"
"G1045","uses","T1110.002"
"G0096","uses","T1071.004"
"S0692","uses","T1059.006"
"S0215","uses","T1082"
"S0439","uses","T1134.001"
"M1054","mitigates","T1213.004"
"S0569","uses","T1573.001"
"M1027","mitigates","T1003.008"
"S0148","uses","T1036.004"
"T1562","revoked-by","T1685"
"S1060","uses","T1217"
"G0056","uses","T1543.003"
"M1045","mitigates","T1543.003"
"M1040","mitigates","T1059.005"
"T1683.002","subtechnique-of","T1683"
"S0511","uses","T1112"
"S0475","uses","T1082"
"S0239","uses","T1119"
"S0165","uses","T1018"
"G0122","uses","T1589.002"
"M1051","mitigates","T1195.001"
"G0034","uses","T1204.001"
"S0631","uses","T1059.006"
"S1110","uses","T1071.001"
"G0055","uses","S0176"
"T1684.001","subtechnique-of","T1684"
"S0568","uses","T1539"
"T1021.001","subtechnique-of","T1021"
"S0596","uses","T1016"
"G0140","uses","S0262"
"S1109","uses","T1119"
"S0688","uses","T1059.001"
"S0127","uses","T1546.015"
"G0017","uses","S0012"
"S0395","uses","T1074.001"
"S0458","uses","T1027.003"
"S0697","uses","T1082"
"S0554","uses","T1685"
"S9034","uses","T1059.007"
"S0373","uses","T1055.012"
"S1012","uses","T1074.001"
"S0264","uses","T1560.003"
"S0409","uses","T1071.001"
"S0685","uses","T1105"
"G0010","uses","T1124"
"G0059","uses","T1083"
"G0094","uses","S1198"
"G0037","uses","T1036.004"
"S0244","uses","T1059.005"
"S0438","uses","T1543.003"
"G0083","uses","T1071.001"
"M1033","mitigates","T1072"
"G0102","uses","T1518.002"
"G0022","uses","T1074.001"
"S1242","uses","T1222"
"M1056","mitigates","T1597"
"S0083","uses","T1082"
"G1015","uses","T1219.002"
"S9015","uses","T1070.004"
"S0630","uses","T1036.004"
"S1141","uses","T1027.013"
"S1019","uses","T1497.001"
"S0241","uses","T1057"
"S0282","uses","T1564.001"
"S0598","uses","T1518"
"S0692","uses","T1046"
"S1078","uses","T1082"
"G0079","uses","S0270"
"G0007","uses","T1071.001"
"S0148","uses","T1573.001"
"M1038","mitigates","T1059"
"S9019","uses","T1480"
"G0069","uses","T1567.002"
"G0078","uses","T1055.002"
"G1009","uses","T1505.003"
"S0501","uses","T1548.002"
"G0112","uses","T1566.002"
"G0129","uses","T1057"
"G0060","uses","T1574.001"
"S0458","uses","T1036.005"
"G0129","uses","T1082"
"G0026","uses","T1105"
"S0367","uses","T1059.005"
"S0387","uses","T1105"
"G1017","uses","T1587.004"
"S0692","uses","T1059.001"
"G0096","uses","T1046"
"S0280","uses","T1574.001"
"S1065","uses","T1140"
"S0251","uses","T1547.001"
"S0543","uses","T1497.002"
"G0032","uses","T1218"
"S0435","uses","T1083"
"S0245","uses","T1082"
"S0363","uses","T1217"
"S0604","uses","T1489"
"M1027","mitigates","T1078.001"
"M1032","mitigates","T1199"
"M1018","mitigates","T1547.013"
"S1149","uses","T1057"
"T1583.007","subtechnique-of","T1583"
"S0593","uses","T1113"
"S0192","uses","T1497.001"
"G0030","uses","S0081"
"S1018","uses","T1622"
"S0482","uses","T1027"
"G0125","uses","T1114.002"
"G0069","uses","T1555.003"
"G0129","uses","T1095"
"G1015","uses","T1657"
"G0006","uses","T1049"
"G0019","uses","T1036.004"
"S0348","uses","T1012"
"S1100","uses","T1090.001"
"S0650","uses","T1482"
"S1090","uses","T1071.003"
"S0266","uses","T1069"
"G1039","uses","T1573.002"
"G0080","uses","T1070.004"
"G0065","uses","T1059.005"
"M1021","mitigates","T1567"
"M1027","mitigates","T1601"
"S0678","uses","T1071.001"
"S0268","uses","T1497.003"
"T1154","revoked-by","T1546.005"
"S0091","uses","T1553.002"
"S0265","uses","T1543.003"
"G1048","uses","T1560.003"
"S1100","uses","T1680"
"G0027","uses","S0057"
"G0059","uses","T1016"
"T1496.004","subtechnique-of","T1496"
"S1148","uses","T1560"
"S0461","uses","T1125"
"S0346","uses","T1082"
"S0579","uses","T1049"
"G1011","uses","T1585.002"
"S1065","uses","T1105"
"S1184","uses","T1573.002"
"S0626","uses","T1497.001"
"G0134","uses","T1564.001"
"S1240","uses","T1016"
"G1051","uses","T1219"
"S1111","uses","T1105"
"S1166","uses","T1573.001"
"S0058","uses","T1547.001"
"G0119","uses","T1059.003"
"S0567","uses","T1055.012"
"G0091","uses","T1090.002"
"S0338","uses","T1056.001"
"S0439","uses","T1083"
"S0283","uses","T1555.003"
"G0069","uses","S1035"
"S0331","uses","T1056.001"
"G0040","uses","T1027.002"
"S1240","uses","T1059.011"
"S0483","uses","T1106"
"S0357","uses","T1047"
"S0283","uses","T1027.002"
"M1054","mitigates","T1543.005"
"S1050","uses","T1218.011"
"S0447","uses","T1548.002"
"S0115","uses","T1114.001"
"G0096","uses","T1560.001"
"T1065","revoked-by","T1571"
"G0007","uses","S0174"
"G0112","uses","T1036.001"
"M1054","mitigates","T1689"
"T1037.005","subtechnique-of","T1037"
"S0145","uses","T1059.001"
"S0047","uses","T1014"
"G0140","uses","T1588.001"
"S0641","uses","T1205"
"G0119","uses","T1484.001"
"G0069","uses","T1566"
"S1084","uses","T1071"
"S0607","uses","T1027"
"S1060","uses","T1113"
"S0251","uses","T1027.002"
"S0438","uses","T1027.013"
"M1038","mitigates","T1574.007"
"S0268","uses","T1071.001"
"S0132","uses","T1548.002"
"G0066","uses","T1204.001"
"T1591.001","subtechnique-of","T1591"
"G0093","uses","T1570"
"S0385","uses","T1021.001"
"G0052","uses","T1218.011"
"S0636","uses","T1105"
"S1091","uses","T1686.001"
"S0517","uses","T1057"
"G0096","uses","T1218.011"
"S0382","uses","T1059.001"
"S0644","uses","T1083"
"S1105","uses","T1574.006"
"M1026","mitigates","T1078"
"S1065","uses","T1573.002"
"S9035","uses","T1069.002"
"G1052","uses","T1583"
"T1559.003","subtechnique-of","T1559"
"T1543.005","subtechnique-of","T1543"
"G0073","uses","S0363"
"S1242","uses","T1486"
"S0662","uses","T1033"
"S1042","uses","T1053.005"
"S0451","uses","T1016"
"S0526","uses","T1037.001"
"S0270","uses","T1059.003"
"G0026","uses","S0106"
"S0001","uses","T1542.001"
"S1178","uses","T1041"
"S0663","uses","T1082"
"S0234","uses","T1059"
"S0386","uses","T1543.003"
"S0554","uses","T1497"
"G0119","uses","T1047"
"S0247","uses","T1082"
"S0630","uses","T1070.004"
"S0437","uses","T1113"
"S1106","uses","T1033"
"S1016","uses","T1041"
"G1016","uses","S0160"
"S9016","uses","T1027.013"
"G0081","uses","T1036.005"
"S0198","uses","T1560"
"S1248","uses","T1041"
"S0402","uses","T1140"
"S1050","uses","T1140"
"S1239","uses","T1140"
"S1210","uses","T1134"
"S0240","uses","T1027"
"S1022","uses","T1560.001"
"T1546.012","subtechnique-of","T1546"
"G0010","uses","T1087.001"
"S0035","uses","T1547.009"
"S0053","uses","T1027.002"
"G0117","uses","T1087.001"
"M1018","mitigates","T1686.001"
"S1198","uses","T1071.001"
"G1041","uses","T1078.003"
"S1086","uses","T1047"
"S0596","uses","T1029"
"M1033","mitigates","T1547.013"
"S1108","uses","T1132.001"
"S0023","uses","T1027.011"
"M1047","mitigates","T1606.002"
"S0448","uses","T1057"
"G1031","uses","T1059"
"G0034","uses","T1505.003"
"S0341","uses","T1059.001"
"G0001","uses","T1078"
"S0082","uses","T1615"
"G1016","uses","T1550.002"
"S0455","uses","T1082"
"S0394","uses","T1014"
"S0614","uses","T1027.001"
"G0062","uses","T1203"
"S0267","uses","T1047"
"M1042","mitigates","T1563.002"
"G0090","uses","T1574.001"
"S1183","uses","T1132.001"
"G0008","uses","S0030"
"T1590.004","subtechnique-of","T1590"
"G1043","uses","T1490"
"G0059","uses","T1036.005"
"S0409","uses","T1010"
"S0140","uses","T1570"
"G0089","uses","S0198"
"G0022","uses","T1078.002"
"G0135","uses","S0002"
"S1160","uses","T1036.005"
"S9037","uses","T1087.002"
"S0644","uses","T1027.003"
"S0168","uses","T1055"
"M1047","mitigates","T1095"
"S0476","uses","T1041"
"G1055","uses","T1595.002"
"S9023","uses","T1082"
"S1034","uses","T1497.003"
"S1201","uses","T1539"
"S0013","uses","T1049"
"S1070","uses","T1007"
"S0441","uses","T1041"
"G1033","uses","T1598.002"
"S1213","uses","T1176.001"
"S0069","uses","T1102.001"
"S0496","uses","T1027.013"
"S1012","uses","T1560"
"G0034","uses","S1190"
"G1006","uses","S0160"
"S0400","uses","T1685"
"G0139","uses","T1595.001"
"S0576","uses","T1486"
"G0040","uses","S0475"
"G0135","uses","S0590"
"G1018","uses","T1055.012"
"G0087","uses","T1555"
"G0129","uses","T1203"
"G1055","uses","T1561.002"
"S0578","uses","T1036.005"
"S1184","uses","T1554"
"S0386","uses","T1059.001"
"G0027","uses","S0104"
"S1120","uses","T1505.003"
"S0687","uses","T1057"
"G1046","uses","T1684.001"
"M1018","mitigates","T1213"
"G0051","uses","T1053.005"
"G0108","uses","T1112"
"S1132","uses","T1005"
"G0049","uses","S0349"
"G0117","uses","T1087.002"
"M1026","mitigates","T1098.001"
"S0660","uses","T1082"
"G0080","uses","T1548.002"
"S1144","uses","T1049"
"G1022","uses","S0104"
"G0064","uses","T1110.003"
"S1049","uses","T1543.003"
"S0381","uses","T1218.011"
"T1564.006","subtechnique-of","T1564"
"S0163","uses","T1123"
"G1043","uses","S1179"
"G0107","uses","T1588.002"
"T1578.004","subtechnique-of","T1578"
"S1217","uses","T1673"
"S0267","uses","T1124"
"S1111","uses","T1057"
"S1065","uses","T1070.004"
"G0030","uses","S1211"
"S9035","uses","T1016"
"S0193","uses","T1202"
"S0615","uses","T1560.003"
"G0114","uses","T1572"
"G1048","uses","T1203"
"T1098.004","subtechnique-of","T1098"
"M1027","mitigates","T1110.001"
"G1051","uses","T1003.003"
"G0120","uses","T1555"
"S1034","uses","T1041"
"S0409","uses","T1560.003"
"S0092","uses","T1052.001"
"G1009","uses","T1587.001"
"M1047","mitigates","T1087.004"
"S1039","uses","T1106"
"G0103","uses","T1027.013"
"G0068","uses","T1056.001"
"S0531","uses","T1497.001"
"S0603","uses","T1087.002"
"S0633","uses","T1016"
"G0139","uses","T1105"
"S0504","uses","T1071.004"
"S0687","uses","T1016"
"G0040","uses","T1033"
"S0352","uses","T1560.002"
"S0254","uses","T1548.002"
"G0092","uses","T1140"
"S0240","uses","T1497.001"
"S1180","uses","T1689"
"S0265","uses","T1082"
"G0016","uses","T1133"
"M1056","mitigates","T1591.001"
"M1042","mitigates","T1218.013"
"T1519","revoked-by","T1546.014"
"S0633","uses","T1113"
"T1134.005","subtechnique-of","T1134"
"S0531","uses","T1685"
"M1037","mitigates","T1205.002"
"G1051","uses","T1018"
"G0119","uses","S0002"
"T1181","revoked-by","T1055.011"
"S0695","uses","T1059.007"
"S0683","uses","T1552.007"
"G0010","uses","T1204.001"
"S0127","uses","T1083"
"S0492","uses","T1140"
"S9001","uses","T1620"
"G0004","uses","T1569.002"
"G0094","uses","T1518.001"
"S1199","uses","T1685.005"
"M1038","mitigates","T1127"
"G1051","uses","T1569.002"
"G0080","uses","T1220"
"S0378","uses","T1003.001"
"S0696","uses","T1018"
"S0242","uses","T1486"
"G1051","uses","T1003.001"
"S0689","uses","T1135"
"S1236","uses","T1204.002"
"M1042","mitigates","T1563"
"S0508","uses","T1567"
"S0691","uses","T1112"
"S0493","uses","T1070.004"
"S0128","uses","T1547.001"
"S0582","uses","T1573.001"
"S1249","uses","T1016"
"S9008","uses","T1567.001"
"G0059","uses","T1098.007"
"S1244","uses","T1564.003"
"S0154","uses","T1685"
"G1037","uses","S1160"
"G0032","uses","T1560.002"
"S1124","uses","T1033"
"G0098","uses","T1036.002"
"S0673","uses","T1059.003"
"G0099","uses","T1036.005"
"S1100","uses","T1218.011"
"S0598","uses","T1027"
"S0232","uses","T1027.013"
"G0004","uses","T1005"
"S1245","uses","T1016"
"S0439","uses","T1564.001"
"S1166","uses","T1041"
"S0610","uses","T1071.001"
"M1018","mitigates","T1675"
"S1114","uses","T1059.004"
"S1213","uses","T1074.001"
"T1564.010","subtechnique-of","T1564"
"S0410","uses","T1543.002"
"S1228","uses","T1027"
"S0042","uses","T1102.002"
"S0468","uses","T1057"
"S0082","uses","T1069.001"
"G0143","uses","T1059.003"
"S1226","uses","T1056.001"
"S0396","uses","T1059.003"
"S0281","uses","T1222.002"
"G0049","uses","T1112"
"G0085","uses","T1056.001"
"S0332","uses","T1497.001"
"G0041","uses","T1556.002"
"G0050","uses","T1027.011"
"G0019","uses","T1053.005"
"T1503","revoked-by","T1555.003"
"S1219","uses","T1140"
"S9024","uses","T1027.013"
"G0010","uses","S0096"
"S0004","uses","T1547.009"
"S1229","uses","T1087"
"G0069","uses","T1560.001"
"S1070","uses","T1680"
"S0377","uses","T1685.004"
"S1037","uses","T1204.002"
"S1076","uses","T1016"
"S0260","uses","T1055.015"
"G0007","uses","T1213"
"G1003","uses","T1059.001"
"T1036.011","subtechnique-of","T1036"
"S0038","uses","T1071"
"G1055","uses","T1583.004"
"S0586","uses","T1573.001"
"S0690","uses","T1016"
"G0079","uses","S0154"
"S9018","uses","T1547.001"
"G1016","uses","T1059.003"
"T1555.004","subtechnique-of","T1555"
"S0581","uses","T1036.004"
"S0373","uses","T1547.009"
"S0634","uses","T1059.003"
"S0483","uses","T1027.003"
"S1247","uses","T1027.013"
"S0584","uses","T1218.007"
"T1569.001","subtechnique-of","T1569"
"G1048","uses","T1037.004"
"S0657","uses","T1102.002"
"S0058","uses","T1056.001"
"S0521","uses","T1106"
"G0030","uses","T1016.001"
"M1049","mitigates","T1059"
"T1546.001","subtechnique-of","T1546"
"S0458","uses","T1057"
"T1170","revoked-by","T1218.005"
"G1022","uses","T1057"
"S0150","uses","T1059.001"
"S1066","uses","T1016.001"
"S1169","uses","T1204.002"
"G0011","uses","S0012"
"G0016","uses","S0053"
"M1017","mitigates","T1185"
"S1185","uses","T1217"
"S0641","uses","T1573.001"
"S0213","uses","T1113"
"S0044","uses","T1059.003"
"T1171","revoked-by","T1557.001"
"S0038","uses","T1021.002"
"G1034","uses","T1059.001"
"S0377","uses","T1554"
"G0082","uses","T1565.002"
"S0071","uses","T1543.003"
"S1232","uses","T1553.002"
"G1034","uses","T1036.003"
"G0069","uses","T1684.001"
"S0586","uses","T1001.003"
"S0389","uses","T1059.005"
"S1235","uses","T1053.005"
"S1020","uses","T1070.004"
"S0168","uses","T1105"
"S1044","uses","T1012"
"S0196","uses","T1059.001"
"S1034","uses","T1124"
"G0108","uses","T1569.002"
"S1141","uses","T1057"
"S1145","uses","T1027.011"
"S1147","uses","T1497.001"
"S1185","uses","T1027.001"
"G0049","uses","T1120"
"S0534","uses","T1547.004"
"S0241","uses","T1016"
"S0341","uses","T1059.007"
"G1055","uses","T1105"
"S0453","uses","T1082"
"S0140","uses","T1053.005"
"T1036.007","subtechnique-of","T1036"
"S0570","uses","T1543.003"
"G0080","uses","T1071.004"
"S0484","uses","T1012"
"S0617","uses","T1135"
"M1035","mitigates","T1542.005"
"S0032","uses","T1573.001"
"M1030","mitigates","T1133"
"T1584.007","subtechnique-of","T1584"
"T1177","revoked-by","T1547.008"
"G0049","uses","T1071.004"
"M1026","mitigates","T1525"
"M1040","mitigates","T1055.011"
"G0059","uses","T1598.003"
"S0491","uses","T1083"
"G1015","uses","T1213.003"
"G1009","uses","T1553.002"
"S1090","uses","T1036.004"
"S0154","uses","T1012"
"S0666","uses","T1518.001"
"S0477","uses","T1071.001"
"G0139","uses","T1518.001"
"S0452","uses","T1059.003"
"T1156","revoked-by","T1546.004"
"G0136","uses","S0012"
"S0363","uses","T1127.001"
"G1022","uses","T1018"
"G0040","uses","T1005"
"S1154","uses","T1070.004"
"S1154","uses","T1059"
"S0547","uses","T1140"
"S0692","uses","T1555.003"
"S0450","uses","T1059.001"
"S1180","uses","T1046"
"S0094","uses","T1055.003"
"S9008","uses","T1036.009"
"S1123","uses","T1059.004"
"M1031","mitigates","T1204"
"G1038","uses","T1204.001"
"M1027","mitigates","T1555.001"
"S0283","uses","T1518.001"
"G0043","uses","T1113"
"G1035","uses","T1189"
"G0034","uses","T1218.011"
"S1031","uses","T1543.003"
"S1124","uses","T1189"
"S0660","uses","T1135"
"S0196","uses","T1105"
"S0125","uses","T1025"
"S0226","uses","T1027.013"
"S0013","uses","T1036.005"
"S0138","uses","T1027"
"S0091","uses","T1087.001"
"S0365","uses","T1047"
"G0080","uses","T1059.007"
"G0049","uses","T1105"
"S0511","uses","T1140"
"M1030","mitigates","T1072"
"S1111","uses","T1583.001"
"S0009","uses","T1071.001"
"S1196","uses","T1083"
"S0501","uses","T1057"
"G0010","uses","T1090.001"
"S1011","uses","T1112"
"G0038","uses","T1033"
"S1234","uses","T1036.001"
"G0030","uses","T1090.003"
"S0491","uses","T1119"
"S0572","uses","T1112"
"G0007","uses","S1205"
"S0635","uses","T1480"
"S0633","uses","T1071.001"
"S1166","uses","T1082"
"S1163","uses","T1573.002"
"G0049","uses","T1049"
"S0268","uses","T1112"
"S0435","uses","T1001.001"
"S0355","uses","T1071.001"
"G1055","uses","T1082"
"S0376","uses","T1569.002"
"S0139","uses","T1105"
"G0126","uses","T1059.007"
"S0607","uses","T1489"
"G0119","uses","S0363"
"T1562.008","revoked-by","T1685.002"
"G1046","uses","T1105"
"G1052","uses","T1027.013"
"G0119","uses","T1078"
"S1086","uses","T1104"
"S0503","uses","T1048"
"M1026","mitigates","T1053"
"G1043","uses","S0099"
"S0450","uses","T1105"
"G1018","uses","T1047"
"S0434","uses","T1496.001"
"S0335","uses","T1048.003"
"G1026","uses","T1518.001"
"G0007","uses","T1218.011"
"S0664","uses","T1205"
"M1036","mitigates","T1110.001"
"S1172","uses","T1559"
"G0021","uses","S0546"
"S0686","uses","T1083"
"G0128","uses","T1090.003"
"S0665","uses","T1005"
"S0213","uses","T1105"
"S0451","uses","T1105"
"S1228","uses","T1547.001"
"M1017","mitigates","T1072"
"G0139","uses","T1496.001"
"T1035","revoked-by","T1569.002"
"G0092","uses","S1025"
"S0526","uses","T1105"
"S0342","uses","T1573.002"
"S0198","uses","T1555.003"
"S0332","uses","T1059.003"
"S0696","uses","T1069.001"
"S0453","uses","T1497.003"
"S0601","uses","T1014"
"S1159","uses","T1005"
"G0093","uses","S0002"
"G0022","uses","T1005"
"S0631","uses","T1539"
"S1224","uses","T1573.001"
"T1027.003","subtechnique-of","T1027"
"M1017","mitigates","T1204.003"
"S1044","uses","T1119"
"S0568","uses","T1070.006"
"S0046","uses","T1497"
"G0060","uses","T1003.001"
"S0032","uses","T1095"
"G0137","uses","T1566.001"
"S0402","uses","T1036.005"
"S1242","uses","T1204.001"
"S1021","uses","T1033"
"G0046","uses","T1082"
"G1018","uses","S0434"
"M1042","mitigates","T1098.004"
"M1018","mitigates","T1021.001"
"S0581","uses","T1053.005"
"S0591","uses","T1059.001"
"S1016","uses","T1057"
"M1053","mitigates","T1561.001"
"S1060","uses","T1041"
"M1045","mitigates","T1059.001"
"S0332","uses","T1027.013"
"S0583","uses","T1021.001"
"S1060","uses","T1573.001"
"G1034","uses","T1204.001"
"S0283","uses","T1090"
"M1041","mitigates","T1685.005"
"G1023","uses","T1003.002"
"S0140","uses","T1140"
"S0589","uses","T1105"
"S1147","uses","T1124"
"M1042","mitigates","T1557.002"
"G0030","uses","T1588.002"
"S0493","uses","T1071.001"
"S0698","uses","T1106"
"S1233","uses","T1553.002"
"G1020","uses","T1608.006"
"G0077","uses","T1003.004"
"S0692","uses","T1106"
"S0698","uses","T1018"
"G0032","uses","S0347"
"S0528","uses","T1218.007"
"S0487","uses","T1132.001"
"G0040","uses","T1204.002"
"S0608","uses","T1547.001"
"S0435","uses","T1105"
"S0658","uses","T1222.002"
"G0069","uses","S9033"
"G1032","uses","T1685"
"G0065","uses","T1078"
"S0004","uses","T1543.003"
"S0275","uses","T1082"
"G0122","uses","T1608.005"
"S1148","uses","T1027.007"
"S9035","uses","T1057"
"G1039","uses","T1053.005"
"S0141","uses","T1082"
"S0414","uses","T1082"
"G0045","uses","T1003.002"
"S9030","uses","T1679"
"S0663","uses","T1113"
"G1030","uses","S1134"
"S9026","uses","T1497.002"
"S0091","uses","T1560"
"G1048","uses","T1685"
"S0085","uses","T1547.009"
"S0268","uses","T1218.011"
"S0599","uses","T1021.004"
"G0091","uses","T1553.002"
"M1021","mitigates","T1568.002"
"M1017","mitigates","T1657"
"S0430","uses","T1105"
"G1024","uses","S0552"
"S1226","uses","T1106"
"G1011","uses","T1102"
"S0260","uses","T1090.001"
"S0622","uses","T1030"
"S0154","uses","T1087.002"
"M1056","mitigates","T1583.006"
"S0141","uses","T1027.015"
"S9026","uses","T1480"
"M1024","mitigates","T1553.003"
"S0622","uses","T1106"
"S0367","uses","T1204.001"
"S0343","uses","T1543.003"
"G0007","uses","T1560.001"
"S0278","uses","T1560.001"
"S0240","uses","T1083"
"S0615","uses","T1573.001"
"G0114","uses","T1078.002"
"S0514","uses","T1573.001"
"G0139","uses","T1083"
"S0398","uses","T1113"
"M1047","mitigates","T1556.006"
"M1021","mitigates","T1550.001"
"S0188","uses","T1036.005"
"S1065","uses","T1055"
"S0260","uses","T1055"
"G0094","uses","T1218.005"
"S0514","uses","T1059.003"
"G1034","uses","T1105"
"S0504","uses","T1543.003"
"S0674","uses","T1070.004"
"S0689","uses","T1569.002"
"S0482","uses","T1518"
"M1038","mitigates","T1490"
"S1170","uses","T1083"
"S0650","uses","T1074.001"
"G0081","uses","T1132.001"
"S1090","uses","T1010"
"S0223","uses","T1059.001"
"M1031","mitigates","T1557"
"T1163","revoked-by","T1037.004"
"S0431","uses","T1083"
"S1070","uses","T1497.001"
"S1245","uses","T1489"
"S0251","uses","T1680"
"T1499.004","subtechnique-of","T1499"
"S1130","uses","T1047"
"S9001","uses","T1573.001"
"S0481","uses","T1564.006"
"G1040","uses","T1105"
"G0035","uses","T1686"
"S0456","uses","T1027.013"
"S0520","uses","T1070.006"
"S0587","uses","T1040"
"S0260","uses","T1082"
"G0029","uses","S0079"
"G0012","uses","T1124"
"M1031","mitigates","T1602.002"
"S0631","uses","T1036.005"
"S0697","uses","T1106"
"S1044","uses","T1113"
"S1186","uses","T1071.001"
"T1584.005","subtechnique-of","T1584"
"S1247","uses","T1059.003"
"S1130","uses","T1559.001"
"S1240","uses","T1005"
"S0356","uses","T1106"
"M1015","mitigates","T1550.003"
"G0027","uses","T1140"
"G0046","uses","T1125"
"S0153","uses","T1059.003"
"S0682","uses","T1071.001"
"G0127","uses","S0633"
"G0093","uses","T1027.005"
"G1017","uses","T1090.003"
"S0256","uses","T1027.013"
"S0530","uses","T1555.003"
"S0269","uses","T1027.011"
"G0066","uses","T1189"
"G0117","uses","T1021.004"
"S0254","uses","T1057"
"M1054","mitigates","T1602.002"
"S0268","uses","T1204.002"
"G0129","uses","S0645"
"S0467","uses","T1112"
"M1047","mitigates","T1578"
"S0194","uses","T1053.005"
"S0176","uses","T1569.002"
"S0641","uses","T1048"
"S1060","uses","T1082"
"S0266","uses","T1552.002"
"S0661","uses","T1129"
"S0046","uses","T1027.013"
"S0395","uses","T1059.003"
"G1020","uses","T1608.004"
"S0692","uses","T1558.003"
"S1074","uses","T1547.001"
"S1130","uses","T1083"
"S0461","uses","T1546.012"
"G0016","uses","T1037.004"
"S0337","uses","T1105"
"S0496","uses","T1189"
"S1130","uses","T1059.003"
"S0139","uses","T1564.004"
"S0537","uses","T1112"
"G0094","uses","T1041"
"S0650","uses","T1110"
"M1042","mitigates","T1219.002"
"S1169","uses","T1041"
"S0481","uses","T1489"
"S0240","uses","T1105"
"G0046","uses","T1571"
"S1228","uses","T1106"
"G0007","uses","T1140"
"M1026","mitigates","T1548.002"
"S0643","uses","T1083"
"S0078","uses","T1083"
"S0533","uses","T1489"
"S1081","uses","T1573.002"
"G1030","uses","T1110"
"S0559","uses","T1553.002"
"G0056","uses","T1036.005"
"T1048.001","subtechnique-of","T1048"
"G1022","uses","T1049"
"S1201","uses","T1113"
"S0115","uses","T1112"
"G0022","uses","T1203"
"S0660","uses","T1071"
"S0134","uses","T1573.001"
"S0260","uses","T1059.003"
"S9010","uses","T1565.002"
"G0010","uses","T1546.003"
"G0094","uses","S0353"
"G0049","uses","T1543.003"
"S0356","uses","T1543.003"
"S0031","uses","T1041"
"G0077","uses","T1055.013"
"S1037","uses","T1059.005"
"S0115","uses","T1016"
"G0034","uses","T1499"
"S1202","uses","T1082"
"G0034","uses","T1195.002"
"G0094","uses","T1185"
"M1044","mitigates","T1574.001"
"S1134","uses","T1569.002"
"G0062","uses","T1059.005"
"S0223","uses","T1016"
"S1070","uses","T1059.001"
"G1054","uses","T1005"
"S0466","uses","T1560.001"
"S0582","uses","T1547.001"
"M1030","mitigates","T1669"
"G0140","uses","T1105"
"G0051","uses","T1588.002"
"S0504","uses","T1027"
"M1051","mitigates","T1552.006"
"S0395","uses","T1005"
"G0107","uses","T1059"
"S1020","uses","T1071.001"
"S0187","uses","T1027"
"G1052","uses","T1567.002"
"S0698","uses","T1047"
"S0690","uses","T1090"
"S1158","uses","T1140"
"S9013","uses","T1685"
"G0061","uses","T1070.004"
"S1075","uses","T1016"
"G0007","uses","S0117"
"S0476","uses","T1552.002"
"M1045","mitigates","T1505.001"
"G1026","uses","T1566.001"
"S0144","uses","T1105"
"M1017","mitigates","T1555.005"
"S1201","uses","T1176.001"
"S0102","uses","T1016"
"G0069","uses","S1047"
"S0673","uses","T1573.002"
"S1226","uses","T1573.001"
"S0431","uses","T1489"
"S0211","uses","T1057"
"S0183","uses","T1090.003"
"M1037","mitigates","T1498.001"
"T1027.015","subtechnique-of","T1027"
"S0169","uses","T1005"
"G0049","uses","T1195"
"S9020","uses","T1055"
"S1015","uses","T1572"
"S0617","uses","T1047"
"S1247","uses","T1007"
"S0268","uses","T1027.001"
"S0690","uses","T1547.015"
"G1017","uses","T1594"
"S0476","uses","T1016"
"S0330","uses","T1059"
"S0600","uses","T1083"
"G0040","uses","T1587.002"
"S0596","uses","T1057"
"G0010","uses","T1560.001"
"S1021","uses","T1005"
"T1543.001","subtechnique-of","T1543"
"G0094","uses","T1564.011"
"G0087","uses","T1113"
"S0046","uses","T1003.002"
"M1018","mitigates","T1484.002"
"G0094","uses","T1686"
"G1011","uses","T1594"
"M1017","mitigates","T1552.001"
"G1003","uses","T1112"
"S0005","uses","T1003.001"
"S0674","uses","T1071.001"
"M1026","mitigates","T1021.002"
"S0503","uses","T1074.001"
"S0203","uses","T1007"
"G0060","uses","T1203"
"G0069","uses","S0002"
"T1071.005","subtechnique-of","T1071"
"G0127","uses","T1568.002"
"S1014","uses","T1059.005"
"S0596","uses","T1071.004"
"S0412","uses","T1543.003"
"S0579","uses","T1012"
"G1052","uses","T1684.001"
"S1085","uses","T1680"
"T1036.010","subtechnique-of","T1036"
"S0376","uses","T1680"
"S0260","uses","T1680"
"S0127","uses","T1070.004"
"S0649","uses","T1598.003"
"S0038","uses","T1049"
"S1044","uses","T1090"
"T1518.001","subtechnique-of","T1518"
"G1017","uses","T1033"
"S0349","uses","T1003.005"
"G0032","uses","T1027.007"
"G0030","uses","T1018"
"S0229","uses","T1112"
"S1063","uses","T1036.008"
"S0270","uses","T1497.001"
"G0011","uses","T1078"
"S0388","uses","T1027.013"
"G0114","uses","S0404"
"S0665","uses","T1027.013"
"S0452","uses","T1091"
"S0491","uses","T1059.001"
"G0129","uses","T1574.005"
"G1015","uses","T1098.003"
"G0102","uses","T1071.001"
"S1114","uses","T1083"
"S9015","uses","T1132.001"
"S1148","uses","T1195"
"G1008","uses","T1518"
"S0058","uses","T1134"
"S0437","uses","T1105"
"G0016","uses","T1021.007"
"G0122","uses","T1110.003"
"S0664","uses","T1027.015"
"G0050","uses","T1105"
"S0618","uses","T1486"
"S0438","uses","T1071.002"
"S0244","uses","T1573.001"
"S0128","uses","T1025"
"S0481","uses","T1614"
"S0017","uses","T1057"
"T1165","revoked-by","T1037.005"
"M1037","mitigates","T1602.002"
"S0341","uses","T1046"
"S1081","uses","T1027.015"
"G0034","uses","S1125"
"S1064","uses","T1124"
"G1039","uses","T1020"
"S1192","uses","T1059"
"G1041","uses","T1203"
"G0030","uses","T1083"
"S1015","uses","T1059.003"
"S1246","uses","T1555"
"G0139","uses","T1021.004"
"G0082","uses","T1686.002"
"S0193","uses","T1005"
"S0265","uses","T1102.002"
"S0483","uses","T1087.002"
"G1052","uses","T1204.004"
"T1518.002","subtechnique-of","T1518"
"S1135","uses","T1070.004"
"S1089","uses","T1071.002"
"S0487","uses","T1560"
"G1008","uses","T1566.001"
"G0102","uses","T1553.002"
"S0250","uses","T1083"
"M1047","mitigates","T1560.001"
"G1013","uses","T1546.003"
"T1558.003","subtechnique-of","T1558"
"S1107","uses","T1090.003"
"G1020","uses","S1124"
"S1207","uses","T1555.003"
"S0056","uses","T1569.002"
"S0239","uses","T1001.003"
"G1023","uses","T1070.004"
"S0332","uses","T1548.002"
"G1007","uses","T1036"
"S0331","uses","T1053.005"
"S0435","uses","T1070.004"
"S0482","uses","T1056.002"
"S1240","uses","T1105"
"G0091","uses","T1105"
"S0451","uses","T1569.002"
"S1105","uses","T1027.002"
"G0052","uses","T1564.003"
"S0212","uses","T1560.001"
"G0087","uses","T1003.001"
"S1160","uses","T1106"
"S0237","uses","T1007"
"M1048","mitigates","T1210"
"G0065","uses","T1553.002"
"S0330","uses","T1124"
"S0380","uses","T1082"
"G0066","uses","S0206"
"G0007","uses","S0502"
"S9007","uses","T1071.001"
"S0644","uses","T1497.001"
"S0674","uses","T1008"
"G0125","uses","T1218.011"
"S0115","uses","T1120"
"G0038","uses","T1047"
"S0148","uses","T1112"
"S0348","uses","T1027.004"
"S1105","uses","T1573.002"
"S0338","uses","T1071.004"
"S0673","uses","T1071.001"
"S1132","uses","T1059.003"
"S9033","uses","T1036.005"
"M1047","mitigates","T1548"
"S0654","uses","T1197"
"S0414","uses","T1132.001"
"S0633","uses","T1105"
"S1183","uses","T1574.001"
"S1240","uses","T1132.001"
"S0464","uses","T1204.002"
"G0046","uses","T1140"
"G1054","uses","T1059.003"
"M1017","mitigates","T1036.007"
"G1053","uses","T1555.006"
"S0265","uses","T1008"
"T1021.003","subtechnique-of","T1021"
"S1097","uses","T1140"
"M1038","mitigates","T1059.008"
"S0402","uses","T1564.009"
"G0081","uses","T1078.003"
"G0125","uses","S0020"
"S0596","uses","T1132.002"
"S0468","uses","T1140"
"S1186","uses","T1014"
"G0034","uses","T1199"
"T1110.001","subtechnique-of","T1110"
"G0049","uses","T1204.001"
"S1212","uses","T1685.005"
"S0657","uses","T1539"
"G0054","uses","T1560.001"
"M1051","mitigates","T1137.005"
"S0667","uses","T1113"
"S9008","uses","T1528"
"S1113","uses","T1505.003"
"S0190","uses","T1048.003"
"G1023","uses","S0039"
"S0666","uses","T1105"
"S0023","uses","T1056.001"
"G1035","uses","T1119"
"S1188","uses","T1059.011"
"S0148","uses","T1102.001"
"G0134","uses","T1203"
"G1004","uses","T1555.003"
"S9020","uses","T1204.002"
"G0080","uses","T1566.002"
"G0019","uses","S0060"
"G0091","uses","T1078"
"G0114","uses","T1069.001"
"S0386","uses","T1071.001"
"S0334","uses","T1059.003"
"S0564","uses","T1083"
"G0060","uses","T1018"
"G0026","uses","S0124"
"S0451","uses","T1070.004"
"G0118","revoked-by","G0016"
"M1056","mitigates","T1584.005"
"S0240","uses","T1140"
"S1211","uses","T1543.003"
"G0037","uses","T1566.003"
"S1078","uses","T1543.002"
"M1048","mitigates","T1559.002"
"S1101","uses","T1074.001"
"S1063","uses","T1087.002"
"S0088","uses","T1518.001"
"G0096","uses","S0443"
"S1023","uses","T1083"
"S1016","uses","T1070.006"
"S0198","uses","T1566.002"
"G0143","uses","T1685"
"G0107","uses","T1027.013"
"S9001","uses","T1678"
"S1020","uses","T1106"
"G0129","uses","S0552"
"G0142","uses","T1105"
"S0629","uses","T1543.003"
"M1031","mitigates","T1602.001"
"G0046","uses","S0517"
"S0414","uses","T1070.004"
"G0069","uses","T1059.006"
"G0059","uses","T1049"
"G1052","uses","T1059.006"
"M1038","mitigates","T1218"
"S0439","uses","T1090.002"
"S0652","uses","T1555.005"
"G1014","uses","T1083"
"S9022","uses","T1074.001"
"S0226","uses","T1055"
"S0452","uses","T1218.011"
"G0082","uses","T1561.002"
"G1051","uses","T1573.002"
"S0378","uses","T1055"
"S0623","uses","T1140"
"G0046","uses","T1027.010"
"S1217","uses","T1059.004"
"M1032","mitigates","T1021.001"
"S0458","uses","T1547.001"
"S0015","uses","T1132.001"
"S0127","uses","T1543.003"
"S0251","uses","T1560"
"G1054","uses","T1566.001"
"S0238","uses","T1082"
"G0071","uses","S0039"
"S0125","uses","T1053.005"
"S0362","uses","T1033"
"G1042","uses","T1573.002"
"S1150","uses","T1547.001"
"S0694","uses","T1106"
"M1017","mitigates","T1111"
"G1046","uses","T1570"
"S1242","uses","T1190"
"S0692","uses","T1546.015"
"S0516","uses","T1087.001"
"S0012","uses","T1059.003"
"G0065","uses","S0194"
"M1056","mitigates","T1595.001"
"S1090","uses","T1056.001"
"S0583","uses","T1569.002"
"G0087","uses","T1018"
"S1130","uses","T1218.008"
"G0096","uses","T1102.001"
"M1047","mitigates","T1036.012"
"S1229","uses","T1055.001"
"S1058","uses","T1106"
"G0094","uses","T1133"
"T1059.006","subtechnique-of","T1059"
"S0496","uses","T1007"
"S0657","uses","T1555.003"
"S0236","uses","T1021.002"
"S0603","uses","T1120"
"S0281","uses","T1048.003"
"G1040","uses","S0154"
"S0353","uses","T1070.004"
"S1043","uses","T1074.001"
"G0059","uses","T1114"
"G1022","uses","T1021.002"
"S0184","uses","T1083"
"G0117","uses","T1505.003"
"S0612","uses","T1012"
"G0022","uses","T1021.002"
"S1100","uses","T1055"
"S0431","uses","T1105"
"M1041","mitigates","T1119"
"S0038","uses","T1134"
"S0379","uses","T1016"
"G0105","uses","T1219"
"S1161","uses","T1070.004"
"S0483","uses","T1047"
"S0250","uses","T1547.001"
"S1145","uses","T1027.003"
"S0512","uses","T1005"
"G0004","uses","T1071.004"
"G0094","uses","T1082"
"S0595","uses","T1059.002"
"S0626","uses","T1105"
"S0094","uses","T1573.002"
"T1543.002","subtechnique-of","T1543"
"G0034","uses","T1056.001"
"M1026","mitigates","T1548.006"
"S0473","uses","T1105"
"G1023","uses","T1098.007"
"G1036","uses","T1053.005"
"S0339","uses","T1560.001"
"G0093","uses","S0039"
"G1048","uses","T1070.004"
"S0113","uses","T1025"
"S0387","uses","T1083"
"G0099","uses","T1534"
"S1029","uses","T1082"
"S0660","uses","T1056.001"
"G0094","uses","T1106"
"T1022","revoked-by","T1560"
"S0501","uses","T1124"
"S0574","uses","T1573.001"
"S0629","uses","T1059.003"
"S0256","uses","T1057"
"M1021","mitigates","T1102"
"G0069","uses","S0349"
"G0102","uses","T1136.002"
"G0139","uses","T1036"
"G1048","uses","T1588.004"
"S1091","uses","T1069.003"
"S0666","uses","T1033"
"G0126","uses","T1027.001"
"G0004","uses","T1213.002"
"S1213","uses","T1041"
"M1056","mitigates","T1584.003"
"S0412","uses","T1685"
"G0047","uses","T1204.001"
"S0443","uses","T1140"
"S0381","uses","T1120"
"G0114","uses","T1124"
"S9020","uses","T1106"
"G1051","uses","T1486"
"S0395","uses","T1565.002"
"S0363","uses","T1552.004"
"S0689","uses","T1529"
"S0625","uses","T1007"
"S0574","uses","T1012"
"G0048","uses","S0148"
"S0233","uses","T1069"
"G1040","uses","S1162"
"S0147","uses","T1027.007"
"S1169","uses","T1071.001"
"S0144","uses","T1685"
"S9022","uses","T1555.003"
"S0044","uses","T1068"
"M1042","mitigates","T1218.012"
"G0094","uses","T1584.001"
"S0446","uses","T1685"
"T1584.004","subtechnique-of","T1584"
"T1218.003","subtechnique-of","T1218"
"G0096","uses","T1008"
"S0398","uses","T1027.002"
"G0049","uses","T1078"
"G0114","uses","T1201"
"G0049","uses","S0360"
"S0264","uses","T1105"
"G0032","uses","T1070.004"
"G1054","uses","T1059.005"
"S0595","uses","T1543.001"
"S0242","uses","T1007"
"S1200","uses","T1082"
"G0102","uses","T1074.001"
"S0277","uses","T1113"
"S0612","uses","T1027.016"
"G1017","uses","T1112"
"S0147","uses","T1059.005"
"G0129","uses","T1608"
"G1046","uses","T1021.004"
"S1190","uses","T1132.001"
"S1024","uses","T1132.001"
"G0032","uses","T1090.001"
"S1111","uses","T1555"
"S0281","uses","T1553.004"
"S0538","uses","T1025"
"T1602.001","subtechnique-of","T1602"
"S0338","uses","T1123"
"S1207","uses","T1566.001"
"S0236","uses","T1027.001"
"M1017","mitigates","T1204.005"
"S0687","uses","T1132.002"
"S0467","uses","T1016"
"S9009","uses","T1580"
"S1149","uses","T1056.001"
"G0037","uses","T1059.001"
"S0575","uses","T1486"
"S0469","uses","T1055"
"S0028","uses","T1547.009"
"S0340","uses","T1074.001"
"S0126","uses","T1059.003"
"G0094","uses","T1589.002"
"M1031","mitigates","T1029"
"S0444","uses","T1140"
"S0102","uses","T1049"
"S0331","uses","T1564.001"
"M1032","mitigates","T1078"
"S0588","uses","T1059.003"
"S0247","uses","T1056.001"
"S0690","uses","T1070.004"
"G0013","uses","S0031"
"G0037","uses","T1560"
"T1552.001","subtechnique-of","T1552"
"S0438","uses","T1119"
"G1015","uses","T1069"
"S0010","uses","T1560"
"S1099","uses","T1112"
"S0608","uses","T1568.002"
"G0078","uses","S0262"
"G0107","uses","T1204.002"
"S0637","uses","T1497.001"
"S0667","uses","T1041"
"S0610","uses","T1016"
"G0077","uses","S0002"
"S0093","uses","T1105"
"S0622","uses","T1560"
"G0010","uses","T1059.003"
"S0586","uses","T1105"
"G0142","uses","T1119"
"M1054","mitigates","T1566.001"
"S0567","uses","T1083"
"S1020","uses","T1005"
"G1014","uses","T1033"
"S0085","uses","T1027.002"
"S0516","uses","T1069.002"
"S0513","uses","T1027.002"
"S0604","uses","T1041"
"G0071","uses","S0100"
"G0046","uses","T1087.002"
"G0126","uses","T1027.015"
"S1240","uses","T1539"
"S0154","uses","T1497.002"
"G1006","uses","S0154"
"S0332","uses","T1113"
"S0044","uses","T1546.015"
"S0559","uses","T1057"
"G1011","uses","T1204.001"
"G0050","uses","T1053.005"
"S0094","uses","T1497.001"
"G0143","uses","T1033"
"S0086","uses","T1059.003"
"S9008","uses","T1098"
"S0093","uses","T1087.003"
"S0132","uses","T1027.002"
"M1042","mitigates","T1218.005"
"S0441","uses","T1132.001"
"S1202","uses","T1135"
"M1041","mitigates","T1649"
"G0034","uses","T1561.002"
"S0113","uses","T1518.001"
"S0661","uses","T1040"
"G0094","uses","T1059.007"
"G1030","uses","T1059.003"
"G0114","uses","T1049"
"M1037","mitigates","T1105"
"S0617","uses","T1680"
"S0154","uses","T1030"
"S0341","uses","T1486"
"S0603","uses","T1685"
"G0059","uses","T1003.001"
"M1038","mitigates","T1218.002"
"S0438","uses","T1053.005"
"S0172","uses","T1560.003"
"G0143","uses","T1047"
"S0154","uses","T1046"
"G1051","uses","T1059.001"
"S0363","uses","T1567.002"
"S0543","uses","T1033"
"M1037","mitigates","T1219.002"
"S0622","uses","T1008"
"S0431","uses","T1059.003"
"S0409","uses","T1105"
"S0651","uses","T1547"
"S1064","uses","T1106"
"G0064","uses","T1003.004"
"S0661","uses","T1560.002"
"M1054","mitigates","T1559.002"
"S1200","uses","T1480"
"S0031","uses","T1083"
"S1086","uses","T1105"
"S0255","uses","T1083"
"S0196","uses","T1074.001"
"S0270","uses","T1518.001"
"G0050","uses","T1036.003"
"S0473","uses","T1055"
"G0062","uses","T1204.002"
"G0142","uses","S0670"
"S0502","uses","T1140"
"M1056","mitigates","T1597.002"
"S0576","uses","T1059.003"
"S1060","uses","T1105"
"M1030","mitigates","T1021.003"
"M1026","mitigates","T1542.003"
"S0032","uses","T1106"
"G0125","uses","T1078.003"
"G0049","uses","T1573.002"
"S0483","uses","T1059.005"
"G0112","uses","T1027"
"G0140","uses","T1036"
"T1592.003","subtechnique-of","T1592"
"G0045","uses","S0106"
"S0363","uses","T1071.001"
"G0045","uses","T1027.013"
"S0457","uses","T1059.001"
"S0661","uses","T1105"
"S1212","uses","T1490"
"G1016","uses","T1547.001"
"T1559.002","subtechnique-of","T1559"
"M1056","mitigates","T1592.004"
"G0045","uses","T1199"
"S1164","uses","T1036"
"S9008","uses","T1553"
"G0022","uses","T1574.001"
"G0035","uses","T1112"
"G0117","uses","T1053.005"
"G0069","uses","T1049"
"S0476","uses","T1114.002"
"S0533","uses","T1070.004"
"S1206","uses","T1560"
"S0588","uses","T1140"
"M1047","mitigates","T1213.003"
"G0060","uses","T1560.001"
"M1042","mitigates","T1563.001"
"S0488","uses","T1112"
"G0049","uses","S0610"
"S0198","uses","T1555"
"M1054","mitigates","T1543"
"S0533","uses","T1105"
"S1161","uses","T1070.006"
"S0663","uses","T1543.002"
"S0045","uses","T1071.001"
"M1047","mitigates","T1685.004"
"G0090","uses","T1497.001"
"S1217","uses","T1037"
"G1043","uses","T1012"
"S0362","uses","T1132"
"G1041","uses","S1163"
"S0401","uses","T1543.002"
"G1020","uses","T1189"
"G0062","uses","S0230"
"G1024","uses","S1194"
"S1063","uses","T1021"
"G0040","uses","S0131"
"S0576","uses","T1140"
"G0064","uses","T1053.005"
"S1191","uses","T1654"
"M1056","mitigates","T1592"
"M1055","mitigates","T1480.001"
"S1180","uses","T1027.013"
"S0381","uses","T1071.001"
"S0369","uses","T1105"
"G0022","uses","T1087.001"
"S0162","uses","T1057"
"G0087","uses","T1071.004"
"S0395","uses","T1016"
"M1057","mitigates","T1567"
"G0139","uses","T1140"
"S1181","uses","T1489"
"S0009","uses","T1553.004"
"S0062","uses","T1547.001"
"G0004","uses","T1027"
"M1026","mitigates","T1222"
"S0623","uses","T1059.003"
"S0688","uses","T1531"
"S1228","uses","T1560.001"
"S0556","uses","T1486"
"S0618","uses","T1490"
"G1030","uses","S1136"
"M1047","mitigates","T1578.005"
"S0446","uses","T1053.005"
"G0007","uses","T1598.003"
"M1042","mitigates","T1133"
"S0115","uses","T1025"
"S0476","uses","T1027.002"
"G1032","uses","T1588.002"
"G0053","uses","T1133"
"S1184","uses","T1016"
"S0517","uses","T1106"
"G1035","uses","T1140"
"S0268","uses","T1566.001"
"M1037","mitigates","T1095"
"T1591.004","subtechnique-of","T1591"
"S1130","uses","T1218.011"
"G1052","uses","S1248"
"M1040","mitigates","T1564.014"
"S0262","uses","T1016"
"S1090","uses","T1113"
"M1034","mitigates","T1219"
"S0148","uses","T1106"
"S0260","uses","T1543.003"
"S0141","uses","T1569.002"
"S0396","uses","T1053.005"
"S0023","uses","T1091"
"S0266","uses","T1057"
"T1078.002","subtechnique-of","T1078"
"S0377","uses","T1027"
"G0094","uses","T1497.001"
"S0615","uses","T1041"
"G0100","uses","S0442"
"S0386","uses","T1070.004"
"G1034","uses","S0075"
"S1135","uses","T1485"
"S0236","uses","T1105"
"G0006","uses","T1585.002"
"S0118","uses","T1036.004"
"S0374","uses","T1059"
"S0018","uses","T1016"
"G0127","uses","T1027.010"
"S0097","uses","T1018"
"S0484","uses","T1564.001"
"S1019","uses","T1036.005"
"G0100","uses","S0349"
"S1015","uses","T1106"
"G0047","uses","T1080"
"G0039","uses","T1046"
"G0035","uses","T1588.002"
"S0125","uses","T1082"
"S1159","uses","T1016"
"G1048","uses","S1217"
"S1213","uses","T1204"
"S0562","uses","T1106"
"G1023","uses","T1057"
"S0387","uses","T1059.005"
"S0266","uses","T1087.003"
"S0222","uses","T1195.002"
"S1044","uses","T1560.002"
"G0131","uses","T1505.003"
"T1565.001","subtechnique-of","T1565"
"S0381","uses","T1041"
"S0603","uses","T1068"
"G0022","uses","T1070.004"
"S1063","uses","T1620"
"S0084","uses","T1071.001"
"S1196","uses","T1480.002"
"S1052","uses","T1059.003"
"S0579","uses","T1518.001"
"S0137","uses","T1027.016"
"G1003","uses","S0508"
"S0153","uses","T1016"
"S0681","uses","T1140"
"M1047","mitigates","T1566.003"
"G0046","uses","T1204.002"
"M1031","mitigates","T1102.001"
"S1034","uses","T1082"
"T1497.001","subtechnique-of","T1497"
"G0046","uses","T1057"
"S1047","uses","T1012"
"G0136","uses","T1588.002"
"G0082","uses","T1036.003"
"G0114","uses","T1059.003"
"G0096","uses","T1555"
"S0641","uses","T1070.006"
"G0016","uses","T1595.002"
"M1057","mitigates","T1048.003"
"S0144","uses","T1555.003"
"S0615","uses","T1071.004"
"S1245","uses","T1033"
"S0642","uses","T1204.002"
"S0561","uses","T1105"
"G0102","uses","T1557.001"
"S0363","uses","T1134"
"S0194","uses","T1574.001"
"S0363","uses","T1040"
"G0096","uses","S0002"
"S1160","uses","T1204.002"
"S0601","uses","T1070.003"
"S0501","uses","T1573.001"
"S0174","uses","T1040"
"S1060","uses","T1016"
"G0142","uses","T1583.006"
"S0572","uses","T1069.001"
"S1194","uses","T1654"
"G0143","uses","S0385"
"S9009","uses","T1552.005"
"S0030","uses","T1547.001"
"S0461","uses","T1016"
"G0061","uses","T1566.001"
"S0631","uses","T1221"
"S0516","uses","T1016"
"S0534","uses","T1036.004"
"S1044","uses","T1105"
"G1036","uses","T1547.001"
"G0035","uses","T1195.002"
"G1048","uses","T1555.005"
"G0134","uses","S0115"
"M1017","mitigates","T1528"
"M1040","mitigates","T1027.012"
"S0354","uses","T1083"
"M1013","mitigates","T1550.001"
"M1051","mitigates","T1195"
"S0575","uses","T1018"
"S0460","uses","T1082"
"M1037","mitigates","T1048.003"
"S0149","uses","T1074.001"
"S0180","uses","T1016"
"M1047","mitigates","T1552.002"
"G0047","uses","T1106"
"G0064","uses","T1555"
"S0645","uses","T1005"
"S0192","uses","T1021.001"
"S1048","uses","T1543.001"
"G0069","uses","T1082"
"G0046","uses","S0154"
"S0083","uses","T1547"
"S0260","uses","T1071.004"
"G0139","uses","S0179"
"S1183","uses","T1036.005"
"S0600","uses","T1071.001"
"S1148","uses","T1614"
"S1142","uses","T1083"
"G0133","uses","T1566.001"
"S1155","uses","T1071.001"
"G0099","uses","T1204.001"
"S0145","uses","T1012"
"S0203","uses","T1070.004"
"S0134","uses","T1105"
"S0170","uses","T1074.001"
"M1050","mitigates","T1218.011"
"G1036","uses","T1204.002"
"S1164","uses","T1070.004"
"S0449","uses","T1071.001"
"S0603","uses","T1078.001"
"G0080","uses","T1204.001"
"M1040","mitigates","T1486"
"G0037","uses","S0029"
"G0050","uses","S0108"
"S0363","uses","T1114.001"
"S1139","uses","T1083"
"S0279","uses","T1555.003"
"G1017","uses","T1505.003"
"G0050","uses","T1543.003"
"S0375","uses","T1547.004"
"S0381","uses","T1113"
"S0562","uses","T1480.002"
"S0409","uses","T1025"
"S0598","uses","T1070.004"
"S0402","uses","T1083"
"G0087","uses","S0073"
"S0467","uses","T1020"
"S0575","uses","T1027"
"S0401","uses","T1070.004"
"T1213.005","subtechnique-of","T1213"
"G0128","uses","T1041"
"S1132","uses","T1497.003"
"S1247","uses","T1053.005"
"S0530","uses","T1059.005"
"S1068","uses","T1135"
"G0140","uses","T1566.001"
"G0096","uses","S0160"
"M1043","mitigates","T1601.002"
"S0537","uses","T1573.001"
"S0587","uses","T1573.002"
"G0129","uses","T1622"
"M1018","mitigates","T1578.001"
"S0409","uses","T1052.001"
"S0090","uses","T1074.001"
"S0446","uses","T1680"
"S0113","uses","T1132.001"
"S1240","uses","T1217"
"S0442","uses","T1547.001"
"M1018","mitigates","T1606.002"
"S1059","uses","T1071.001"
"S0194","uses","T1574.008"
"S1135","uses","T1027.009"
"G0009","uses","S0057"
"S0574","uses","T1027.013"
"S0641","uses","T1027"
"S1190","uses","T1012"
"S0657","uses","T1057"
"S0533","uses","T1049"
"G1017","uses","T1218"
"G1051","uses","T1136.002"
"S0681","uses","T1059.001"
"G0129","uses","T1566.001"
"S1027","uses","T1083"
"S0647","uses","T1140"
"G1032","uses","S0552"
"G0098","uses","T1574.001"
"G1020","uses","S0154"
"S0344","uses","T1124"
"G0089","uses","T1070.004"
"M1028","mitigates","T1556.002"
"M1042","mitigates","T1218.007"
"G0064","uses","S0349"
"G1048","uses","T1587.004"
"S9010","uses","T1614"
"S0459","uses","T1059.006"
"M1047","mitigates","T1053"
"M1047","mitigates","T1574.010"
"S0534","uses","T1016"
"S0689","uses","T1055.012"
"G1001","uses","T1555.003"
"T1195.002","subtechnique-of","T1195"
"M1035","mitigates","T1552.007"
"S1022","uses","T1620"
"S0607","uses","T1529"
"S0560","uses","T1543.003"
"S1244","uses","T1559"
"S0661","uses","T1574.001"
"T1052.001","subtechnique-of","T1052"
"S0538","uses","T1036.004"
"M1022","mitigates","T1543.002"
"S1031","uses","T1070.006"
"G0084","uses","T1559.002"
"G1006","uses","T1003.001"
"G0067","uses","T1027"
"S0680","uses","T1071.001"
"T1178","revoked-by","T1134.005"
"S0511","uses","T1027.011"
"S0606","uses","T1204.002"
"S1078","uses","T1129"
"M1018","mitigates","T1134.002"
"S0342","uses","T1059.003"
"S0367","uses","T1036.004"
"S1182","uses","T1041"
"S0402","uses","T1082"
"S1172","uses","T1105"
"T1003.006","subtechnique-of","T1003"
"G0126","uses","T1220"
"S0223","uses","T1005"
"S0610","uses","T1140"
"M1026","mitigates","T1609"
"S0428","uses","T1003.001"
"G1052","uses","T1589"
"G1015","uses","S1148"
"S0665","uses","T1027.011"
"M1033","mitigates","T1176.002"
"G1032","uses","T1036.005"
"S0059","uses","T1071.001"
"G1048","uses","T1505.006"
"G0069","uses","T1555"
"G0010","uses","T1057"
"S0384","uses","T1082"
"S0241","uses","T1018"
"S0356","uses","T1132.001"
"S1142","uses","T1059.005"
"S0266","uses","T1497.003"
"G1001","uses","T1059.001"
"M1033","mitigates","T1059.006"
"S0671","uses","T1105"
"G0059","uses","T1570"
"M1047","mitigates","T1560"
"S0603","uses","T1518.001"
"M1041","mitigates","T1114.003"
"S0681","uses","T1055.002"
"S0531","uses","T1115"
"S0246","uses","T1001.003"
"G0064","uses","T1546.003"
"S0353","uses","T1033"
"S0035","uses","T1074.001"
"S0575","uses","T1490"
"S0193","uses","T1083"
"S0649","uses","T1041"
"G0045","uses","T1190"
"G0092","uses","T1555.003"
"G0143","uses","T1588.002"
"S0385","uses","T1056.001"
"S0451","uses","T1082"
"S1091","uses","T1098.001"
"S9025","uses","T1027"
"S0271","uses","T1680"
"S9037","uses","T1027"
"S1065","uses","T1071.001"
"S0268","uses","T1132.001"
"S0125","uses","T1087.001"
"G0034","uses","T1486"
"M1054","mitigates","T1590.002"
"S0352","uses","T1036.004"
"S0115","uses","T1091"
"M1013","mitigates","T1559.003"
"M1024","mitigates","T1037"
"G0046","uses","T1218.005"
"S0081","uses","T1074.001"
"M1022","mitigates","T1070.003"
"M1056","mitigates","T1585.002"
"S0496","uses","T1047"
"S0462","uses","T1105"
"S0546","uses","T1082"
"M1035","mitigates","T1610"
"G1014","uses","T1560"
"S0260","uses","T1027"
"G0007","uses","T1542.003"
"S1065","uses","T1566.001"
"M1022","mitigates","T1543"
"S0498","uses","T1083"
"S0670","uses","T1106"
"S0063","uses","T1018"
"G0082","uses","T1690"
"S0630","uses","T1543.003"
"M1035","mitigates","T1133"
"S0554","uses","T1574.001"
"G0090","uses","S1229"
"G0121","uses","T1016"
"G0096","uses","T1496.001"
"S0444","uses","T1546.011"
"G1032","uses","T1570"
"S0696","uses","T1041"
"G1024","uses","T1486"
"G0050","uses","T1608.001"
"S0190","uses","T1105"
"S0182","uses","T1543.003"
"S0391","uses","T1560.003"
"S0622","uses","T1041"
"S0199","uses","T1082"
"S0461","uses","T1033"
"S1085","uses","T1571"
"S1063","uses","T1046"
"G0140","uses","T1059.001"
"S1151","uses","T1059.001"
"S0223","uses","T1685"
"G0010","uses","T1016"
"M1028","mitigates","T1087.002"
"G0133","uses","T1204.002"
"G0060","uses","T1053.002"
"S0053","uses","T1071.001"
"T1566.004","subtechnique-of","T1566"
"M1046","mitigates","T1505"
"M1042","mitigates","T1564.007"
"G0078","uses","T1112"
"G0034","uses","S0604"
"M1037","mitigates","T1071.005"
"S0262","uses","T1555"
"S0567","uses","T1016"
"G0034","uses","T1592.002"
"T1134.002","subtechnique-of","T1134"
"S0180","uses","T1059.003"
"G0004","uses","S0691"
"G0094","uses","S0262"
"S9010","uses","T1059.002"
"S0683","uses","T1619"
"S1130","uses","T1548"
"S0266","uses","T1219"
"S1081","uses","T1102"
"G0047","uses","T1583.006"
"M1047","mitigates","T1027"
"G0034","uses","S1072"
"S0381","uses","T1105"
"S1076","uses","T1564.003"
"S1111","uses","T1083"
"S1141","uses","T1047"
"S0045","uses","T1012"
"S0692","uses","T1041"
"G1051","uses","T1657"
"S1081","uses","T1070.004"
"S0585","uses","T1105"
"S0029","uses","T1570"
"G0059","uses","S0108"
"G0054","uses","T1059.003"
"G0032","uses","S0108"
"S0171","uses","T1082"
"S1144","uses","T1090.003"
"S0192","uses","T1550.003"
"S0367","uses","T1027.010"
"S0491","uses","T1543.003"
"G1048","uses","T1560.001"
"G0069","uses","T1057"
"S0115","uses","T1614"
"M1047","mitigates","T1505.004"
"S0379","uses","T1218.005"
"S1180","uses","T1685"
"G1048","uses","T1003.001"
"M1049","mitigates","T1547.006"
"M1018","mitigates","T1053.005"
"S0446","uses","T1205"
"S0610","uses","T1005"
"S0266","uses","T1059.003"
"S1240","uses","T1555"
"S0350","uses","T1112"
"M1019","mitigates","T1684.001"
"G0138","uses","T1592.002"
"S0451","uses","T1564.006"
"S1212","uses","T1083"
"S0589","uses","T1070.004"
"S0518","uses","T1102.001"
"G0034","uses","T1491.002"
"S0690","uses","T1005"
"S0260","uses","T1123"
"S0631","uses","T1112"
"S0069","uses","T1070.004"
"S1032","uses","T1027.013"
"S1050","uses","T1012"
"T1595.001","subtechnique-of","T1595"
"G0018","uses","T1049"
"M1026","mitigates","T1210"
"S0469","uses","T1105"
"S1146","uses","T1539"
"G1043","uses","T1059.001"
"M1026","mitigates","T1098"
"S1202","uses","T1132.001"
"S0589","uses","T1102"
"G0045","uses","T1074.002"
"S1135","uses","T1059.003"
"G0136","uses","T1583.006"
"S1042","uses","T1217"
"S1039","uses","T1027"
"S0601","uses","T1219"
"S0212","uses","T1083"
"S0336","uses","T1059.005"
"S0115","uses","T1105"
"S0385","uses","T1071.001"
"S0379","uses","T1547.004"
"S1145","uses","T1620"
"S0629","uses","T1090"
"S0666","uses","T1008"
"G1003","uses","T1071.004"
"S0458","uses","T1548.002"
"G0049","uses","T1566.001"
"G1003","uses","S1187"
"S0079","uses","T1082"
"S0367","uses","T1003.001"
"G0027","uses","S0663"
"S1059","uses","T1497.003"
"S0348","uses","T1090"
"T1536","revoked-by","T1578.004"
"S1199","uses","T1047"
"M1022","mitigates","T1037.002"
"G0080","uses","T1059.003"
"S0373","uses","T1047"
"S0189","uses","T1027"
"G1048","uses","T1057"
"S0650","uses","T1553.005"
"G0027","uses","S0398"
"S1160","uses","T1104"
"S1016","uses","T1571"
"G0064","uses","T1105"
"G0021","uses","T1555.003"
"S1065","uses","T1016.001"
"S1240","uses","T1555.003"
"G0093","uses","T1090.002"
"S0614","uses","T1055"
"S1059","uses","T1005"
"S0679","uses","T1059.001"
"S0144","uses","T1082"
"M1033","mitigates","T1204"
"S1239","uses","T1543.003"
"S0336","uses","T1056.001"
"S0531","uses","T1176.001"
"M1036","mitigates","T1621"
"M1031","mitigates","T1030"
"S0661","uses","T1036.005"
"S1219","uses","T1205"
"S0696","uses","T1033"
"G1021","uses","T1059.006"
"S0453","uses","T1204.001"
"S0598","uses","T1046"
"S0257","uses","T1027.013"
"S0691","uses","T1005"
"G0039","uses","T1003"
"G0035","uses","T1036.010"
"S0022","uses","T1082"
"S1168","uses","T1082"
"S1021","uses","T1204.002"
"S1066","uses","T1047"
"S0045","uses","T1120"
"S0251","uses","T1037.001"
"S0339","uses","T1071.001"
"S0496","uses","T1140"
"T1553.002","subtechnique-of","T1553"
"M1030","mitigates","T1048.002"
"S0154","uses","T1135"
"S0695","uses","T1106"
"S0198","uses","T1036.005"
"G0001","uses","T1583.003"
"S0083","uses","T1132.001"
"S0502","uses","T1041"
"G0099","uses","T1683.002"
"G0102","uses","T1105"
"S0273","uses","T1090"
"M1053","mitigates","T1485.001"
"S0260","uses","T1210"
"G0068","uses","T1003.001"
"S1166","uses","T1070.004"
"M1024","mitigates","T1553"
"M1043","mitigates","T1558.005"
"G1051","uses","S0002"
"S0279","uses","T1056.001"
"S0239","uses","T1105"
"G0125","uses","T1059.001"
"S0611","uses","T1059.003"
"G1035","uses","T1020"
"S0386","uses","T1012"
"M1048","mitigates","T1027.017"
"G0094","uses","T1027"
"G0050","uses","S1078"
"G0013","uses","S0036"
"S0570","uses","T1548.002"
"S0412","uses","T1071.002"
"S0681","uses","T1105"
"G0106","uses","T1547.001"
"G0126","uses","T1564.003"
"M1030","mitigates","T1557"
"T1078.003","subtechnique-of","T1078"
"G1037","uses","T1059.003"
"S1201","uses","T1036.005"
"S0672","uses","T1005"
"G0061","uses","T1071.001"
"S0572","uses","T1041"
"G0087","uses","T1059"
"S0281","uses","T1548.003"
"G0081","uses","T1680"
"G0016","uses","T1566.002"
"S0673","uses","T1005"
"G0016","uses","T1070.006"
"S0093","uses","T1560"
"M1046","mitigates","T1553.006"
"S0334","uses","T1021.001"
"G0102","uses","T1003.003"
"G0049","uses","T1053.005"
"S1240","uses","T1140"
"S0078","uses","T1105"
"S0084","uses","T1033"
"G0078","uses","T1547.009"
"M1028","mitigates","T1003.005"
"S0165","uses","T1069.002"
"G0069","uses","T1132.001"
"G0007","uses","T1071.003"
"S0022","uses","T1104"
"M1021","mitigates","T1566"
"S0147","uses","T1218.011"
"G0030","uses","S0590"
"S9032","uses","T1620"
"S0444","uses","T1008"
"S1105","uses","T1574"
"S0336","uses","T1112"
"S0342","uses","T1105"
"S0516","uses","T1680"
"G1031","uses","T1583.006"
"G1053","uses","T1555.005"
"M1047","mitigates","T1176"
"T1578.002","subtechnique-of","T1578"
"S1230","uses","T1678"
"S0526","uses","T1071.001"
"S0681","uses","T1087.003"
"S0198","uses","T1102"
"S0039","uses","T1021.002"
"G0049","uses","T1119"
"M1031","mitigates","T1221"
"S0247","uses","T1059.003"
"G1022","uses","T1059.003"
"G1015","uses","S0508"
"G0069","uses","S1046"
"S0348","uses","T1055"
"S1207","uses","T1185"
"G0102","uses","T1016"
"G0059","uses","T1136.001"
"S1223","uses","T1140"
"M1026","mitigates","T1003"
"S9020","uses","T1016"
"S0518","uses","T1071.001"
"S0412","uses","T1055.001"
"T1499.001","subtechnique-of","T1499"
"T1136.001","subtechnique-of","T1136"
"G0117","uses","T1036.004"
"G1004","uses","T1531"
"M1051","mitigates","T1539"
"G0102","uses","T1585.002"
"G0121","uses","T1598.002"
"S0283","uses","T1059.007"
"G0035","uses","T1003.003"
"G0007","uses","T1036"
"S1064","uses","T1047"
"T1598.001","subtechnique-of","T1598"
"G0093","uses","T1049"
"S0013","uses","T1547.001"
"S0128","uses","T1059.003"
"G1022","uses","T1190"
"S9003","uses","T1553.004"
"M1024","mitigates","T1685"
"S1242","uses","T1547.001"
"S0697","uses","T1027.015"
"S0275","uses","T1105"
"S1025","uses","T1105"
"M1049","mitigates","T1080"
"S0520","uses","T1129"
"S0666","uses","T1005"
"S0339","uses","T1027.013"
"G0053","uses","S0173"
"S0438","uses","T1070.006"
"T1598.002","subtechnique-of","T1598"
"G0047","uses","T1561.001"
"S0348","uses","T1070.004"
"M1042","mitigates","T1059.007"
"S0663","uses","T1070.004"
"S0409","uses","T1573.002"
"T1089","revoked-by","T1685"
"G0106","uses","T1222.002"
"S0021","uses","T1070.004"
"S1150","uses","T1680"
"M1051","mitigates","T1555.003"
"M1032","mitigates","T1136"
"S0631","uses","T1547.001"
"S0438","uses","T1055"
"S0615","uses","T1074.001"
"G1004","uses","T1589.001"
"G0037","uses","T1553.002"
"S0394","uses","T1059.003"
"S0346","uses","T1057"
"G0082","uses","T1053.005"
"G0037","uses","T1021.001"
"S0662","uses","T1070.004"
"T1070.003","subtechnique-of","T1070"
"M1022","mitigates","T1685.006"
"S0611","uses","T1553.002"
"T1205.002","subtechnique-of","T1205"
"S0412","uses","T1059.003"
"S1138","uses","T1059.007"
"S0070","uses","T1083"
"T1553.004","subtechnique-of","T1553"
"G0025","uses","S0069"
"G1046","uses","T1486"
"S0109","uses","T1105"
"S1122","uses","T1518.001"
"S0084","uses","T1087.001"
"G0114","uses","T1070.004"
"S0574","uses","T1106"
"S0513","uses","T1105"
"G0016","uses","S0589"
"S0154","uses","T1071.001"
"G0007","uses","T1210"
"S0250","uses","T1003.003"
"S0382","uses","T1036.010"
"S0239","uses","T1087.001"
"G1004","uses","T1068"
"G0018","uses","S0039"
"G1006","uses","T1218.005"
"S1020","uses","T1059.003"
"G0064","uses","S0199"
"S0677","uses","T1606.002"
"S1146","uses","T1018"
"T1501","revoked-by","T1543.002"
"S1060","uses","T1033"
"S0458","uses","T1036"
"G0139","uses","S0349"
"S1228","uses","T1680"
"G1006","uses","T1482"
"S1060","uses","T1680"
"G0117","uses","S0556"
"S0168","uses","T1573.001"
"S0677","uses","T1590.001"
"M1026","mitigates","T1546"
"G0128","uses","T1036"
"G0067","uses","S0216"
"S9025","uses","T1106"
"M1042","mitigates","T1609"
"G1005","uses","S1024"
"S9003","uses","T1090.002"
"G0069","uses","T1104"
"S0605","uses","T1489"
"M1018","mitigates","T1566.002"
"S0154","uses","T1573.002"
"S0520","uses","T1204.002"
"G0117","uses","T1003.001"
"S1166","uses","T1132.001"
"S0441","uses","T1071.001"
"G0106","uses","T1057"
"S0351","uses","T1124"
"M1018","mitigates","T1555.003"
"G0099","uses","T1586.002"
"S1164","uses","T1001.001"
"G1001","uses","T1608.001"
"S1212","uses","T1486"
"S0554","uses","T1486"
"S0037","uses","T1059.001"
"G1038","uses","S1160"
"S1068","uses","T1222.001"
"S0074","uses","T1059.003"
"G1015","uses","T1621"
"G1043","uses","T1041"
"S0157","uses","T1071.004"
"S0476","uses","T1027.011"
"G1031","uses","T1608.001"
"S0331","uses","T1140"
"G0029","uses","S0077"
"S1016","uses","T1140"
"M1049","mitigates","T1564"
"S9012","uses","T1055.012"
"M1018","mitigates","T1199"
"S0117","uses","T1046"
"M1037","mitigates","T1090"
"G1048","uses","T1570"
"M1037","mitigates","T1499.001"
"G1011","uses","T1597"
"G0106","uses","T1543.002"
"S0647","uses","T1016"
"S0657","uses","T1560"
"M1030","mitigates","T1552.007"
"S0596","uses","T1071.002"
"S0677","uses","T1589.002"
"G0050","uses","T1222.002"
"G0024","uses","T1055.001"
"M1049","mitigates","T1027.002"
"S1209","uses","T1125"
"G1006","uses","T1567.002"
"M1028","mitigates","T1564.002"
"M1017","mitigates","T1555.003"
"S0268","uses","T1012"
"G0016","uses","S0565"
"S0068","uses","T1071.001"
"T1685.003","subtechnique-of","T1685"
"G0034","uses","T1583"
"T1542.005","subtechnique-of","T1542"
"M1021","mitigates","T1204.004"
"S1244","uses","T1083"
"S0649","uses","T1027.009"
"S1170","uses","T1041"
"S0667","uses","T1106"
"S1142","uses","T1070.004"
"S1138","uses","T1055.002"
"S0582","uses","T1070.004"
"G0051","uses","T1021.001"
"G0050","uses","T1569.002"
"S0412","uses","T1686"
"S0243","uses","T1059.003"
"S0180","uses","T1573.002"
"S1018","uses","T1614"
"G1016","uses","T1016.001"
"S0046","uses","T1036.003"
"G0096","uses","T1003.003"
"G0108","uses","T1190"
"G1048","uses","T1588.001"
"S1245","uses","T1543.001"
"M1026","mitigates","T1601.001"
"G0059","uses","T1057"
"S1144","uses","T1573.001"
"G0016","uses","T1586.003"
"S1052","uses","T1140"
"S0022","uses","T1001.003"
"G1023","uses","T1070"
"G1036","uses","T1566.001"
"S0332","uses","T1560.001"
"G0010","uses","S0395"
"S1020","uses","T1001.001"
"S1129","uses","T1106"
"S0569","uses","T1105"
"G0121","uses","T1027.010"
"S1020","uses","T1027.013"
"S1063","uses","T1482"
"G0016","uses","S0511"
"G1039","uses","T1199"
"G0013","uses","S0034"
"G0064","uses","T1048.003"
"G0007","uses","T1014"
"M1047","mitigates","T1213.004"
"S1207","uses","T1529"
"S1070","uses","T1543.003"
"S0266","uses","T1685"
"G1048","uses","T1059.003"
"S0515","uses","T1140"
"S0354","uses","T1106"
"S0437","uses","T1021"
"S1111","uses","T1106"
"S0694","uses","T1027.002"
"G0094","uses","T1074.001"
"G0129","uses","T1654"
"G1016","uses","T1036"
"M1030","mitigates","T1602"
"G0087","uses","T1074.001"
"M1043","mitigates","T1601"
"M1013","mitigates","T1550"
"S0230","uses","T1071.001"
"G0045","uses","S0262"
"G0121","uses","T1059.001"
"G0077","uses","S0413"
"S0664","uses","T1569.002"
"S0032","uses","T1057"
"S0187","uses","T1001.002"
"G0085","uses","T1056.002"
"S0167","uses","T1113"
"G1009","uses","T1027.013"
"S1106","uses","T1573.001"
"S1085","uses","T1057"
"S0431","uses","T1057"
"G0094","uses","T1071.003"
"G1006","uses","T1548.002"
"G1001","uses","T1589.002"
"S1219","uses","T1059.004"
"M1017","mitigates","T1598.002"
"G0037","uses","S0449"
"S0085","uses","T1070.009"
"S0456","uses","T1134.001"
"M1040","mitigates","T1137.005"
"G0051","uses","T1059.001"
"S0170","uses","T1115"
"G0048","uses","T1102.001"
"M1027","mitigates","T1563.001"
"G0040","uses","T1070.004"
"M1024","mitigates","T1686.003"
"M1017","mitigates","T1176.002"
"S1075","uses","T1041"
"G0004","uses","T1059"
"G0004","uses","T1036.002"
"G0056","uses","T1036.004"
"M1049","mitigates","T1027.016"
"G0119","uses","S0029"
"S0128","uses","T1055.012"
"M1037","mitigates","T1537"
"S0021","uses","T1571"
"S0261","uses","T1016"
"S0611","uses","T1112"
"S0409","uses","T1056.001"
"S0330","uses","T1614.001"
"M1047","mitigates","T1556.007"
"S0087","uses","T1573.002"
"S0657","uses","T1497.001"
"S9031","uses","T1059.007"
"S1249","uses","T1041"
"G0119","uses","T1486"
"S0063","uses","T1049"
"S0336","uses","T1573.001"
"S0233","uses","T1053.002"
"S0665","uses","T1112"
"S9024","uses","T1055.002"
"G0047","uses","T1033"
"S0634","uses","T1027.006"
"M1031","mitigates","T1573.002"
"T1686.002","subtechnique-of","T1686"
"G0033","uses","T1087.002"
"S0458","uses","T1119"
"G0050","uses","T1018"
"S1242","uses","T1484.001"
"G0003","uses","T1585.001"
"G0035","uses","S0488"
"S1015","uses","T1005"
"S0098","uses","T1033"
"S0674","uses","T1057"
"S1246","uses","T1204.002"
"S0084","uses","T1008"
"G0052","uses","S0363"
"S0491","uses","T1573.002"
"S0386","uses","T1112"
"T1056.004","subtechnique-of","T1056"
"S0521","uses","T1059.001"
"S0262","uses","T1552.001"
"G1003","uses","T1550.002"
"S1049","uses","T1059.003"
"S0020","uses","T1070.006"
"M1042","mitigates","T1218.004"
"M1021","mitigates","T1059.005"
"G0117","uses","T1090"
"S1124","uses","T1204.001"
"S0659","uses","T1016"
"G0139","uses","T1082"
"S0650","uses","T1185"
"S9037","uses","T1622"
"S0085","uses","T1016"
"S9008","uses","T1036.005"
"S0693","uses","T1485"
"S9024","uses","T1559"
"S0496","uses","T1566.001"
"M1041","mitigates","T1565.001"
"S0029","uses","T1569.002"
"S0441","uses","T1112"
"S0136","uses","T1036.005"
"G0139","uses","T1027.013"
"G0142","uses","T1071.001"
"G0093","uses","T1074.001"
"S0284","uses","T1016"
"G0045","uses","T1070.003"
"S1025","uses","T1082"
"S0369","uses","T1140"
"S0612","uses","T1120"
"S0031","uses","T1104"
"G1044","uses","T1070.008"
"G1042","uses","T1583.001"
"S0203","uses","T1057"
"M1018","mitigates","T1110.004"
"S1148","uses","T1119"
"S0588","uses","T1001.001"
"S1130","uses","T1204"
"M1022","mitigates","T1556"
"S0668","uses","T1029"
"S0491","uses","T1680"
"T1087.002","subtechnique-of","T1087"
"S1178","uses","T1529"
"S0673","uses","T1140"
"G1032","uses","S0039"
"S0546","uses","T1140"
"S0471","uses","T1680"
"M1042","mitigates","T1127.001"
"G0067","uses","T1189"
"S1065","uses","T1204.002"
"S1240","uses","T1041"
"G0094","uses","S0249"
"G0091","uses","T1018"
"S0453","uses","T1071.001"
"G0045","uses","T1140"
"S0637","uses","T1218.011"
"S0067","uses","T1552.001"
"M1026","mitigates","T1558.001"
"T1561.001","subtechnique-of","T1561"
"S0201","uses","T1518.001"
"G1036","uses","T1027"
"T1574.009","subtechnique-of","T1574"
"M1025","mitigates","T1003"
"G1015","uses","T1082"
"S1148","uses","T1113"
"S1196","uses","T1082"
"S1228","uses","T1518"
"S0483","uses","T1055.004"
"G1007","uses","T1588.002"
"S0022","uses","T1008"
"G0139","uses","T1016"
"S0338","uses","T1132.001"
"G0096","uses","T1049"
"G0044","uses","S0141"
"G0094","uses","T1056.001"
"S1245","uses","T1547.013"
"S0045","uses","T1112"
"S0034","uses","T1008"
"S1249","uses","T1036.005"
"G0016","uses","S0054"
"G1003","uses","T1567.002"
"G0082","uses","T1588.002"
"S0062","uses","T1113"
"S0596","uses","T1095"
"G1004","uses","T1621"
"S0023","uses","T1568.002"
"T1546.009","subtechnique-of","T1546"
"G0008","uses","T1102.002"
"S0690","uses","T1027"
"S0666","uses","T1055.001"
"G1017","uses","T1059.004"
"S0504","uses","T1016"
"S0449","uses","T1059.003"
"G0090","uses","T1566.002"
"S0631","uses","T1056"
"S0277","uses","T1027.010"
"G1016","uses","T1059.005"
"S0495","uses","T1001.002"
"S0259","uses","T1036.004"
"S0130","uses","T1555.003"
"S1132","uses","T1071.001"
"S0281","uses","T1056.002"
"G1043","uses","T1003"
"S0435","uses","T1204.001"
"G0131","uses","S0349"
"S0697","uses","T1680"
"S0482","uses","T1204.002"
"G0001","uses","T1563.002"
"S1046","uses","T1071.001"
"M1037","mitigates","T1602"
"G0094","uses","T1027.002"
"S0521","uses","T1482"
"G1054","uses","T1007"
"S0074","uses","T1218.011"
"G1036","uses","T1583.003"
"G1043","uses","T1569.002"
"S1018","uses","T1547.001"
"G0027","uses","S0412"
"S0640","uses","T1135"
"S9030","uses","T1083"
"S0568","uses","T1112"
"M1026","mitigates","T1556.007"
"G0047","uses","T1587.003"
"S9010","uses","T1059.007"
"S0021","uses","T1573.001"
"S0695","uses","T1620"
"S0461","uses","T1095"
"S1160","uses","T1482"
"S0647","uses","T1059.006"
"S0511","uses","T1102.002"
"S0132","uses","T1105"
"S1039","uses","T1129"
"S0412","uses","T1021.001"
"G1022","uses","T1567.002"
"G0049","uses","T1583.001"
"G0050","uses","T1218.005"
"S1111","uses","T1140"
"S1046","uses","T1059.001"
"S1184","uses","T1190"
"S0030","uses","T1136.001"
"S0366","uses","T1564.001"
"S0144","uses","T1083"
"G0045","uses","T1553.002"
"S0261","uses","T1115"
"S0014","uses","T1132.001"
"G0088","uses","S0029"
"G0080","uses","S0284"
"G0016","uses","T1090.002"
"S0234","uses","T1113"
"G0001","uses","S0009"
"S0266","uses","T1036"
"S1248","uses","T1105"
"S0345","uses","T1543.003"
"S0660","uses","T1055.012"
"G0139","uses","S0601"
"S9037","uses","T1518.001"
"G0027","uses","T1003.002"
"S0148","uses","T1119"
"G1023","uses","S1109"
"S0072","uses","T1560.003"
"G0061","uses","T1021.002"
"S0483","uses","T1105"
"S0449","uses","T1053.005"
"G0114","uses","T1110.003"
"S1085","uses","T1007"
"T1028","revoked-by","T1021.006"
"T1556.006","subtechnique-of","T1556"
"G0114","uses","T1114.001"
"S1031","uses","T1095"
"S1020","uses","T1074"
"S1242","uses","T1021.004"
"S1090","uses","T1105"
"S1110","uses","T1573.001"
"S0184","uses","T1082"
"S0203","uses","T1113"
"S1213","uses","T1036.008"
"S0431","uses","T1007"
"G0016","uses","T1573"
"G0094","uses","T1552.001"
"S1160","uses","T1027.001"
"T1213.004","subtechnique-of","T1213"
"G1052","uses","T1583.003"
"S0517","uses","T1059.001"
"S0176","uses","T1543.003"
"G1054","uses","S9026"
"G0035","uses","T1098.007"
"S0698","uses","T1046"
"G0022","uses","T1083"
"S0652","uses","T1036.005"
"G0060","uses","S0470"
"S0514","uses","T1069.002"
"G0092","uses","T1027.010"
"S1246","uses","T1001.001"
"G0096","uses","T1059.004"
"S9038","uses","T1120"
"S9032","uses","T1140"
"S1161","uses","T1059.004"
"S1186","uses","T1653"
"G0010","uses","T1587.001"
"G0049","uses","T1056.001"
"S0236","uses","T1082"
"M1045","mitigates","T1543"
"G0085","uses","T1566.002"
"S0604","uses","T1071.001"
"M1026","mitigates","T1546.003"
"S0650","uses","T1497.003"
"S0056","uses","T1003.001"
"M1040","mitigates","T1204.002"
"S1212","uses","T1057"
"S1196","uses","T1218.011"
"S0256","uses","T1016"
"S0153","uses","T1082"
"G0071","uses","S0106"
"G0030","uses","S1210"
"T1562.013","revoked-by","T1686.002"
"S1058","uses","T1059.001"
"S0698","uses","T1570"
"G1006","uses","T1588.002"
"S0495","uses","T1030"
"G0045","uses","T1053.005"
"G0080","uses","S0646"
"S0496","uses","T1105"
"S0332","uses","T1070"
"S1134","uses","T1140"
"G1003","uses","S0689"
"G0022","uses","T1546.008"
"S0575","uses","T1049"
"S1148","uses","T1041"
"G0050","uses","T1083"
"G1016","uses","T1098.007"
"S0335","uses","T1018"
"S0279","uses","T1555.005"
"S0617","uses","T1057"
"S0050","uses","T1071.001"
"G0061","uses","T1685.005"
"S0501","uses","T1134.004"
"G1014","uses","T1036.005"
"G1016","uses","T1574.001"
"G1041","uses","T1566"
"G0047","uses","T1564.003"
"S1026","uses","T1132.001"
"G1047","uses","T1685"
"S0648","uses","T1566.001"
"S0674","uses","T1102"
"S0330","uses","T1112"
"G0092","uses","T1069"
"S0032","uses","T1543.003"
"T1003.007","subtechnique-of","T1003"
"G0067","uses","T1057"
"S9008","uses","T1041"
"S0192","uses","T1557.001"
"G0043","uses","T1070.004"
"S0030","uses","T1573.001"
"S0335","uses","T1071.001"
"S0281","uses","T1090.003"
"S0274","uses","T1070.004"
"G0091","uses","T1003.001"
"G1043","uses","T1135"
"S1207","uses","T1622"
"S0696","uses","T1135"
"S0447","uses","T1082"
"S0438","uses","T1056.001"
"M1018","mitigates","T1185"
"S0482","uses","T1543.004"
"G0128","uses","T1567.002"
"S9024","uses","T1040"
"S0457","uses","T1106"
"S1101","uses","T1005"
"G0069","uses","S0488"
"M1038","mitigates","T1059.003"
"S0443","uses","T1074.001"
"S0368","uses","T1529"
"M1035","mitigates","T1552"
"M1042","mitigates","T1011.001"
"S1017","uses","T1204.002"
"S0589","uses","T1059.005"
"M1026","mitigates","T1003.001"
"S1213","uses","T1027"
"G1016","uses","T1021.001"
"S0412","uses","T1134.002"
"G0021","uses","T1547.001"
"S0650","uses","T1105"
"S0687","uses","T1090.003"
"G0119","uses","S0384"
"S0653","uses","T1573.001"
"G0099","uses","T1053.005"
"S0673","uses","T1047"
"S1122","uses","T1056.002"
"S1014","uses","T1059.003"
"G0093","uses","T1033"
"S0367","uses","T1040"
"S0332","uses","T1564.003"
"S9019","uses","T1105"
"M1018","mitigates","T1195"
"G0064","uses","T1588.002"
"G1001","uses","S0363"
"S0508","uses","T1568.002"
"S1212","uses","T1491.001"
"S0412","uses","T1125"
"S0194","uses","T1558.003"
"S0250","uses","T1569.002"
"S0681","uses","T1082"
"S0491","uses","T1685"
"G0123","uses","T1105"
"S0184","uses","T1059.003"
"S1109","uses","T1059.004"
"S0198","uses","T1564.001"
"S0434","uses","T1041"
"S0368","uses","T1486"
"S0335","uses","T1027"
"S0087","uses","T1059.003"
"S0228","uses","T1218.005"
"S0009","uses","T1014"
"S0642","uses","T1005"
"S9035","uses","T1204.002"
"S0148","uses","T1033"
"G0008","uses","T1543.003"
"S0569","uses","T1071.001"
"M1013","mitigates","T1593.003"
"S0228","uses","T1071.004"
"G1006","uses","T1007"
"S1239","uses","T1095"
"S1099","uses","T1027.004"
"G0138","uses","T1588.001"
"S0441","uses","T1016"
"G1044","uses","T1056.001"
"S0589","uses","T1140"
"S0587","uses","T1027.005"
"G0121","uses","T1518"
"S9034","uses","T1059.001"
"G0009","uses","T1546.008"
"S0252","uses","T1012"
"S9010","uses","T1614.001"
"S0599","uses","T1018"
"S0165","uses","T1087.002"
"S0343","uses","T1112"
"S0674","uses","T1005"
"G0129","uses","T1083"
"S0662","uses","T1547.001"
"G1003","uses","S1018"
"S0428","uses","T1057"
"S0208","uses","T1083"
"M1038","mitigates","T1546.006"
"S0032","uses","T1547.001"
"S0414","uses","T1547.001"
"S0644","uses","T1025"
"S0368","uses","T1036"
"G0079","uses","T1564.003"
"S0260","uses","T1087.001"
"S1239","uses","T1071.001"
"G1048","uses","T1036.004"
"S0385","uses","T1686.003"
"S0180","uses","T1027.011"
"S0513","uses","T1497.003"
"S0689","uses","T1059.003"
"S0382","uses","T1033"
"G0016","uses","T1047"
"S0022","uses","T1543.003"
"S0646","uses","T1059.007"
"S0386","uses","T1568.002"
"S1070","uses","T1047"
"S1232","uses","T1140"
"S1229","uses","T1027.010"
"S0267","uses","T1560"
"G0115","uses","S0591"
"G0060","uses","T1102.001"
"G0032","uses","T1008"
"G0027","uses","T1133"
"G0125","uses","T1564.001"
"G0004","uses","T1560"
"S1213","uses","T1059.001"
"S0070","uses","T1056.001"
"G0053","uses","S0006"
"S1242","uses","T1003.001"
"M1028","mitigates","T1552.003"
"S0447","uses","T1106"
"S0469","uses","T1027.003"
"S1160","uses","T1529"
"S0687","uses","T1559"
"S0670","uses","T1125"
"S1119","uses","T1554"
"T1137.001","subtechnique-of","T1137"
"S0166","uses","T1053.005"
"G0069","uses","S0591"
"S1081","uses","T1546.003"
"S0690","uses","T1059.004"
"S1105","uses","T1071.001"
"S0612","uses","T1106"
"G1039","uses","T1537"
"S0697","uses","T1036.005"
"S0412","uses","T1218.011"
"S0495","uses","T1105"
"G0108","uses","T1021.001"
"S0610","uses","T1008"
"S0236","uses","T1036.004"
"G0001","uses","S0012"
"M1047","mitigates","T1552"
"S0373","uses","T1555"
"S0013","uses","T1027.001"
"S0637","uses","T1140"
"S0517","uses","T1140"
"S0085","uses","T1007"
"S0248","uses","T1082"
"S1020","uses","T1546.003"
"S0439","uses","T1573.001"
"S0265","uses","T1071.001"
"S0084","uses","T1005"
"S0395","uses","T1106"
"S1138","uses","T1055.012"
"G0099","uses","T1480"
"M1042","mitigates","T1218.014"
"S0632","uses","T1614.001"
"M1037","mitigates","T1599"
"G0084","uses","T1059.001"
"S0632","uses","T1497.003"
"S1026","uses","T1105"
"S0198","uses","T1010"
"S1059","uses","T1083"
"G1022","uses","S0097"
"S9015","uses","T1678"
"G0016","uses","T1110.001"
"G0130","uses","T1555.003"
"S0363","uses","T1059.003"
"S0370","uses","T1486"
"S1173","uses","T1071.003"
"G0129","uses","T1518"
"S0078","uses","T1041"
"S0095","uses","T1048.003"
"S0283","uses","T1115"
"S0382","uses","T1218.011"
"M1047","mitigates","T1578.002"
"G0032","uses","T1140"
"G1052","uses","T1588.007"
"S1160","uses","T1082"
"M1042","mitigates","T1552.005"
"S0363","uses","T1102.002"
"S0284","uses","T1132.001"
"T1548.004","subtechnique-of","T1548"
"S0601","uses","T1140"
"S9027","uses","T1622"
"S0674","uses","T1059.003"
"S1023","uses","T1105"
"G0129","uses","T1583.001"
"S0699","uses","T1030"
"S0659","uses","T1027"
"G0096","uses","S0385"
"S0496","uses","T1688"
"G0007","uses","T1204.002"
"S0239","uses","T1087.002"
"S0559","uses","T1001.003"
"S0080","uses","T1003.002"
"S0526","uses","T1114.001"
"S0629","uses","T1113"
"G0129","uses","T1574.001"
"S0632","uses","T1614"
"G0037","uses","T1119"
"S0584","uses","T1053.005"
"S0444","uses","T1027.002"
"S0208","uses","T1547.008"
"S0389","uses","T1204.002"
"S1159","uses","T1059.003"
"G0119","uses","T1685.005"
"S9026","uses","T1027.013"
"G0107","uses","T1036.005"
"G0112","uses","T1071.001"
"S0694","uses","T1057"
"G0102","uses","T1033"
"S0264","uses","T1059.005"
"G0114","uses","T1039"
"S1218","uses","T1571"
"S1039","uses","T1012"
"S0147","uses","T1041"
"S1050","uses","T1070.004"
"S0170","uses","T1059.003"
"S0487","uses","T1041"
"M1032","mitigates","T1556.001"
"S0589","uses","T1218.005"
"G0120","uses","T1105"
"S0345","uses","T1070.004"
"G1052","uses","T1090"
"M1027","mitigates","T1563"
"S0141","uses","T1105"
"S0266","uses","T1495"
"S9007","uses","T1140"
"S1188","uses","T1505.003"
"S0658","uses","T1539"
"G0096","uses","T1486"
"S1199","uses","T1480"
"G0102","uses","T1078"
"S0198","uses","T1059.003"
"S0630","uses","T1036.005"
"S0369","uses","T1543.001"
"S1161","uses","T1686"
"G0059","uses","T1114.002"
"G0010","uses","T1025"
"G0100","uses","T1555.003"
"M1026","mitigates","T1059"
"S0201","uses","T1082"
"G0081","uses","T1547.004"
"G0047","uses","T1027.012"
"S0396","uses","T1070.004"
"S0629","uses","T1083"
"M1032","mitigates","T1485"
"S9029","uses","T1140"
"G0065","uses","T1559.002"
"S0172","uses","T1218.002"
"S0062","uses","T1518.001"
"S0695","uses","T1685"
"G1054","uses","S9021"
"S0081","uses","T1070.004"
"G1041","uses","T1133"
"G1001","uses","T1585.002"
"S0062","uses","T1570"
"G0093","uses","T1190"
"G1017","uses","S0097"
"G1017","uses","T1007"
"S0594","uses","T1005"
"S0373","uses","T1105"
"G0045","uses","T1055.012"
"G0037","uses","S0372"
"S0261","uses","T1074.001"
"S0332","uses","T1105"
"S0455","uses","T1565.002"
"S0154","uses","T1185"
"S9026","uses","T1518.001"
"S0354","uses","T1059.001"
"T1556.007","subtechnique-of","T1556"
"G0112","uses","T1036"
"S1116","uses","T1056.003"
"G1040","uses","T1078.002"
"G0010","uses","T1518.001"
"S0669","uses","T1204.001"
"S0126","uses","T1140"
"G0081","uses","T1203"
"G0034","uses","T1219"
"G0094","uses","T1102.001"
"G1021","uses","S0357"
"G0046","uses","T1102.002"
"G1053","uses","T1484.002"
"S0258","uses","T1033"
"G0010","uses","T1059.001"
"S1019","uses","T1070.004"
"S1249","uses","T1033"
"S0446","uses","T1486"
"S9032","uses","T1041"
"S0415","uses","T1553.002"
"S0534","uses","T1497.003"
"S0449","uses","T1685"
"S0686","uses","T1120"
"G0096","uses","T1016"
"G0034","uses","T1584.004"
"G0049","uses","T1036.005"
"S0198","uses","T1036.001"
"S0650","uses","T1120"
"S1220","uses","T1014"
"S1023","uses","T1059.001"
"M1017","mitigates","T1176"
"S0559","uses","T1001.001"
"S1138","uses","T1016"
"S0088","uses","T1113"
"G0037","uses","T1018"
"S0531","uses","T1140"
"S0379","uses","T1123"
"S1239","uses","T1027.001"
"G1036","uses","T1105"
"S0093","uses","T1555.003"
"T1552.002","subtechnique-of","T1552"
"G0046","uses","S0449"
"M1026","mitigates","T1056.003"
"S0672","uses","T1057"
"S0527","uses","T1548.002"
"G0007","uses","T1550.001"
"G0080","uses","S0195"
"G0096","uses","T1033"
"M1047","mitigates","T1574.008"
"S0331","uses","T1555"
"S1249","uses","T1614"
"G0054","uses","T1056.001"
"M1045","mitigates","T1601"
"G0049","uses","S0170"
"S0044","uses","T1027.013"
"S9010","uses","T1217"
"T1027.016","subtechnique-of","T1027"
"G0035","uses","T1583.003"
"S1164","uses","T1070.006"
"S1059","uses","T1041"
"S9016","uses","T1105"
"S1217","uses","T1036.004"
"S0068","uses","T1059.003"
"S0381","uses","T1056"
"S0046","uses","T1053.005"
"S0196","uses","T1071.001"
"S0083","uses","T1105"
"S0335","uses","T1095"
"G1052","uses","T1573.001"
"S0612","uses","T1574.001"
"S0340","uses","T1560.001"
"G0128","uses","T1027.002"
"S0623","uses","T1068"
"S1022","uses","T1056.003"
"G0010","uses","T1027.010"
"S9035","uses","T1059.003"
"M1056","mitigates","T1595.002"
"S1240","uses","T1218.007"
"S0538","uses","T1574.001"
"G1055","uses","T1078.004"
"G0082","uses","T1505.003"
"S0660","uses","T1140"
"S0677","uses","T1558.002"
"S0012","uses","T1105"
"S0653","uses","T1105"
"G1048","uses","T1037"
"S0610","uses","T1041"
"S0629","uses","T1555.004"
"M1051","mitigates","T1602.002"
"S0136","uses","T1020"
"S1160","uses","T1518.001"
"S0601","uses","T1496.001"
"T1053.004","subtechnique-of","T1053"
"S0588","uses","T1027.013"
"G0016","uses","T1199"
"S0049","uses","T1007"
"S0205","uses","T1112"
"S9009","uses","T1528"
"G0037","uses","T1053.005"
"S0004","uses","T1547.001"
"S0334","uses","T1547.001"
"S0385","uses","T1070.009"
"S1129","uses","T1490"
"G0027","uses","T1005"
"S0089","uses","T1552.001"
"S1169","uses","T1033"
"S0532","uses","T1082"
"S0084","uses","T1082"
"G0050","uses","T1685.005"
"T1214","revoked-by","T1552.002"
"S0032","uses","T1082"
"S0448","uses","T1573.002"
"G0078","uses","T1204.002"
"S0047","uses","T1542.001"
"S1245","uses","T1219"
"S0260","uses","T1083"
"S1023","uses","T1005"
"S0174","uses","T1557.001"
"M1056","mitigates","T1583"
"S0500","uses","T1027"
"G0128","uses","T1204.001"
"G0126","uses","T1573.001"
"G0019","uses","S0058"
"S9010","uses","T1008"
"S1085","uses","T1106"
"S1211","uses","T1059.003"
"G0008","uses","T1219"
"M1053","mitigates","T1485"
"S0481","uses","T1218.010"
"S0447","uses","T1564.001"
"S9008","uses","T1546.016"
"G1003","uses","T1588.005"
"S1219","uses","T1014"
"S1122","uses","T1057"
"M1038","mitigates","T1220"
"M1032","mitigates","T1098.006"
"S0358","uses","T1137.004"
"S9014","uses","T1685.003"
"S0642","uses","T1566.001"
"S0164","uses","T1105"
"S0021","uses","T1033"
"M1051","mitigates","T1546.010"
"M1028","mitigates","T1135"
"G1033","uses","T1598.003"
"S1236","uses","T1053.005"
"S0059","uses","T1033"
"S0356","uses","T1113"
"S1078","uses","T1571"
"S0148","uses","T1553.004"
"S0652","uses","T1057"
"S0266","uses","T1140"
"G0131","uses","T1203"
"S0260","uses","T1518"
"S1041","uses","T1027.013"
"S1246","uses","T1105"
"S0032","uses","T1070.004"
"S0630","uses","T1574.001"
"S0140","uses","T1112"
"S0689","uses","T1059.005"
"S1059","uses","T1090.001"
"G0081","uses","T1071.004"
"G0102","uses","S1071"
"S0145","uses","T1547.001"
"S0265","uses","T1010"
"G0032","uses","T1680"
"T1192","revoked-by","T1566.002"
"G0099","uses","S0332"
"G0091","uses","T1059.001"
"T1209","revoked-by","T1547.003"
"S1245","uses","T1614"
"S0356","uses","T1059.003"
"S1182","uses","T1547.001"
"G0121","uses","T1059.005"
"S0461","uses","T1041"
"S0237","uses","T1005"
"T1161","revoked-by","T1546.006"
"S0569","uses","T1106"
"S0260","uses","T1560.003"
"M1028","mitigates","T1553.004"
"S0618","uses","T1140"
"S0446","uses","T1055"
"S0268","uses","T1027.002"
"M1035","mitigates","T1021.002"
"S0659","uses","T1018"
"S1240","uses","T1082"
"G0010","uses","T1059.006"
"S0629","uses","T1053.005"
"S0554","uses","T1069.002"
"M1028","mitigates","T1003.002"
"S1190","uses","T1140"
"S1164","uses","T1102.003"
"S0492","uses","T1005"
"S0477","uses","T1057"
"T1027.008","subtechnique-of","T1027"
"G0094","uses","T1560.001"
"S0044","uses","T1543.003"
"S1066","uses","T1106"
"G0032","uses","T1561.002"
"S0663","uses","T1112"
"S0660","uses","T1057"
"G0007","uses","S9035"
"G0035","uses","S0075"
"S0658","uses","T1056.002"
"G0050","uses","T1059.005"
"S0669","uses","T1070.009"
"S0017","uses","T1105"
"G0022","uses","T1560.001"
"M1042","mitigates","T1546.014"
"S0514","uses","T1016"
"G1032","uses","T1069.002"
"G0073","uses","T1204.002"
"G0140","uses","S0385"
"M1056","mitigates","T1591.002"
"S0260","uses","T1070.006"
"G0108","uses","T1218.010"
"T1542.002","subtechnique-of","T1542"
"S0070","uses","T1071.001"
"S0654","uses","T1027.003"
"S0444","uses","T1027.015"
"S0264","uses","T1560.001"
"M1041","mitigates","T1558.004"
"G1054","uses","S0102"
"G1007","uses","T1203"
"M1026","mitigates","T1550.002"
"S1149","uses","T1518.001"
"G0129","uses","T1546.003"
"G0100","uses","T1203"
"S0391","uses","T1203"
"G1018","uses","T1204.002"
"G0046","uses","T1105"
"S0428","uses","T1059.005"
"G0022","uses","T1082"
"M1038","mitigates","T1080"
"G0016","uses","S0597"
"G0003","uses","S0002"
"S9019","uses","T1059.001"
"G1002","uses","T1559.002"
"M1026","mitigates","T1601.002"
"S0213","uses","T1027.013"
"G0040","uses","T1119"
"S0032","uses","T1113"
"G0093","uses","S0075"
"G1035","uses","T1105"
"S0547","uses","T1614.001"
"S0670","uses","T1564.003"
"S0266","uses","T1018"
"G1003","uses","T1195"
"G1055","uses","T1133"
"S1245","uses","T1059.006"
"S0476","uses","T1012"
"S1015","uses","T1087.001"
"M1050","mitigates","T1218.010"
"S1238","uses","T1036.005"
"S1130","uses","T1622"
"G1005","uses","T1199"
"S1240","uses","T1071.001"
"S0689","uses","T1134.002"
"S1030","uses","T1204.002"
"S0349","uses","T1555"
"T1216.001","subtechnique-of","T1216"
"G0016","uses","T1566.003"
"S0689","uses","T1102"
"S1018","uses","T1140"
"S0249","uses","T1083"
"S0154","uses","T1140"
"G0037","uses","T1569.002"
"S0022","uses","T1105"
"S1085","uses","T1132.001"
"S0182","uses","T1027.016"
"G0093","uses","T1016"
"S1019","uses","T1140"
"S0508","uses","T1102"
"M1022","mitigates","T1548"
"S0243","uses","T1203"
"S0607","uses","T1561.002"
"T1137.004","subtechnique-of","T1137"
"G0046","uses","T1078.003"
"S0175","uses","T1090.004"
"S0176","uses","T1518.001"
"S0332","uses","T1059.005"
"S1052","uses","T1016"
"S1111","uses","T1204.002"
"S0070","uses","T1070.004"
"S1066","uses","T1102"
"G1017","uses","T1069"
"G0027","uses","S0662"
"S9034","uses","T1027.010"
"G0142","uses","T1041"
"S0094","uses","T1003"
"G1053","uses","S0359"
"S0207","uses","T1090"
"S1149","uses","T1529"
"S1141","uses","T1069.001"
"S1048","uses","T1569.001"
"S0379","uses","T1059.003"
"S0268","uses","T1041"
"S0581","uses","T1140"
"M1018","mitigates","T1021.004"
"M1021","mitigates","T1102.003"
"S0141","uses","T1070.004"
"S1146","uses","T1057"
"G1041","uses","T1213.006"
"G0095","uses","T1036.005"
"S1111","uses","T1124"
"S1053","uses","T1036.008"
"S0543","uses","T1140"
"G1055","uses","T1588.002"
"S1053","uses","T1564.003"
"S1138","uses","T1132.001"
"G1055","uses","T1547.001"
"S0262","uses","T1059.003"
"G0016","uses","T1078"
"S0148","uses","T1071.001"
"S0390","uses","T1027.010"
"S0253","uses","T1082"
"G0037","uses","T1046"
"S0379","uses","T1059.001"
"S1162","uses","T1083"
"M1030","mitigates","T1048.003"
"G0064","uses","T1040"
"S0278","uses","T1564.001"
"S0353","uses","T1218.011"
"S1147","uses","T1016"
"G0016","uses","T1505.003"
"S0189","uses","T1055.012"
"M1060","mitigates","T1213.005"
"S1086","uses","T1566.002"
"G1044","uses","T1102"
"S0234","uses","T1016"
"G1035","uses","T1190"
"G0094","uses","S0029"
"G0119","uses","T1136.001"
"S1065","uses","T1106"
"S9027","uses","T1027.016"
"S1032","uses","T1059.001"
"S0345","uses","T1547.001"
"G0016","uses","S0552"
"G0049","uses","T1033"
"S0244","uses","T1082"
"G1015","uses","T1021.001"
"S0629","uses","T1095"
"S0356","uses","T1566.001"
"G1024","uses","S1129"
"G0032","uses","T1583.001"
"S0686","uses","T1005"
"S0512","uses","T1218.011"
"S0389","uses","T1059.003"
"G0054","uses","S0171"
"S0569","uses","T1115"
"G1036","uses","T1016"
"G0021","uses","T1059.001"
"S0148","uses","T1218.011"
"S0169","uses","T1074.001"
"S0658","uses","T1068"
"M1026","mitigates","T1542"
"S0640","uses","T1047"
"S1044","uses","T1070"
"S1027","uses","T1547.001"
"S0670","uses","T1055"
"G1008","uses","T1574.001"
"S9008","uses","T1608.001"
"S0148","uses","T1571"
"S0606","uses","T1106"
"S0032","uses","T1568.001"
"S0247","uses","T1547.001"
"M1034","mitigates","T1200"
"G1014","uses","T1112"
"S0396","uses","T1497.003"
"G1011","uses","S1039"
"M1030","mitigates","T1095"
"G0082","uses","T1115"
"S0062","uses","T1008"
"M1047","mitigates","T1542.004"
"S0265","uses","T1113"
"M1034","mitigates","T1052.001"
"S0698","uses","T1218.010"
"S0152","uses","T1113"
"G0010","uses","S0335"
"S1081","uses","T1069.002"
"G0119","uses","T1018"
"S0622","uses","T1083"
"S0631","uses","T1574.001"
"S9031","uses","T1105"
"S0375","uses","T1010"
"S0409","uses","T1016.002"
"S0385","uses","T1112"
"S1047","uses","T1112"
"G1043","uses","T1140"
"M1021","mitigates","T1127"
"M1018","mitigates","T1685.002"
"T1204.002","subtechnique-of","T1204"
"M1017","mitigates","T1221"
"G0027","uses","T1087.001"
"S1076","uses","T1074"
"G1053","uses","T1580"
"S1099","uses","T1132.001"
"S0248","uses","T1056.001"
"G1017","uses","T1584.003"
"G0056","uses","T1553.002"
"G1022","uses","T1518.001"
"G0046","uses","T1591.004"
"G0121","uses","T1082"
"S0647","uses","T1074.001"
"T1587.003","subtechnique-of","T1587"
"S0662","uses","T1027.015"
"S1063","uses","T1106"
"G0093","uses","S0029"
"M1018","mitigates","T1134.003"
"S0380","uses","T1561.002"
"G1035","uses","T1595.002"
"S0349","uses","T1555.001"
"S0668","uses","T1012"
"S1081","uses","T1550.002"
"M1040","mitigates","T1055.008"
"G0092","uses","T1105"
"S0391","uses","T1059.003"
"G0034","uses","S0089"
"S1232","uses","T1070.009"
"G0065","uses","T1587.004"
"S1040","uses","T1030"
"G0092","uses","T1588.001"
"G0059","uses","T1571"
"G0004","uses","T1069.002"
"S0234","uses","T1059.001"
"S0488","uses","T1083"
"T1213.002","subtechnique-of","T1213"
"S0342","uses","T1055.002"
"S0150","uses","T1573.002"
"S0166","uses","T1105"
"S0236","uses","T1218.011"
"G0071","uses","S0103"
"S0651","uses","T1567.002"
"G0028","uses","T1072"
"S0117","uses","T1573.002"
"S0170","uses","T1069.001"
"G0080","uses","T1071.001"
"S0357","uses","T1003.002"
"M1015","mitigates","T1552.006"
"G0140","uses","S0508"
"S9018","uses","T1059.003"
"G0040","uses","T1102.001"
"S0448","uses","T1041"
"S0331","uses","T1685"
"S1046","uses","T1574.001"
"S0568","uses","T1105"
"S9023","uses","T1057"
"G0069","uses","T1090"
"S1075","uses","T1680"
"S0468","uses","T1059.004"
"S1203","uses","T1205"
"G1051","uses","T1652"
"G0059","uses","T1686.003"
"G1048","uses","T1014"
"G0094","uses","T1016"
"S0661","uses","T1083"
"S0351","uses","T1083"
"S0366","uses","T1016"
"S0554","uses","T1218.010"
"M1042","mitigates","T1021"
"S0330","uses","T1071.001"
"G0049","uses","T1566.003"
"S0669","uses","T1036.005"
"S0588","uses","T1071.001"
"G0081","uses","T1119"
"S1111","uses","T1518.001"
"S0647","uses","T1001.001"
"G0010","uses","T1213.006"
"S0109","uses","T1059.003"
"M1035","mitigates","T1613"
"S0690","uses","T1546.004"
"S0128","uses","T1105"
"S0439","uses","T1140"
"S0466","uses","T1140"
"S0583","uses","T1003.001"
"S0483","uses","T1016"
"G0070","uses","T1566.003"
"S1191","uses","T1057"
"S0034","uses","T1095"
"G1022","uses","T1059.001"
"S0012","uses","T1573.001"
"S0052","uses","T1071.001"
"S0234","uses","T1680"
"S9020","uses","T1005"
"G0096","uses","T1105"
"M1038","mitigates","T1059.009"
"M1021","mitigates","T1059.007"
"S0376","uses","T1105"
"G0134","uses","T1566.001"
"S0495","uses","T1070.004"
"S1145","uses","T1132.001"
"S0631","uses","T1027.011"
"S0240","uses","T1102.002"
"S0452","uses","T1005"
"G1051","uses","T1690"
"S0668","uses","T1008"
"S0022","uses","T1572"
"M1026","mitigates","T1136"
"S0582","uses","T1095"
"G1035","uses","T1041"
"S0599","uses","T1133"
"S0151","uses","T1113"
"G1014","uses","T1053.005"
"S0354","uses","T1033"
"S0340","uses","T1047"
"G0134","uses","T1204.001"
"S0013","uses","T1071.004"
"S0268","uses","T1095"
"S0622","uses","T1027"
"T1055.008","subtechnique-of","T1055"
"S0663","uses","T1564.001"
"S0234","uses","T1204.002"
"T1002","revoked-by","T1560"
"S0261","uses","T1036.004"
"G0007","uses","T1030"
"S0184","uses","T1059.001"
"M1051","mitigates","T1574.001"
"S0650","uses","T1095"
"S0496","uses","T1680"
"M1026","mitigates","T1495"
"S1199","uses","T1614.001"
"S1168","uses","T1074.001"
"G0096","uses","S0363"
"S1015","uses","T1568.002"
"S0083","uses","T1059.003"
"M1042","mitigates","T1021.008"
"S0467","uses","T1129"
"S1207","uses","T1140"
"S0168","uses","T1546.002"
"S0659","uses","T1106"
"M1018","mitigates","T1489"
"S0658","uses","T1569.001"
"S9010","uses","T1082"
"S0331","uses","T1082"
"G1051","uses","T1027.002"
"S1111","uses","T1566.001"
"S0126","uses","T1012"
"S0375","uses","T1560"
"M1026","mitigates","T1606.002"
"S0334","uses","T1685"
"S1027","uses","T1027.013"
"S0237","uses","T1059.003"
"G0081","uses","S0190"
"S0646","uses","T1204.001"
"G0016","uses","T1059.006"
"S1122","uses","T1497.001"
"S0698","uses","T1559.001"
"M1018","mitigates","T1657"
"T1588.003","subtechnique-of","T1588"
"S0026","uses","T1071.005"
"S0334","uses","T1071.001"
"S1043","uses","T1053.005"
"S0376","uses","T1047"
"S0379","uses","T1202"
"M1047","mitigates","T1053.005"
"S0443","uses","T1049"
"S0526","uses","T1083"
"G0082","uses","S0002"
"S0608","uses","T1210"
"S1053","uses","T1489"
"S0464","uses","T1057"
"G0121","uses","T1119"
"S1122","uses","T1083"
"S0612","uses","T1083"
"G0065","uses","T1197"
"S0340","uses","T1071.001"
"S0357","uses","T1570"
"S1018","uses","T1055.012"
"G1048","uses","T1059.001"
"G0045","uses","S0552"
"S0450","uses","T1027.010"
"T1505.003","subtechnique-of","T1505"
"S1134","uses","T1124"
"S0559","uses","T1059.005"
"S0049","uses","T1071.001"
"S0689","uses","T1680"
"S1016","uses","T1056.001"
"S0681","uses","T1518.001"
"S1194","uses","T1486"
"G0021","uses","T1059.005"
"G0133","uses","T1105"
"S1196","uses","T1041"
"S0356","uses","T1218.011"
"S1152","uses","T1564.003"
"S1039","uses","T1573.001"
"G0059","uses","T1070.003"
"G1018","uses","T1059.005"
"G1036","uses","T1598.003"
"S0455","uses","T1113"
"S1226","uses","T1027.013"
"S1059","uses","T1574.001"
"S1239","uses","T1036.004"
"S9014","uses","T1685"
"S1210","uses","T1573.002"
"S0650","uses","T1566.002"
"S0386","uses","T1059.005"
"S1132","uses","T1041"
"S0385","uses","T1041"
"S0534","uses","T1033"
"G0059","uses","T1082"
"G0114","uses","T1119"
"G1043","uses","T1068"
"M1018","mitigates","T1110"
"G1017","uses","T1555.003"
"G0114","uses","S0039"
"S1159","uses","T1010"
"G0059","uses","T1114.001"
"S1016","uses","T1685.006"
"S0157","uses","T1010"
"G1034","uses","T1082"
"S0342","uses","T1573.001"
"S1240","uses","T1480"
"G0126","uses","T1680"
"S1149","uses","T1027.007"
"S0658","uses","T1518.001"
"M1017","mitigates","T1003.001"
"S0561","uses","T1071.001"
"S0603","uses","T1087.001"
"S0646","uses","T1018"
"S1239","uses","T1622"
"S1156","uses","T1132.001"
"M1047","mitigates","T1574.001"
"T1584.008","subtechnique-of","T1584"
"S9026","uses","T1047"
"G1022","uses","T1564.003"
"G0135","uses","T1105"
"G0093","uses","S0040"
"S9017","uses","T1027.013"
"G0012","uses","T1553.002"
"M1028","mitigates","T1548.003"
"S0560","uses","T1036.005"
"S0155","uses","T1070.004"
"S0267","uses","T1218.011"
"T1553.003","subtechnique-of","T1553"
"S0559","uses","T1071.004"
"S0260","uses","T1140"
"G0016","uses","T1665"
"S9037","uses","T1559.001"
"S0631","uses","T1071.001"
"S0093","uses","T1057"
"M1018","mitigates","T1485"
"S0496","uses","T1614.001"
"S0651","uses","T1027"
"T1585.001","subtechnique-of","T1585"
"M1026","mitigates","T1563.002"
"S1201","uses","T1114"
"S0484","uses","T1685"
"G0049","uses","T1572"
"G1054","uses","T1082"
"G0129","uses","S1236"
"S0647","uses","T1071.001"
"G0129","uses","T1106"
"S0493","uses","T1105"
"G0094","uses","T1555.003"
"G0129","uses","T1003.003"
"S0394","uses","T1140"
"G0061","uses","T1560.001"
"G1013","uses","T1027.013"
"S1202","uses","T1622"
"G0046","uses","S0145"
"G0096","uses","S0154"
"S0690","uses","T1543.001"
"S0154","uses","T1572"
"S0660","uses","T1124"
"G0006","uses","S0039"
"G1023","uses","T1053.003"
"G0069","uses","T1204.001"
"S0045","uses","T1027"
"S0230","uses","T1027.002"
"S0637","uses","T1480"
"T1166","revoked-by","T1548.001"
"S0205","uses","T1543.003"
"G1048","uses","T1040"
"S0194","uses","T1087.001"
"S0382","uses","T1070.004"
"S0667","uses","T1029"
"S0387","uses","T1559.002"
"S1158","uses","T1055.002"
"G0007","uses","T1134.001"
"S0409","uses","T1120"
"G1006","uses","T1204.002"
"S0665","uses","T1140"
"S1153","uses","T1095"
"S0272","uses","T1083"
"S0503","uses","T1057"
"G1011","uses","T1583.001"
"S0380","uses","T1012"
"S0653","uses","T1132.001"
"M1030","mitigates","T1565"
"S0482","uses","T1176.001"
"G1045","uses","T1021.004"
"M1045","mitigates","T1505.004"
"S9031","uses","T1614"
"G1043","uses","S1181"
"S0284","uses","T1518.001"
"S0690","uses","T1037.004"
"S0481","uses","T1543.003"
"S9025","uses","T1112"
"S0266","uses","T1571"
"S0086","uses","T1007"
"S0694","uses","T1071.001"
"S0433","uses","T1204.002"
"G1046","uses","T1036"
"M1060","mitigates","T1489"
"S0260","uses","T1105"
"M1038","mitigates","T1547.006"
"G1008","uses","T1204.002"
"G0032","uses","S0593"
"S1124","uses","T1518"
"G1016","uses","T1590.004"
"S0002","uses","T1003.001"
"S0015","uses","T1083"
"M1038","mitigates","T1574.009"
"M1054","mitigates","T1213.006"
"G0092","uses","T1078.002"
"S1159","uses","T1070.005"
"S9009","uses","T1083"
"M1035","mitigates","T1190"
"S1148","uses","T1070.004"
"S1081","uses","T1482"
"S0668","uses","T1005"
"S0251","uses","T1059.003"
"S1194","uses","T1083"
"G0065","uses","T1074.001"
"S0483","uses","T1566.001"
"S1142","uses","T1082"
"T1683.001","subtechnique-of","T1683"
"T1059.001","subtechnique-of","T1059"
"S0342","uses","T1112"
"S0532","uses","T1110.001"
"G1015","uses","T1098"
"G1017","uses","T1591"
"G0049","uses","S1169"
"G1051","uses","T1070.004"
"M1047","mitigates","T1204.003"
"S0390","uses","T1140"
"S0642","uses","T1497.003"
"M1038","mitigates","T1059.006"
"S1078","uses","T1095"
"T1586.002","subtechnique-of","T1586"
"S1037","uses","T1016"
"G1006","uses","T1190"
"S9015","uses","T1568"
"S0269","uses","T1070.004"
"G0094","uses","T1055.001"
"S1219","uses","T1095"
"S1039","uses","T1548.002"
"M1018","mitigates","T1548.005"
"S0371","uses","T1003.002"
"S0599","uses","T1053.003"
"S0248","uses","T1113"
"S0483","uses","T1071.001"
"S0650","uses","T1027.005"
"M1026","mitigates","T1134"
"S0475","uses","T1027.010"
"S0127","uses","T1057"
"S1142","uses","T1095"
"S0562","uses","T1140"
"S1032","uses","T1047"
"G0027","uses","T1195.002"
"G0139","uses","T1046"
"S0572","uses","T1082"
"S0640","uses","T1486"
"G0046","uses","T1124"
"S0578","uses","T1505.003"
"T1071.003","subtechnique-of","T1071"
"S0223","uses","T1053.005"
"S0369","uses","T1059.006"
"S0633","uses","T1573.001"
"S0413","uses","T1110.003"
"G0122","uses","T1583.001"
"S0585","uses","T1027.015"
"S0673","uses","T1566.001"
"S1163","uses","T1505.003"
"S1065","uses","T1685"
"T1608.003","subtechnique-of","T1608"
"S0386","uses","T1082"
"S0013","uses","T1070.004"
"S0343","uses","T1059.003"
"G0010","uses","T1018"
"S0339","uses","T1113"
"G1053","uses","T1482"
"G0117","uses","T1012"
"G0035","uses","T1059.003"
"S0649","uses","T1113"
"G0059","uses","T1505.003"
"S1115","uses","T1132.001"
"S1171","uses","T1102.002"
"G0129","uses","S0002"
"S0409","uses","T1005"
"G1053","uses","T1578.003"
"M1026","mitigates","T1543.002"
"T1017","revoked-by","T1072"
"S0534","uses","T1553.002"
"G0061","uses","T1074.002"
"G0069","uses","T1027.003"
"S0611","uses","T1135"
"G0045","uses","S0154"
"S0146","uses","T1059.003"
"S0449","uses","T1047"
"G1040","uses","T1082"
"S1097","uses","T1685"
"S0093","uses","T1083"
"S0387","uses","T1059.001"
"G0119","uses","T1059.007"
"G0016","uses","T1218.005"
"G0067","uses","T1059"
"G1050","uses","T1486"
"S1202","uses","T1489"
"S0184","uses","T1132.001"
"G0027","uses","T1548.002"
"G0103","uses","T1204.002"
"S0476","uses","T1053.005"
"S0100","uses","T1016"
"S1020","uses","T1008"
"M1017","mitigates","T1056.002"
"G1055","uses","T1204.002"
"S0367","uses","T1620"
"G0032","uses","T1053.005"
"S0568","uses","T1033"
"G0056","uses","T1205.001"
"G0037","uses","T1048.003"
"G0033","uses","T1087.001"
"S0021","uses","T1123"
"M1036","mitigates","T1078.004"
"S0627","uses","T1573.001"
"S0153","uses","T1573.001"
"S0600","uses","T1102"
"M1026","mitigates","T1136.001"
"M1034","mitigates","T1052"
"S0459","uses","T1105"
"G0094","uses","T1546.001"
"S0276","uses","T1036.006"
"G0034","uses","T1003.001"
"G1052","uses","T1204.001"
"M1056","mitigates","T1592.001"
"G0065","uses","T1204.002"
"S0363","uses","T1555.003"
"S0135","uses","T1055.001"
"S0597","uses","T1119"
"S0019","uses","T1021.002"
"G0096","uses","S0006"
"G0027","uses","T1119"
"G0007","uses","S0183"
"S0253","uses","T1560"
"S0476","uses","T1140"
"S0457","uses","T1486"
"S9008","uses","T1567.004"
"S0043","uses","T1095"
"S0363","uses","T1518.001"
"S0335","uses","T1055.001"
"S0467","uses","T1539"
"G0010","uses","S0002"
"S1130","uses","T1583.008"
"S0696","uses","T1016"
"G0102","uses","T1204.001"
"S0608","uses","T1027"
"G0069","uses","S0450"
"S9008","uses","T1213.003"
"S0161","uses","T1555.003"
"S0247","uses","T1057"
"S0672","uses","T1068"
"S0448","uses","T1016.001"
"M1026","mitigates","T1003.005"
"G0094","uses","T1566.001"
"G0001","uses","T1546.008"
"S0334","uses","T1123"
"S0021","uses","T1083"
"S0623","uses","T1083"
"S1052","uses","T1036.004"
"G0012","uses","T1016"
"G0046","uses","T1583.001"
"G0016","uses","S0029"
"G0022","uses","T1059.001"
"G0143","uses","S0154"
"S0666","uses","T1134"
"S0262","uses","T1090"
"M1040","mitigates","T1106"
"S1066","uses","T1007"
"G0137","uses","T1588.002"
"M1018","mitigates","T1538"
"G0140","uses","S0363"
"G1001","uses","T1033"
"G0131","uses","T1204.002"
"S9024","uses","T1690"
"M1047","mitigates","T1578.003"
"T1037.002","subtechnique-of","T1037"
"G0009","uses","S0021"
"S1217","uses","T1036.005"
"S1100","uses","T1543.003"
"S0483","uses","T1135"
"S0632","uses","T1070.009"
"S1242","uses","T1678"
"T1126","revoked-by","T1070.005"
"G1052","uses","T1071.003"
"G0007","uses","S0137"
"G0010","uses","T1588.001"
"G0087","uses","T1083"
"M1054","mitigates","T1546.013"
"G1005","uses","T1583.006"
"S0561","uses","T1204.001"
"G0094","uses","T1057"
"G0060","uses","T1053.005"
"G0115","uses","T1027.010"
"S0564","uses","T1105"
"G0095","uses","T1204.001"
"S0330","uses","T1070.004"
"S1204","uses","T1040"
"S1196","uses","T1217"
"S9004","uses","T1657"
"S1051","uses","T1573.002"
"S0681","uses","T1555.003"
"S0618","uses","T1027.013"
"G0032","uses","T1566.003"
"S1111","uses","T1657"
"G1018","uses","T1566.002"
"S0477","uses","T1070.008"
"G0067","uses","S0214"
"G0125","uses","T1016.001"
"G1043","uses","T1505.003"
"S0075","uses","T1112"
"T1093","revoked-by","T1055.012"
"G0080","uses","S0154"
"S9035","uses","T1119"
"T1004","revoked-by","T1547.004"
"G0045","uses","S0012"
"S0496","uses","T1134.001"
"G0035","uses","T1071.002"
"S0254","uses","T1547.001"
"S1024","uses","T1059.001"
"G0077","uses","T1189"
"G1022","uses","T1083"
"S1185","uses","T1518"
"S0090","uses","T1112"
"G0129","uses","S1228"
"G0092","uses","T1553.002"
"S1034","uses","T1083"
"S0082","uses","T1007"
"M1060","mitigates","T1114"
"S0455","uses","T1553.002"
"G0069","uses","S0363"
"S1163","uses","T1095"
"T1036.001","subtechnique-of","T1036"
"S1239","uses","T1218.013"
"G0128","uses","T1036.004"
"S1111","uses","T1115"
"S0223","uses","T1573.002"
"S0223","uses","T1027.010"
"G1053","uses","T1082"
"S0161","uses","T1057"
"M1029","mitigates","T1070.009"
"M1056","mitigates","T1584.002"
"S0098","uses","T1560.003"
"S0500","uses","T1053.005"
"S0532","uses","T1498"
"S0588","uses","T1105"
"M1026","mitigates","T1556.004"
"S1207","uses","T1497.001"
"T1497.003","subtechnique-of","T1497"
"T1505.005","subtechnique-of","T1505"
"S0496","uses","T1071.001"
"S0531","uses","T1189"
"S0060","uses","T1016"
"G0095","uses","T1189"
"G1012","uses","T1598.003"
"M1017","mitigates","T1556.001"
"S0274","uses","T1569.001"
"S0013","uses","T1113"
"G1036","uses","T1003.001"
"S1091","uses","T1555.006"
"M1053","mitigates","T1491"
"S0095","uses","T1105"
"G1017","uses","T1590.004"
"S1182","uses","T1082"
"S0404","uses","T1105"
"S1085","uses","T1070"
"S1018","uses","T1057"
"M1018","mitigates","T1087"
"S1150","uses","T1120"
"T1547.014","subtechnique-of","T1547"
"S0623","uses","T1027"
"S0644","uses","T1074.001"
"M1017","mitigates","T1557.004"
"T1553.006","subtechnique-of","T1553"
"S0526","uses","T1041"
"S1247","uses","T1070.004"
"S0026","uses","T1102.002"
"G1022","uses","S1102"
"G0065","uses","T1140"
"S1066","uses","T1559.001"
"S1201","uses","T1102.002"
"G0050","uses","S0158"
"S0349","uses","T1003.007"
"S1020","uses","T1497"
"G1013","uses","T1070.004"
"S0013","uses","T1053.005"
"T1562.011","revoked-by","T1685.003"
"S0638","uses","T1135"
"S1229","uses","T1497.003"
"S0038","uses","T1010"
"S1207","uses","T1071.001"
"G0045","uses","T1074.001"
"S1249","uses","T1071.001"
"G0065","uses","T1074.002"
"G1004","uses","T1098.003"
"S0089","uses","T1056.001"
"S1148","uses","T1012"
"T1102.002","subtechnique-of","T1102"
"S0029","uses","T1136.002"
"S0185","uses","T1505.003"
"S9023","uses","T1055"
"G0008","uses","T1036.005"
"T1117","revoked-by","T1218.010"
"S0266","uses","T1555.005"
"M1047","mitigates","T1612"
"S0692","uses","T1555.004"
"S9019","uses","T1573.001"
"G0140","uses","T1059.003"
"G1001","uses","T1105"
"G0046","uses","T1005"
"S1111","uses","T1574.001"
"G0119","uses","T1585.002"
"S1161","uses","T1027"
"G0061","uses","S0039"
"S9013","uses","T1027.013"
"S0593","uses","T1056.001"
"S0202","uses","T1546.003"
"G1035","uses","T1053.005"
"S0637","uses","T1036"
"S0486","uses","T1554"
"G0056","uses","S0491"
"S0381","uses","T1573.001"
"G1047","uses","T1055"
"S0653","uses","T1059.003"
"G1043","uses","S0029"
"G0135","uses","S0262"
"S0091","uses","T1069.001"
"S0081","uses","T1071.001"
"G1017","uses","T1010"
"S1044","uses","T1106"
"S0079","uses","T1083"
"S0611","uses","T1490"
"S1200","uses","T1005"
"S0259","uses","T1547.001"
"S0657","uses","T1083"
"S1221","uses","T1102"
"G0115","uses","T1133"
"S1052","uses","T1564.004"
"S0145","uses","T1564.004"
"S0165","uses","T1069.001"
"S0398","uses","T1106"
"S0249","uses","T1059.003"
"S0683","uses","T1552.005"
"G1018","uses","S1087"
"S0330","uses","T1027.013"
"S1178","uses","T1685"
"G0022","uses","T1543.003"
"S1186","uses","T1040"
"S0241","uses","T1012"
"G0142","uses","T1218.005"
"S0251","uses","T1573.002"
"G0129","uses","T1059"
"S0050","uses","T1114.001"
"G1055","uses","T1005"
"G0096","uses","T1203"
"G1032","uses","S0404"
"S0091","uses","T1573.001"
"G0032","uses","T1036.005"
"S1159","uses","T1041"
"T1573.001","subtechnique-of","T1573"
"S0560","uses","T1140"
"G0023","uses","S0064"
"G0010","uses","T1069.002"
"S0517","uses","T1005"
"S0416","uses","T1106"
"G0143","uses","T1595.002"
"S1184","uses","T1070.004"
"T1077","revoked-by","T1021.002"
"S0053","uses","T1547.001"
"M1040","mitigates","T1055"
"G1013","uses","S1059"
"G0065","uses","S0233"
"S0363","uses","T1087.001"
"M1026","mitigates","T1003.004"
"S1070","uses","T1688"
"G0007","uses","S0138"
"S0464","uses","T1071.002"
"T1574.004","subtechnique-of","T1574"
"S0528","uses","T1102.001"
"S0623","uses","T1609"
"G0032","uses","T1070"
"S0692","uses","T1021.003"
"S1047","uses","T1070.004"
"S1183","uses","T1614.001"
"G0099","uses","T1566.002"
"G0100","uses","T1069.002"
"T1218.007","subtechnique-of","T1218"
"M1040","mitigates","T1569"
"M1031","mitigates","T1071.002"
"S9035","uses","T1566.001"
"G0049","uses","T1047"
"S0378","uses","T1210"
"S0492","uses","T1518.001"
"S0477","uses","T1005"
"S0493","uses","T1497.003"
"T1596.004","subtechnique-of","T1596"
"G0010","uses","S0057"
"M1027","mitigates","T1078.002"
"S1059","uses","T1105"
"G0035","uses","T1598.003"
"S0387","uses","T1113"
"G0095","uses","T1566.001"
"S0171","uses","T1132.001"
"G0010","uses","T1027.011"
"M1046","mitigates","T1601"
"G1035","uses","T1584.006"
"S0642","uses","T1016"
"G0099","uses","T1133"
"S0125","uses","T1016"
"G0016","uses","S0183"
"G0080","uses","T1547.001"
"S0234","uses","T1106"
"S1043","uses","T1083"
"S0350","uses","T1033"
"G0094","uses","T1055"
"S0699","uses","T1119"
"M1030","mitigates","T1602.001"
"T1567.002","subtechnique-of","T1567"
"G0032","uses","T1083"
"S0021","uses","T1008"
"G1004","uses","T1003.006"
"G0045","uses","T1021.001"
"S0402","uses","T1105"
"S0277","uses","T1564.001"
"M1056","mitigates","T1584.006"
"G0049","uses","T1021.004"
"S1213","uses","T1119"
"G0114","uses","T1133"
"S0153","uses","T1033"
"G0099","uses","S1087"
"S0180","uses","T1112"
"S1106","uses","T1090.003"
"G0016","uses","T1003.004"
"S1030","uses","T1027.013"
"G0016","uses","S0637"
"S1213","uses","T1620"
"G0047","uses","T1070.004"
"S0398","uses","T1027.013"
"S0126","uses","T1059.001"
"G0117","uses","T1572"
"G1023","uses","T1059.003"
"S0192","uses","T1087.001"
"S0409","uses","T1008"
"S0589","uses","T1218.011"
"G0040","uses","T1680"
"S0417","uses","T1547.001"
"S0695","uses","T1027.015"
"S1150","uses","T1489"
"S0077","uses","T1105"
"S0444","uses","T1106"
"S0196","uses","T1140"
"M1056","mitigates","T1590.004"
"G0046","uses","T1543.003"
"G0004","uses","T1560.001"
"S0038","uses","T1053.005"
"M1018","mitigates","T1550"
"S0677","uses","T1552.004"
"S1244","uses","T1059.003"
"S0353","uses","T1140"
"S1070","uses","T1027.001"
"S0282","uses","T1123"
"S1200","uses","T1614.001"
"S1233","uses","T1074.001"
"S0600","uses","T1036.005"
"S1247","uses","T1547.001"
"S0377","uses","T1685"
"G0076","uses","S0261"
"S0194","uses","T1547.005"
"S1160","uses","T1573.001"
"S1190","uses","T1090"
"S0373","uses","T1552"
"S0150","uses","T1105"
"M1018","mitigates","T1053.002"
"S0567","uses","T1057"
"M1022","mitigates","T1546.004"
"S0099","uses","T1018"
"T1548.003","subtechnique-of","T1548"
"S1037","uses","T1027.013"
"S0672","uses","T1680"
"G0114","uses","S0002"
"M1042","mitigates","T1137.001"
"S0689","uses","T1497.003"
"S0395","uses","T1505.002"
"G0007","uses","T1074.002"
"S0113","uses","T1070.004"
"M1041","mitigates","T1669"
"M1018","mitigates","T1053.003"
"M1022","mitigates","T1530"
"S1221","uses","T1102.001"
"M1038","mitigates","T1059.013"
"S0669","uses","T1106"
"M1029","mitigates","T1685.006"
"G0075","uses","S0160"
"S1199","uses","T1070.004"
"S0538","uses","T1020"
"S9000","revoked-by","S0508"
"M1038","mitigates","T1059.011"
"S0332","uses","T1204.002"
"S0488","uses","T1550.002"
"T1151","revoked-by","T1036.006"
"G0139","uses","T1120"
"S0590","uses","T1018"
"G1048","uses","T1124"
"G0125","uses","T1016"
"S0562","uses","T1036.005"
"S0476","uses","T1132.001"
"S0532","uses","T1059.003"
"S0472","uses","T1071.001"
"G0124","uses","T1059"
"S0353","uses","T1680"
"S0633","uses","T1071"
"S0020","uses","T1505.003"
"G0106","uses","T1018"
"G1004","uses","T1586.002"
"S1229","uses","T1071.002"
"S0638","uses","T1007"
"S0695","uses","T1059.001"
"S0273","uses","T1113"
"G1023","uses","T1021.004"
"S1068","uses","T1491.001"
"S0032","uses","T1056.001"
"G1001","uses","S0100"
"G0035","uses","T1053.005"
"S1159","uses","T1124"
"G0069","uses","T1003.001"
"S0513","uses","T1518.001"
"S0015","uses","T1007"
"S9018","uses","T1106"
"G0129","uses","T1553.002"
"S0692","uses","T1083"
"G1006","uses","T1090"
"S0559","uses","T1070.004"
"G1021","uses","T1140"
"M1017","mitigates","T1176.001"
"S0660","uses","T1112"
"S0192","uses","T1059.006"
"S1217","uses","T1570"
"S0002","uses","T1558.002"
"S1135","uses","T1490"
"S0657","uses","T1071.001"
"S0475","uses","T1564.001"
"G0016","uses","T1190"
"G0060","uses","T1080"
"S9011","uses","T1205"
"S0559","uses","T1070.007"
"S1152","uses","T1574.014"
"G1053","uses","T1027.002"
"S0630","uses","T1059.003"
"G0061","uses","S0359"
"G1015","uses","T1213.005"
"G1052","uses","T1082"
"S0666","uses","T1070.006"
"M1037","mitigates","T1021.002"
"S1145","uses","T1140"
"S0691","uses","T1016"
"G0108","uses","T1021.002"
"S1142","uses","T1001.002"
"G0129","uses","S1227"
"G0094","uses","T1113"
"G0090","uses","S9031"
"S0356","uses","T1134.002"
"S0481","uses","T1218.007"
"M1026","mitigates","T1059.009"
"S0439","uses","T1070.004"
"S0534","uses","T1070.004"
"S1220","uses","T1574.006"
"S0394","uses","T1105"
"S0588","uses","T1036.005"
"S0576","uses","T1106"
"G0064","uses","T1071.001"
"G0129","uses","T1027"
"S0141","uses","T1070.006"
"S0077","uses","T1573.001"
"S0690","uses","T1036.004"
"S9030","uses","T1036.005"
"S1182","uses","T1140"
"S0613","uses","T1140"
"G0050","uses","T1588.002"
"S1100","uses","T1057"
"S0252","uses","T1016"
"G0034","uses","S0154"
"M1017","mitigates","T1566.001"
"S0128","uses","T1036.005"
"S1064","uses","T1082"
"S0647","uses","T1105"
"S0452","uses","T1057"
"G0077","uses","T1018"
"G0106","uses","T1686"
"G0034","uses","T1594"
"S0237","uses","T1033"
"M1020","mitigates","T1573.002"
"S0262","uses","T1571"
"S0330","uses","T1027.010"
"G0114","uses","T1110.004"
"G0013","uses","T1204.002"
"S0532","uses","T1071"
"G0012","uses","T1083"
"M1018","mitigates","T1547.004"
"S0467","uses","T1083"
"G0102","uses","T1003.001"
"S0076","uses","T1056.001"
"G0050","uses","T1021.002"
"S0151","uses","T1059.001"
"S0436","uses","T1573.001"
"G0078","uses","S0332"
"S0348","uses","T1140"
"S1058","uses","T1083"
"S1201","uses","T1012"
"G1015","uses","T1068"
"S1170","uses","T1070.004"
"G0105","uses","T1059.001"
"S0230","uses","T1105"
"G1012","uses","T1189"
"G0115","uses","S0496"
"S0586","uses","T1124"
"S0260","uses","T1001.003"
"S1012","uses","T1059.001"
"S0138","uses","T1555"
"M1024","mitigates","T1489"
"S0062","uses","T1082"
"G0065","uses","T1534"
"G1015","uses","T1090"
"G0065","uses","T1190"
"S0012","uses","T1005"
"G1015","uses","T1530"
"S1213","uses","T1204.002"
"S0569","uses","T1082"
"S0161","uses","T1113"
"M1028","mitigates","T1136.002"
"G0004","uses","T1003.003"
"G0032","uses","T1574.013"
"S0372","uses","T1553.002"
"S0374","uses","T1132.001"
"S1186","uses","T1059.008"
"S0650","uses","T1112"
"M1017","mitigates","T1189"
"S0475","uses","T1053.005"
"G1034","uses","T1195.002"
"S1184","uses","T1071.001"
"S1124","uses","T1057"
"G0032","uses","T1055.001"
"G0129","uses","T1547.001"
"S0259","uses","T1543.003"
"S0438","uses","T1569.002"
"S1047","uses","T1132.001"
"S0434","uses","T1123"
"T1056.003","subtechnique-of","T1056"
"M1042","mitigates","T1505.003"
"G0126","uses","T1547.001"
"S1076","uses","T1106"
"G0092","uses","S0461"
"S0244","uses","T1218.011"
"S0642","uses","T1105"
"S0253","uses","T1685.005"
"G0032","uses","T1585.001"
"G0050","uses","T1550.003"
"S0596","uses","T1027"
"S0096","uses","T1082"
"S0691","uses","T1082"
"S0692","uses","T1680"
"G1017","uses","T1069.001"
"S1016","uses","T1059.004"
"S0162","uses","T1573.001"
"G0062","uses","T1059.001"
"S0038","uses","T1001.002"
"M1018","mitigates","T1569.003"
"S0231","uses","T1027.003"
"G0035","uses","T1069.002"
"G0120","uses","S0349"
"G1004","uses","T1213.005"
"S9024","uses","T1571"
"G1036","uses","T1608.001"
"S1249","uses","T1140"
"S1198","uses","T1090.001"
"S0239","uses","T1112"
"S0045","uses","T1560.003"
"T1036.012","subtechnique-of","T1036"
"S0431","uses","T1033"
"S0236","uses","T1057"
"G0119","uses","S0612"
"G1015","uses","T1217"
"S1039","uses","T1057"
"S1089","uses","T1680"
"S1198","uses","T1083"
"S1140","uses","T1036.004"
"S0283","uses","T1552.001"
"M1026","mitigates","T1559"
"G0102","uses","S0002"
"G0059","uses","T1090"
"S0377","uses","T1132.001"
"G1034","uses","T1574.001"
"M1056","mitigates","T1586.003"
"S0431","uses","T1027.013"
"G1033","uses","T1588.002"
"G1023","uses","T1055"
"G0127","uses","T1071.001"
"S0683","uses","T1528"
"T1547.015","subtechnique-of","T1547"
"S0245","uses","T1571"
"S1229","uses","T1005"
"G1044","uses","T1082"
"M1031","mitigates","T1071.001"
"S0018","uses","T1547.001"
"S1076","uses","T1071.001"
"G0047","uses","T1059.001"
"S1169","uses","T1132.001"
"S0460","uses","T1059"
"S0239","uses","T1134.002"
"S0249","uses","T1082"
"G0094","uses","T1112"
"M1041","mitigates","T1114"
"G1006","uses","S0430"
"S9013","uses","T1556"
"G1017","uses","T1120"
"S0032","uses","T1132.001"
"G0050","uses","T1583.006"
"S0605","uses","T1027"
"S1228","uses","T1012"
"S0363","uses","T1574.004"
"S0377","uses","T1059.006"
"S1160","uses","T1564.004"
"G0140","uses","T1027.010"
"T1587.004","subtechnique-of","T1587"
"S0223","uses","T1070.004"
"S0554","uses","T1071.001"
"G1018","uses","T1027.015"
"S0072","uses","T1505.004"
"S0568","uses","T1218.011"
"S0192","uses","T1125"
"S0650","uses","T1566.001"
"S0236","uses","T1049"
"M1027","mitigates","T1555"
"S0024","uses","T1082"
"S0448","uses","T1059.003"
"M1036","mitigates","T1110"
"S0532","uses","T1210"
"S1178","uses","T1016"
"S0531","uses","T1686.002"
"S0499","uses","T1566.002"
"S1063","uses","T1102"
"S0531","uses","T1548.002"
"M1031","mitigates","T1573"
"S0511","uses","T1027"
"S9029","uses","T1059.003"
"S1026","uses","T1041"
"T1204.003","subtechnique-of","T1204"
"G0006","uses","T1584.001"
"G1008","uses","T1082"
"S0194","uses","T1057"
"S1217","uses","T1690"
"S0442","uses","T1071.001"
"G0026","uses","T1071.004"
"S0491","uses","T1090.003"
"S0534","uses","T1008"
"G1015","uses","T1006"
"S1207","uses","T1055.004"
"S0694","uses","T1497.003"
"G0102","uses","S0504"
"S1090","uses","T1027"
"G0129","uses","S1235"
"S0094","uses","T1016"
"S0198","uses","T1056.001"
"S1022","uses","T1071.001"
"S0645","uses","T1685.005"
"G1030","uses","T1543.003"
"S1019","uses","T1071.001"
"S0631","uses","T1059.003"
"M1031","mitigates","T1001.002"
"G0131","uses","S0590"
"G1030","uses","S0073"
"G0044","uses","T1105"
"M1027","mitigates","T1110.003"
"S0215","uses","T1102.002"
"M1031","mitigates","T1602"
"S0622","uses","T1071.001"
"S1030","uses","T1027.002"
"S0572","uses","T1033"
"G1038","uses","T1594"
"S0249","uses","T1071.001"
"G0059","uses","T1036.004"
"G0094","uses","T1059.001"
"G1003","uses","S0029"
"G1039","uses","T1202"
"S0048","uses","T1555"
"S0334","uses","T1027.002"
"S1132","uses","T1569.002"
"S0126","uses","T1112"
"S0625","uses","T1057"
"S0170","uses","T1069.002"
"S0409","uses","T1560"
"G0094","uses","S0526"
"T1505.006","subtechnique-of","T1505"
"G0094","uses","T1588.005"
"S0587","uses","T1222.002"
"G1044","uses","T1071.001"
"G0049","uses","T1555"
"G0082","uses","T1218.011"
"S1111","uses","T1134.004"
"S0640","uses","T1112"
"G1052","uses","T1593"
"S0625","uses","T1134"
"S0271","uses","T1113"
"S9020","uses","T1547.001"
"G0045","uses","T1039"
"S0270","uses","T1057"
"G0136","uses","T1586.002"
"S0487","uses","T1048.003"
"S1150","uses","T1480"
"M1056","mitigates","T1583.001"
"G0078","uses","T1588.002"
"S1218","uses","T1570"
"S1064","uses","T1497.001"
"G1041","uses","T1583.001"
"M1042","mitigates","T1205"
"S0275","uses","T1548.002"
"G1004","uses","T1589.002"
"G0105","uses","T1040"
"S0386","uses","T1090"
"M1041","mitigates","T1558.003"
"S0198","uses","T1106"
"S1025","uses","T1112"
"G0034","uses","T1570"
"M1026","mitigates","T1505.001"
"S1245","uses","T1564.003"
"T1553.001","subtechnique-of","T1553"
"S9037","uses","T1140"
"S0269","uses","T1012"
"S0534","uses","T1071.001"
"S0500","uses","T1005"
"G0034","uses","T1027"
"G0143","uses","S0596"
"G0034","uses","T1591.002"
"S0633","uses","T1558.001"
"T1599.001","subtechnique-of","T1599"
"T1547.013","subtechnique-of","T1547"
"S0213","uses","T1102.002"
"G0099","uses","S0262"
"G1048","uses","T1078"
"S0475","uses","T1071.001"
"G0047","uses","T1571"
"S1149","uses","T1102"
"G0081","uses","T1055.001"
"G1016","uses","T1135"
"S1240","uses","T1053.005"
"S1202","uses","T1547.004"
"G0049","uses","T1115"
"G1034","uses","T1218.011"
"S0031","uses","T1547.009"
"T1070.010","subtechnique-of","T1070"
"S0687","uses","T1686.002"
"S1146","uses","T1046"
"S1202","uses","T1057"
"G0065","uses","T1218.010"
"G1006","uses","S0359"
"S0234","uses","T1059.005"
"G1040","uses","T1083"
"S1111","uses","T1574.007"
"S0153","uses","T1071.001"
"T1070.007","subtechnique-of","T1070"
"S1122","uses","T1041"
"S1060","uses","T1134"
"S0168","uses","T1553.002"
"G0027","uses","S0100"
"G0114","uses","T1680"
"G0085","uses","T1566.001"
"G1052","uses","T1027.010"
"G0094","uses","T1218.010"
"S0534","uses","T1566.002"
"M1021","mitigates","T1555.003"
"G1003","uses","T1005"
"S0683","uses","T1078.004"
"G0135","uses","T1074.001"
"G0090","uses","T1684.001"
"M1022","mitigates","T1574.014"
"S0688","uses","T1082"
"S0340","uses","T1566.001"
"S1240","uses","T1497"
"S0088","uses","T1105"
"G0043","uses","T1027.013"
"S1172","uses","T1071.001"
"G0091","uses","T1588.002"
"S0434","uses","T1027"
"S0484","uses","T1071.001"
"G0099","uses","T1583.003"
"M1018","mitigates","T1505.003"
"G0099","uses","T1105"
"G1035","uses","T1036"
"S0660","uses","T1071.001"
"M1056","mitigates","T1590.001"
"S1059","uses","T1070.004"
"G0087","uses","T1012"
"S1180","uses","T1106"
"T1071.001","subtechnique-of","T1071"
"S0077","uses","T1059.004"
"G0073","uses","T1082"
"G0061","uses","T1105"
"G0078","uses","S0385"
"S0445","uses","T1016"
"S0688","uses","T1564.003"
"S0369","uses","T1059.003"
"S0612","uses","T1564.004"
"S0157","uses","T1083"
"S0332","uses","T1568"
"M1040","mitigates","T1006"
"S1117","uses","T1505.003"
"S1063","uses","T1071.004"
"S0445","uses","T1069"
"S0520","uses","T1218.011"
"S0238","uses","T1057"
"G0143","uses","T1003.001"
"S1099","uses","T1012"
"G1045","uses","T1686"
"S0013","uses","T1573.001"
"S1097","uses","T1574.001"
"G1051","uses","T1059.003"
"S0488","uses","T1680"
"S0570","uses","T1564.004"
"G1033","uses","T1583"
"S0242","uses","T1685.005"
"G1055","uses","T1098"
"S9010","uses","T1554"
"S1090","uses","T1057"
"G0114","uses","T1114.002"
"M1017","mitigates","T1078.004"
"G0112","uses","T1105"
"S0337","uses","T1518.001"
"M1035","mitigates","T1557.002"
"S0031","uses","T1686"
"G1051","uses","T1069.002"
"S0363","uses","T1049"
"G1023","uses","T1505.003"
"S1039","uses","T1204.001"
"S0615","uses","T1568.002"
"S1184","uses","T1082"
"S9035","uses","T1074.001"
"G1040","uses","S0521"
"S0428","uses","T1573.002"
"S0660","uses","T1548.002"
"G0030","uses","T1560.003"
"S0167","uses","T1071.004"
"G0077","uses","T1110.003"
"S0438","uses","T1564.001"
"G0026","uses","T1082"
"S0089","uses","T1543.003"
"S0331","uses","T1560"
"G1053","uses","T1614.001"
"G0127","uses","T1105"
"G0114","uses","T1012"
"G0018","uses","T1087.001"
"S9015","uses","T1105"
"G0012","uses","T1059.003"
"S0366","uses","T1222.001"
"S0237","uses","T1559.002"
"T1552.003","subtechnique-of","T1552"
"S0251","uses","T1074.001"
"G0087","uses","T1110"
"S0365","uses","T1018"
"S1221","uses","T1095"
"S0221","uses","T1095"
"M1056","mitigates","T1608.003"
"M1028","mitigates","T1092"
"G1043","uses","T1078"
"G0059","uses","T1583.001"
"G0123","uses","T1190"
"G0008","uses","S0002"
"G0096","uses","T1218.001"
"G0100","uses","T1059.005"
"S0217","uses","T1105"
"S1091","uses","T1580"
"G0047","uses","T1588.002"
"M1028","mitigates","T1490"
"S0003","uses","T1071.001"
"G1017","uses","T1070.004"
"S0591","uses","T1113"
"S0184","uses","T1105"
"S0259","uses","T1680"
"G0138","uses","T1204.002"
"M1030","mitigates","T1557.001"
"S0251","uses","T1012"
"S0581","uses","T1055.001"
"M1032","mitigates","T1021.007"
"G0053","uses","S0195"
"M1018","mitigates","T1006"
"G0081","uses","T1020"
"S1180","uses","T1222.001"
"S1142","uses","T1113"
"G0081","uses","T1135"
"S0240","uses","T1113"
"G0035","uses","T1114.002"
"S0234","uses","T1125"
"S0208","uses","T1082"
"S0348","uses","T1082"
"G0080","uses","T1572"
"S0332","uses","T1056.001"
"S1100","uses","T1001.003"
"G0082","uses","T1565.003"
"G0102","uses","T1041"
"G0129","uses","T1119"
"G1019","uses","T1074.002"
"S0021","uses","T1095"
"S0691","uses","T1559.001"
"T1547.003","subtechnique-of","T1547"
"G0112","uses","T1047"
"T1003.003","subtechnique-of","T1003"
"S0331","uses","T1071.003"
"G1051","uses","T1553.002"
"M1056","mitigates","T1583.003"
"T1550.002","subtechnique-of","T1550"
"S0449","uses","T1057"
"S1111","uses","T1539"
"G0075","uses","T1218.007"
"S0256","uses","T1059.003"
"S1032","uses","T1033"
"T1574.006","subtechnique-of","T1574"
"M1018","mitigates","T1552.007"
"S0198","uses","T1053.005"
"S0145","uses","T1071.004"
"S1212","uses","T1135"
"S0353","uses","T1071.001"
"G0007","uses","T1092"
"S0013","uses","T1571"
"S1115","uses","T1573.001"
"S0251","uses","T1070.004"
"S0177","uses","T1055.011"
"S9007","uses","T1106"
"S9039","uses","T1485"
"S1245","uses","T1571"
"M1056","mitigates","T1587.004"
"S0149","uses","T1016"
"S0435","uses","T1106"
"S0497","uses","T1543.004"
"G0129","uses","T1105"
"S1090","uses","T1120"
"G0100","uses","T1221"
"S0203","uses","T1048"
"G0090","uses","T1106"
"S0140","uses","T1548.002"
"S0662","uses","T1005"
"G1036","uses","T1598"
"G0094","uses","T1547.001"
"S9027","uses","T1027"
"S0154","uses","T1021.006"
"G0092","uses","S0039"
"S1180","uses","T1112"
"S0058","uses","T1036.005"
"S0223","uses","T1059.005"
"S1130","uses","T1070.004"
"G0035","uses","T1595.002"
"S0260","uses","T1070.005"
"S0679","uses","T1497.001"
"G0040","uses","T1059.003"
"S1213","uses","T1027.013"
"G0034","uses","S0368"
"S0644","uses","T1057"
"S1133","uses","T1053.005"
"S0483","uses","T1185"
"S0113","uses","T1547.001"
"G0012","uses","T1036.005"
"S9038","uses","T1036"
"S0537","uses","T1087.001"
"G1052","uses","T1608.001"
"S0650","uses","T1056.001"
"S1242","uses","T1204.002"
"S1064","uses","T1057"
"S0136","uses","T1092"
"G1022","uses","S0039"
"G0096","uses","S0069"
"S0679","uses","T1082"
"S0472","uses","T1518"
"S0677","uses","T1528"
"S0238","uses","T1041"
"G0047","uses","T1020"
"S0445","uses","T1082"
"G0028","uses","T1078.002"
"S0342","uses","T1027.002"
"G0047","uses","T1071.001"
"S0024","uses","T1027.002"
"S0534","uses","T1105"
"M1031","mitigates","T1001.003"
"S0246","uses","T1686.003"
"S9015","uses","T1102"
"S0565","uses","T1027.003"
"S1181","uses","T1070.004"
"G1013","uses","T1095"
"S0692","uses","T1548.002"
"S0148","uses","T1082"
"M1019","mitigates","T1068"
"S0081","uses","T1132.001"
"S1173","uses","T1140"
"S1210","uses","T1074.001"
"G0102","uses","T1566.001"
"G1054","uses","T1048.002"
"S0356","uses","T1041"
"G0103","uses","T1027.015"
"S0379","uses","T1113"
"G0099","uses","T1608.001"
"G1024","uses","S1191"
"S0594","uses","T1114.001"
"G0045","uses","T1003.004"
"G1004","uses","T1584.002"
"T1552.008","subtechnique-of","T1552"
"G0040","uses","T1027.001"
"S0666","uses","T1012"
"S0669","uses","T1059.001"
"G0087","uses","T1197"
"S1198","uses","T1016"
"S1159","uses","T1482"
"S0603","uses","T1021.002"
"S0265","uses","T1029"
"G0126","uses","T1057"
"S1111","uses","T1098.007"
"S0477","uses","T1106"
"S1066","uses","T1622"
"G0024","uses","S0068"
"G1021","uses","T1021.002"
"S0607","uses","T1486"
"M1056","mitigates","T1588.001"
"G0035","uses","T1547.001"
"G0082","uses","T1583.001"
"S0280","uses","T1059.003"
"S0039","uses","T1136.002"
"M1051","mitigates","T1176"
"G0077","uses","T1136.001"
"S0229","uses","T1016"
"G0087","uses","T1136.001"
"S0612","uses","T1135"
"S0633","uses","T1041"
"S1244","uses","T1082"
"G0033","uses","T1057"
"S9036","uses","T1134.001"
"G0050","uses","T1505.003"
"S1028","uses","T1082"
"G1022","uses","T1074.002"
"S0526","uses","T1027.013"
"S1156","uses","T1071.001"
"S0695","uses","T1105"
"S1164","uses","T1057"
"S0365","uses","T1135"
"S0441","uses","T1033"
"S0578","uses","T1027.013"
"S0332","uses","T1125"
"S1075","uses","T1049"
"S0037","uses","T1102.003"
"G0134","uses","S0643"
"S0473","uses","T1027.003"
"G1019","uses","S1088"
"S0171","uses","T1016"
"G1006","uses","T1027"
"T1148","revoked-by","T1690"
"M1038","mitigates","T1127.001"
"G0098","uses","S0436"
"S1131","uses","T1557"
"G0007","uses","T1098.002"
"S0159","uses","T1547.001"
"G1034","uses","T1584.004"
"S0266","uses","T1112"
"G0016","uses","T1553.005"
"S0363","uses","T1053.005"
"M1026","mitigates","T1055.008"
"S0592","uses","T1083"
"S1017","uses","T1566.001"
"S0516","uses","T1027"
"G0046","uses","T1091"
"S0681","uses","T1573"
"G1050","uses","S0183"
"S1039","uses","T1566.001"
"S0455","uses","T1059.003"
"G0064","uses","S0198"
"S0340","uses","T1105"
"G0006","uses","T1036.005"
"S0021","uses","T1113"
"S0240","uses","T1033"
"S9029","uses","T1518"
"S1017","uses","T1070.004"
"G0140","uses","S0250"
"G0032","uses","T1021.001"
"G0070","uses","S0235"
"S0132","uses","T1132"
"S1238","uses","T1204.002"
"S1018","uses","T1566.001"
"S0154","uses","T1573.001"
"T1566.003","subtechnique-of","T1566"
"S1086","uses","T1189"
"G0050","uses","T1564.001"
"S0126","uses","T1124"
"S0182","uses","T1036.005"
"S0644","uses","T1033"
"S0688","uses","T1059.003"
"S0596","uses","T1071.001"
"S0353","uses","T1074.001"
"S0358","uses","T1087.003"
"S0491","uses","T1105"
"S0192","uses","T1685.005"
"S0467","uses","T1055.001"
"S0652","uses","T1074.001"
"S0611","uses","T1486"
"G0096","uses","S1221"
"G0004","uses","T1057"
"G0007","uses","T1003"
"M1035","mitigates","T1546.008"
"S0085","uses","T1106"
"S0624","uses","T1553.002"
"G1032","uses","T1135"
"S0674","uses","T1016"
"S1050","uses","T1041"
"S0456","uses","T1090"
"S0697","uses","T1685.005"
"S0203","uses","T1083"
"G0138","uses","T1566.001"
"S0060","uses","T1071.001"
"S0484","uses","T1027.013"
"G1020","uses","T1204.001"
"S0520","uses","T1680"
"S0477","uses","T1071.003"
"G1047","uses","T1071"
"G1048","uses","T1205.001"
"S0601","uses","T1136.001"
"G0061","uses","T1082"
"S1044","uses","T1005"
"S0148","uses","T1105"
"G0068","uses","T1095"
"S1153","uses","T1553.001"
"S0663","uses","T1574.001"
"S1239","uses","T1134.002"
"S0332","uses","T1012"
"S1050","uses","T1036.001"
"G1001","uses","T1049"
"G0096","uses","T1112"
"S0208","uses","T1070.004"
"T1564.001","subtechnique-of","T1564"
"S0235","uses","T1547.013"
"G0007","uses","S0134"
"G1011","uses","T1593.001"
"S0595","uses","T1057"
"S0430","uses","T1014"
"S1242","uses","T1083"
"G1018","uses","T1566.001"
"S1245","uses","T1041"
"M1032","mitigates","T1072"
"S0607","uses","T1070.004"
"G1047","uses","T1211"
"S0079","uses","T1217"
"G0060","uses","T1204.002"
"S0260","uses","T1119"
"S0603","uses","T1012"
"S0334","uses","T1112"
"G1039","uses","T1552.001"
"G0129","uses","T1074.001"
"G0094","uses","T1543.003"
"S0689","uses","T1140"
"S0401","uses","T1548.001"
"S0431","uses","T1010"
"S0574","uses","T1124"
"G0016","uses","S0096"
"G0125","uses","T1590.005"
"S0340","uses","T1680"
"M1013","mitigates","T1078"
"S0143","uses","T1547.002"
"S0142","uses","T1083"
"S0692","uses","T1559.001"
"S1199","uses","T1021.002"
"S0147","uses","T1070.004"
"S0238","uses","T1012"
"G0027","uses","T1560.002"
"M1042","mitigates","T1218"
"S9001","uses","T1095"
"G1021","uses","T1572"
"S0063","uses","T1057"
"S0053","uses","T1573.001"
"G0004","uses","T1003.001"
"S0584","uses","T1548.002"
"S0268","uses","T1090"
"M1017","mitigates","T1213.002"
"T1543.003","subtechnique-of","T1543"
"M1047","mitigates","T1505.002"
"G0037","uses","T1047"
"G0008","uses","T1686"
"G0069","uses","T1053.005"
"S0458","uses","T1091"
"S0378","uses","T1482"
"G1030","uses","T1041"
"S0615","uses","T1007"
"M1051","mitigates","T1203"
"S0499","uses","T1027"
"G0106","uses","T1140"
"M1047","mitigates","T1059"
"M1042","mitigates","T1052"
"T1559.001","subtechnique-of","T1559"
"S1152","uses","T1071.003"
"S0671","uses","T1041"
"S0530","uses","T1027.002"
"S0154","uses","T1095"
"G0087","uses","T1059.006"
"G0133","uses","T1564.003"
"S9017","uses","T1685"
"S0665","uses","T1566.001"
"S0559","uses","T1497.001"
"S9039","uses","T1588.007"
"S1160","uses","T1069.002"
"S0002","uses","T1555.004"
"S0632","uses","T1140"
"S0587","uses","T1041"
"M1018","mitigates","T1543.005"
"G0135","uses","T1046"
"S0653","uses","T1106"
"S0011","uses","T1083"
"S1046","uses","T1140"
"S0196","uses","T1070.004"
"S0147","uses","T1074.001"
"T1134.003","subtechnique-of","T1134"
"G1017","uses","S0357"
"S0260","uses","T1548.002"
"S0003","uses","T1573.001"
"S1183","uses","T1140"
"G0022","uses","T1003.001"
"S0266","uses","T1553.002"
"G0024","uses","T1027.013"
"S0103","uses","T1016"
"S0514","uses","T1140"
"G1032","uses","T1190"
"G0050","uses","S0099"
"S0398","uses","T1105"
"G0102","uses","T1003.002"
"T1556.005","subtechnique-of","T1556"
"S0455","uses","T1027.002"
"S0628","uses","T1140"
"S1148","uses","T1518"
"S0663","uses","T1547.001"
"M1019","mitigates","T1211"
"S0373","uses","T1027.010"
"S9034","uses","T1082"
"S0081","uses","T1087.001"
"S0365","uses","T1569.002"
"S0266","uses","T1110.004"
"S0367","uses","T1027.013"
"G1046","uses","T1482"
"G0010","uses","S1142"
"G0092","uses","T1486"
"T1555.001","subtechnique-of","T1555"
"S1130","uses","T1140"
"S0147","uses","T1497"
"S0239","uses","T1059.003"
"S0477","uses","T1140"
"S0412","uses","T1136.001"
"S0015","uses","T1005"
"G1017","uses","T1588.006"
"M1028","mitigates","T1011.001"
"S1185","uses","T1046"
"S1179","uses","T1070.004"
"M1047","mitigates","T1653"
"S0402","uses","T1548.004"
"G1041","uses","T1027.004"
"S0367","uses","T1059.003"
"S1065","uses","T1016"
"S0538","uses","T1119"
"S0284","uses","T1553.002"
"S0612","uses","T1140"
"M1031","mitigates","T1071.004"
"S1111","uses","T1059.005"
"S0627","uses","T1057"
"S0604","uses","T1090.003"
"M1022","mitigates","T1574.009"
"G1054","uses","T1574.001"
"S1030","uses","T1560.003"
"G0016","uses","T1649"
"G0045","uses","T1083"
"G0046","uses","T1071.004"
"G1040","uses","T1518.001"
"S0520","uses","T1083"
"S1087","uses","T1105"
"T1589.002","subtechnique-of","T1589"
"G0105","uses","T1571"
"G1048","uses","T1190"
"S0268","uses","T1059.003"
"S1235","uses","T1074.001"
"G0068","uses","T1055"
"M1041","mitigates","T1020.001"
"G1004","uses","T1684.001"
"G0125","uses","T1199"
"S1081","uses","T1059.003"
"G0092","uses","T1059.001"
"G1032","uses","T1070.004"
"S1024","uses","T1041"
"G1054","uses","T1021.002"
"S0508","uses","T1572"
"S0589","uses","T1049"
"S9020","uses","T1083"
"S0198","uses","T1113"
"G0139","uses","T1685"
"S1022","uses","T1082"
"S0687","uses","T1105"
"S0332","uses","T1564"
"G0098","uses","S0696"
"S1233","uses","T1010"
"G1044","uses","T1583.003"
"S0374","uses","T1027.013"
"S1134","uses","T1531"
"S0132","uses","T1573.001"
"M1040","mitigates","T1559"
"G0059","uses","T1018"
"S0374","uses","T1049"
"S1200","uses","T1095"
"S0484","uses","T1106"
"S0444","uses","T1543.003"
"G1054","uses","T1071.002"
"S0013","uses","T1027.007"
"S1244","uses","T1059.001"
"G0100","uses","T1218.010"
"S0234","uses","T1059.006"
"S0439","uses","T1547.001"
"S0449","uses","T1070"
"S0483","uses","T1547.001"
"S0352","uses","T1005"
"M1051","mitigates","T1542.002"
"S0608","uses","T1046"
"S1016","uses","T1680"
"G0059","uses","T1112"
"G0059","uses","S1012"
"M1047","mitigates","T1666"
"S1106","uses","T1016"
"G0082","uses","T1106"
"S0467","uses","T1025"
"G0143","uses","T1021"
"G0067","uses","T1059.003"
"S0266","uses","T1083"
"M1041","mitigates","T1685.006"
"M1038","mitigates","T1574.012"
"G0112","uses","T1033"
"S0332","uses","T1083"
"S0447","uses","T1059.001"
"M1022","mitigates","T1565"
"S0596","uses","T1055"
"S0658","uses","T1486"
"S1060","uses","T1106"
"G0096","uses","T1090"
"G1015","uses","T1136"
"M1028","mitigates","T1036.007"
"S1102","uses","T1567.002"
"S0651","uses","T1016"
"S0046","uses","T1543.003"
"G0082","uses","S0607"
"S1060","uses","T1083"
"S0373","uses","T1564.004"
"S9019","uses","T1036.008"
"S0652","uses","T1071.001"
"T1574.014","subtechnique-of","T1574"
"G0016","uses","S0100"
"M1027","mitigates","T1558"
"G1043","uses","S0154"
"M1018","mitigates","T1648"
"T1180","revoked-by","T1546.002"
"S0239","uses","T1041"
"G0039","uses","T1553.002"
"G0140","uses","T1547.001"
"S0223","uses","T1059.007"
"S0658","uses","T1082"
"T1078.001","subtechnique-of","T1078"
"T1066","revoked-by","T1027.005"
"S0538","uses","T1005"
"G1003","uses","T1561.002"
"S0378","uses","T1134"
"S0107","uses","T1546.010"
"S0607","uses","T1036.004"
"S0482","uses","T1059.002"
"G0035","uses","T1105"
"M1031","mitigates","T1102.003"
"M1030","mitigates","T1021.006"
"S0409","uses","T1059.006"
"S0532","uses","T1685.005"
"S1246","uses","T1083"
"S0582","uses","T1083"
"S1230","uses","T1547.001"
"S1120","uses","T1059.006"
"G1036","uses","T1195.002"
"S0013","uses","T1140"
"S0280","uses","T1033"
"S0115","uses","T1059.003"
"G0007","uses","T1040"
"S0228","uses","T1547.001"
"G0004","uses","T1587.001"
"S9010","uses","T1518"
"M1018","mitigates","T1213.003"
"M1032","mitigates","T1110"
"S1246","uses","T1036"
"G0114","uses","T1588.002"
"S0359","uses","T1018"
"S0598","uses","T1213.006"
"S0635","uses","T1547.001"
"S1180","uses","T1480"
"G0131","uses","T1566.001"
"G0027","uses","T1027.002"
"S0248","uses","T1027.002"
"M1018","mitigates","T1613"
"S0512","uses","T1059.001"
"S0456","uses","T1105"
"S9033","uses","T1678"
"G0021","uses","T1059.007"
"G0096","uses","T1003.001"
"S0330","uses","T1059.003"
"S0588","uses","T1497.003"
"G0050","uses","T1016"
"S0456","uses","T1083"
"S0124","uses","T1027"
"G0082","uses","T1218.001"
"G1015","uses","T1490"
"S0453","uses","T1566.001"
"S0662","uses","T1095"
"S1238","uses","T1559.001"
"S1086","uses","T1497.001"
"G1011","uses","T1589.002"
"S0154","uses","T1132.001"
"S1123","uses","T1205.002"
"S0477","uses","T1574.001"
"G0046","uses","T1059.003"
"G0121","uses","T1566.001"
"S0138","uses","T1071.001"
"S1228","uses","T1205"
"G0125","uses","T1078.004"
"S0640","uses","T1027"
"G0060","uses","T1027.001"
"S0260","uses","T1564.003"
"T1021.008","subtechnique-of","T1021"
"S0045","uses","T1106"
"G1039","uses","T1218.011"
"S1026","uses","T1055.001"
"S0032","uses","T1573"
"S1167","uses","T1561.001"
"M1054","mitigates","T1555.005"
"S1207","uses","T1033"
"G0032","uses","T1529"
"S1031","uses","T1059.003"
"S0650","uses","T1091"
"G0108","uses","T1036.005"
"G0093","uses","S0590"
"M1028","mitigates","T1546.008"
"S0343","uses","T1036.004"
"S0240","uses","T1055"
"G0054","uses","T1135"
"G1015","uses","T1018"
"S0367","uses","T1566.001"
"S0616","uses","T1047"
"S0455","uses","T1685"
"G0030","uses","T1560.001"
"S1176","uses","T1564.001"
"G1013","uses","S1060"
"G0035","uses","T1133"
"G0071","uses","S0099"
"S1155","uses","T1218.005"
"G0022","uses","T1547.001"
"M1047","mitigates","T1574.007"
"G0069","uses","T1090.002"
"G0004","uses","T1071.001"
"S0660","uses","T1543.003"
"G1054","uses","S9023"
"S0534","uses","T1087.001"
"G0011","uses","S0002"
"M1047","mitigates","T1036.010"
"S1207","uses","T1082"
"S1159","uses","T1685.005"
"G0046","uses","S0416"
"G1034","uses","T1136.001"
"S0250","uses","T1005"
"S1207","uses","T1583.001"
"G1001","uses","T1057"
"S0666","uses","T1106"
"G0090","uses","T1218.010"
"S0181","uses","T1680"
"S1234","uses","T1083"
"M1040","mitigates","T1027"
"S0553","uses","T1105"
"S0274","uses","T1560.001"
"S1105","uses","T1140"
"S0088","uses","T1083"
"G0121","uses","T1036.005"
"S0679","uses","T1070.004"
"S0631","uses","T1059.007"
"S0137","uses","T1218.011"
"G0094","uses","T1583.006"
"S0263","uses","T1059.005"
"G1023","uses","T1049"
"S0659","uses","T1082"
"S1018","uses","T1036.005"
"G0091","uses","T1070.004"
"G0047","uses","T1583.001"
"G0071","uses","S0096"
"T1574.001","subtechnique-of","T1574"
"S0681","uses","T1620"
"G0007","uses","T1068"
"S1060","uses","T1622"
"S1105","uses","T1564.001"
"M1038","mitigates","T1546.008"
"S1239","uses","T1087"
"S1145","uses","T1027.009"
"G0061","uses","T1059.001"
"S0390","uses","T1053.005"
"S1248","uses","T1027.013"
"G0069","uses","S9037"
"M1047","mitigates","T1114.003"
"S0152","uses","T1547.001"
"S0132","uses","T1685"
"T1505.001","subtechnique-of","T1505"
"S0219","uses","T1007"
"S0222","uses","T1568.002"
"G0102","uses","T1489"
"G0082","uses","T1204.002"
"S0089","uses","T1547.001"
"G0094","uses","T1682"
"S0688","uses","T1490"
"G0077","uses","T1059.007"
"G0065","uses","T1041"
"S1234","uses","T1106"
"G0081","uses","T1082"
"S1087","uses","T1204.002"
"S0170","uses","T1119"
"S0528","uses","T1204.002"
"S0263","uses","T1543.003"
"S0533","uses","T1057"
"G0064","uses","T1059.001"
"S0670","uses","T1059.003"
"S0167","uses","T1218.011"
"G1039","uses","T1087.002"
"S0697","uses","T1543.003"
"S0575","uses","T1055.001"
"G0010","uses","S0039"
"S1060","uses","T1518.001"
"S0608","uses","T1685"
"S0585","uses","T1140"
"G0035","uses","T1003.004"
"M1057","mitigates","T1041"
"G1006","uses","T1543.003"
"S1085","uses","T1620"
"G0100","uses","T1573.001"
"S0638","uses","T1057"
"T1188","revoked-by","T1090.003"
"G0049","uses","T1003.005"
"S0260","uses","T1080"
"S1017","uses","T1570"
"G1048","uses","T1095"
"S0234","uses","T1070.004"
"S0279","uses","T1113"
"S1228","uses","T1016.001"
"S0583","uses","T1489"
"G0049","uses","T1027.013"
"S0213","uses","T1123"
"S0162","uses","T1071.001"
"G1030","uses","T1570"
"S0488","uses","T1069.002"
"G0135","uses","T1049"
"S0198","uses","T1547.015"
"S0283","uses","T1123"
"G0004","uses","T1059.003"
"G0106","uses","T1685.006"
"G0094","uses","T1083"
"S0601","uses","T1105"
"S0084","uses","T1041"
"G1051","uses","T1505.003"
"G0059","uses","S0192"
"S0458","uses","T1083"
"G1030","uses","S1133"
"G1009","uses","T1105"
"G0081","uses","T1518.001"
"S0587","uses","T1205.002"
"G0049","uses","S1172"
"G1023","uses","T1078.002"
"G0038","uses","T1005"
"S0190","uses","T1197"
"S9008","uses","T1059.001"
"G0012","uses","T1105"
"M1040","mitigates","T1027.009"
"S0455","uses","T1010"
"G0094","uses","T1564.003"
"S0658","uses","T1543.004"
"M1022","mitigates","T1569"
"S1074","uses","T1091"
"S0603","uses","T1124"
"S1229","uses","T1204.002"
"S0677","uses","T1087.004"
"G1017","uses","T1105"
"S0534","uses","T1685"
"M1032","mitigates","T1110.004"
"G0096","uses","T1684.001"
"S0330","uses","T1115"
"T1204.001","subtechnique-of","T1204"
"S0164","uses","T1059.003"
"S0343","uses","T1074.001"
"S0356","uses","T1573.001"
"S0266","uses","T1056.004"
"S0264","uses","T1053.005"
"T1546.017","subtechnique-of","T1546"
"S0124","uses","T1105"
"M1042","mitigates","T1218.009"
"S0439","uses","T1049"
"S0342","uses","T1056.001"
"S0692","uses","T1059.003"
"S0091","uses","T1016"
"S0587","uses","T1095"
"G0061","uses","S1085"
"M1054","mitigates","T1606"
"G0034","uses","S0607"
"S1022","uses","T1083"
"S9028","uses","T1027.013"
"S0223","uses","T1105"
"S0436","uses","T1016"
"S0530","uses","T1115"
"S1028","uses","T1083"
"S0568","uses","T1518.001"
"S0332","uses","T1123"
"S0332","uses","T1070.004"
"S0526","uses","T1059.001"
"M1018","mitigates","T1547.012"
"G0092","uses","T1566.001"
"G0010","uses","T1547.004"
"S0187","uses","T1573.001"
"S1149","uses","T1113"
"M1037","mitigates","T1557.002"
"S1091","uses","T1059.009"
"S0455","uses","T1033"
"G0046","uses","S0390"
"S1078","uses","T1036.005"
"S0612","uses","T1569.002"
"S0500","uses","T1105"
"S0263","uses","T1112"
"G1054","uses","T1190"
"S0665","uses","T1036.005"
"S0439","uses","T1560.003"
"S0561","uses","T1102"
"S9009","uses","T1005"
"S0154","uses","T1105"
"G1001","uses","T1056.001"
"G0100","uses","T1057"
"G0090","uses","T1105"
"S0011","uses","T1057"
"S0143","uses","T1218.011"
"S0224","uses","T1190"
"S0601","uses","T1552.005"
"S0268","uses","T1082"
"G0140","uses","T1218.011"
"S0559","uses","T1012"
"M1041","mitigates","T1602"
"S0531","uses","T1016"
"G0016","uses","T1087.004"
"S9002","uses","T1059.003"
"S1178","uses","T1686"
"M1026","mitigates","T1599.001"
"S0414","uses","T1016"
"S1133","uses","T1561.001"
"G0037","uses","T1110.002"
"S0084","uses","T1095"
"G1046","uses","T1566.003"
"T1484.001","subtechnique-of","T1484"
"S0262","uses","T1553.002"
"S0631","uses","T1185"
"S0666","uses","T1071.001"
"M1021","mitigates","T1567.002"
"S1245","uses","T1074.001"
"T1593.003","subtechnique-of","T1593"
"G1009","uses","T1190"
"G0125","uses","T1083"
"G1048","uses","S1219"
"S0259","uses","T1036.005"
"G0016","uses","S0562"
"S0641","uses","T1056"
"S0559","uses","T1518.001"
"G0102","uses","S0659"
"G0047","uses","T1568.001"
"T1055.004","subtechnique-of","T1055"
"S0622","uses","T1070.004"
"S0172","uses","T1680"
"G1016","uses","T1560.001"
"G0006","uses","S0123"
"M1042","mitigates","T1221"
"M1030","mitigates","T1048.001"
"S0366","uses","T1090.003"
"S9020","uses","T1033"
"S1202","uses","T1614.001"
"S0670","uses","T1021.005"
"S1025","uses","T1547.001"
"S9003","uses","T1016"
"G0126","uses","T1036.004"
"G0143","uses","T1082"
"M1037","mitigates","T1530"
"S1039","uses","T1053.005"
"G0128","uses","T1068"
"S0013","uses","T1564.003"
"S1248","uses","T1071.001"
"G1031","uses","S1018"
"S0230","uses","T1573.001"
"G1015","uses","T1069.002"
"G0046","uses","T1566.001"
"G0059","uses","S0186"
"S0274","uses","T1036.005"
"S0236","uses","T1016"
"G1035","uses","T1583.001"
"S0352","uses","T1560.003"
"S0448","uses","T1083"
"S0195","uses","T1485"
"G0080","uses","T1573.002"
"G0059","uses","T1482"
"S1060","uses","T1027.013"
"G1036","uses","T1569.002"
"S0053","uses","T1547.009"
"G0045","uses","S0152"
"S0240","uses","T1082"
"G1055","uses","T1125"
"S0640","uses","T1547.001"
"G1015","uses","T1059.001"
"G1008","uses","T1598.002"
"S0368","uses","T1218.011"
"S0265","uses","T1680"
"G0007","uses","S0161"
"S9023","uses","T1573.001"
"G0129","uses","T1059.007"
"G0047","uses","T1055"
"S0242","uses","T1614.001"
"G0083","uses","T1071.002"
"M1036","mitigates","T1110.003"
"G1006","uses","T1566.002"
"S0339","uses","T1123"
"S0534","uses","T1053.005"
"M1051","mitigates","T1137.003"
"S0233","uses","T1135"
"S0495","uses","T1041"
"S0151","uses","T1070.004"
"G0067","uses","T1566.001"
"G0032","uses","S0584"
"S0091","uses","T1007"
"S1073","uses","T1106"
"S1014","uses","T1140"
"G0006","uses","T1087.001"
"S0570","uses","T1007"
"S0050","uses","T1003.002"
"G0012","uses","T1547.001"
"S0699","uses","T1572"
"S0561","uses","T1547.001"
"S0697","uses","T1070.004"
"G0032","uses","T1124"
"G0082","uses","T1565.001"
"S0035","uses","T1083"
"M1026","mitigates","T1003.007"
"S0526","uses","T1555.004"
"S1148","uses","T1087.001"
"S1020","uses","T1036.003"
"S0145","uses","T1105"
"S0670","uses","T1221"
"S1193","uses","T1518.001"
"G0007","uses","T1137.002"
"S0604","uses","T1082"
"S0376","uses","T1124"
"T1584.001","subtechnique-of","T1584"
"T1070.001","revoked-by","T1685.005"
"G0069","uses","T1204.002"
"S0603","uses","T1553.002"
"S1064","uses","T1518"
"S0085","uses","T1547.001"
"M1056","mitigates","T1586"
"S0531","uses","T1106"
"G0035","uses","T1190"
"G1017","uses","T1552"
"S0696","uses","T1106"
"T1608.002","subtechnique-of","T1608"
"S0431","uses","T1518"
"S0184","uses","T1012"
"S0165","uses","T1135"
"S1130","uses","T1497.001"
"S0375","uses","T1059.005"
"T1110.003","subtechnique-of","T1110"
"G0059","uses","T1589"
"G1021","uses","T1080"
"S1013","uses","T1566.001"
"S1031","uses","T1140"
"S0587","uses","T1083"
"G1006","uses","T1560.001"
"S9036","uses","T1057"
"S0169","uses","T1543.003"
"S0030","uses","T1070.004"
"S1226","uses","T1027"
"S0461","uses","T1057"
"G1043","uses","T1567"
"S0409","uses","T1083"
"M1046","mitigates","T1505.006"
"S0517","uses","T1070.004"
"S0376","uses","T1055"
"G0065","uses","T1505.003"
"G0040","uses","S0129"
"S1044","uses","T1001"
"S0087","uses","T1027.013"
"G1035","uses","T1082"
"S0599","uses","T1609"
"S0263","uses","T1680"
"S1046","uses","T1036.005"
"T1574.008","subtechnique-of","T1574"
"G0139","uses","T1071"
"S0622","uses","T1113"
"G0010","uses","S0075"
"S1039","uses","T1204.002"
"G0096","uses","T1213.003"
"G0008","uses","S0029"
"S0466","uses","T1070.004"
"S0677","uses","T1003.004"
"M1022","mitigates","T1569.002"
"S1070","uses","T1106"
"G0099","uses","T1027.003"
"S1192","uses","T1573.002"
"S0458","uses","T1055.001"
"G0125","uses","T1003.003"
"S0669","uses","T1548.002"
"S0595","uses","T1620"
"M1053","mitigates","T1561.002"
"S0125","uses","T1033"
"S0216","uses","T1102.002"
"S0240","uses","T1010"
"G0096","uses","S0112"
"S0664","uses","T1553.006"
"T1598.003","subtechnique-of","T1598"
"S1090","uses","T1123"
"G1013","uses","T1588.002"
"S0394","uses","T1027.013"
"S0633","uses","T1548.002"
"G0027","uses","T1588.003"
"S1196","uses","T1573.001"
"G0098","uses","S0579"
"G0004","uses","T1078"
"G0019","uses","T1204.002"
"G1037","uses","T1027.009"
"G0064","uses","T1547.001"
"S0436","uses","T1204.001"
"S0128","uses","T1106"
"T1138","revoked-by","T1546.011"
"T1555.005","subtechnique-of","T1555"
"M1018","mitigates","T1543.003"
"G0040","uses","T1548.002"
"S0192","uses","T1134.001"
"S0570","uses","T1087.001"
"G1004","uses","T1003.003"
"G0114","uses","T1567.002"
"S0624","uses","T1574.001"
"S0330","uses","T1012"
"G0117","uses","S0508"
"S0240","uses","T1005"
"S0652","uses","T1518"
"S0642","uses","T1140"
"G0073","uses","T1132.001"
"S0022","uses","T1140"
"G1041","uses","T1685.006"
"G1048","uses","T1686"
"S0013","uses","T1120"
"G1022","uses","T1047"
"S0657","uses","T1124"
"G0069","uses","T1033"
"S1147","uses","T1070.004"
"T1555.006","subtechnique-of","T1555"
"G0032","uses","S0103"
"G1035","uses","T1059.003"
"S9034","uses","T1036.005"
"S0192","uses","T1560.001"
"S0635","uses","T1033"
"S0266","uses","T1007"
"M1027","mitigates","T1110"
"S1010","uses","T1561.001"
"S1184","uses","T1685"
"S0082","uses","T1027.001"
"S1111","uses","T1564.001"
"S0380","uses","T1561.001"
"S0260","uses","T1125"
"S0538","uses","T1008"
"G0060","uses","T1547.001"
"G0082","uses","T1005"
"S0263","uses","T1571"
"S0596","uses","T1082"
"S1145","uses","T1055.002"
"G1039","uses","T1566.002"
"S0168","uses","T1033"
"G0128","uses","T1218.007"
"G0037","uses","T1555"
"S0673","uses","T1027.004"
"S0201","uses","T1027"
"T1098.007","subtechnique-of","T1098"
"G0027","uses","S0660"
"G1048","uses","S1220"
"G0064","uses","S0039"
"S0274","uses","T1555.001"
"S0561","uses","T1497.003"
"S1228","uses","T1071.001"
"S0595","uses","T1518.001"
"S1037","uses","T1059.003"
"G0005","uses","S0003"
"S0413","uses","T1087.003"
"T1480.001","subtechnique-of","T1480"
"G0041","uses","T1564.005"
"S1228","uses","T1007"
"S0167","uses","T1053.005"
"S1222","uses","T1071.001"
"S0603","uses","T1135"
"S1040","uses","T1560.001"
"S0216","uses","T1057"
"S1153","uses","T1543.001"
"G0085","uses","T1071.001"
"G0007","uses","S0136"
"G0065","uses","S0228"
"G0114","uses","T1070.006"
"S0417","uses","T1053.005"
"S1138","uses","T1105"
"S0126","uses","T1027.009"
"G1024","uses","T1133"
"G0022","uses","T1021.001"
"S1102","uses","T1574.001"
"S1200","uses","T1685"
"G0009","uses","T1047"
"S0187","uses","T1036.005"
"G0032","uses","T1036.004"
"S1044","uses","T1560.003"
"S9008","uses","T1552.005"
"S0681","uses","T1588.002"
"G0077","uses","S0029"
"S1218","uses","T1505.006"
"S1160","uses","T1027.013"
"S1213","uses","T1553.002"
"S0198","uses","T1016"
"S1230","uses","T1204.002"
"S0531","uses","T1568.002"
"G1048","uses","T1059.004"
"M1027","mitigates","T1555.003"
"S0187","uses","T1056.001"
"S0501","uses","T1140"
"G1041","uses","T1059.004"
"G0064","uses","S0192"
"S0622","uses","T1204.002"
"S0168","uses","T1564.004"
"S1239","uses","T1480.002"
"G1046","uses","T1566.002"
"S0586","uses","T1008"
"S0093","uses","T1033"
"G0121","uses","T1204.001"
"G0125","uses","T1098"
"S0444","uses","T1135"
"G0035","uses","T1135"
"S0091","uses","T1518.001"
"S0164","uses","T1070.006"
"G0007","uses","S0251"
"S1217","uses","T1571"
"S0140","uses","T1529"
"G0047","uses","T1120"
"S0377","uses","T1574.006"
"S1198","uses","T1082"
"S0492","uses","T1027.010"
"G0096","uses","T1197"
"G1046","uses","T1087.002"
"S1081","uses","T1071.002"
"S0117","uses","T1090"
"G0117","uses","T1021.001"
"M1022","mitigates","T1037"
"G1017","uses","S0096"
"S1239","uses","T1033"
"G1051","uses","S0029"
"S0428","uses","T1059.006"
"S0447","uses","T1016"
"S0586","uses","T1070.004"
"S1026","uses","T1082"
"S1129","uses","T1057"
"G0049","uses","S1168"
"G0007","uses","T1528"
"G0052","uses","T1588.002"
"S0666","uses","T1059.003"
"G0032","uses","T1070.006"
"G0047","uses","T1041"
"G0060","uses","T1059.001"
"M1051","mitigates","T1190"
"G0126","uses","T1016"
"M1018","mitigates","T1213.006"
"S0528","uses","T1566.001"
"G0129","uses","T1059.001"
"S0192","uses","T1547.001"
"M1018","mitigates","T1556"
"S0530","uses","T1204.001"
"S1180","uses","T1140"
"G0131","uses","T1210"
"G0129","uses","S0662"
"G1001","uses","T1518"
"G0049","uses","T1069.001"
"G0032","uses","T1070.003"
"T1162","revoked-by","T1547.011"
"M1047","mitigates","T1649"
"S1040","uses","T1048.002"
"G0034","uses","T1585.002"
"S1237","uses","T1574.001"
"G0064","uses","S0363"
"G0051","uses","T1078"
"G1052","uses","T1059.005"
"S0179","uses","T1003.007"
"S1219","uses","T1547.006"
"G1044","uses","T1573.002"
"T1504","revoked-by","T1546.013"
"G0064","uses","T1078"
"S1150","uses","T1083"
"S1042","uses","T1071.001"
"G0010","uses","T1553.006"
"S9035","uses","T1007"
"G0059","uses","T1078.002"
"S0367","uses","T1087.003"
"S0281","uses","T1547.015"
"S0348","uses","T1008"
"G0095","uses","T1218.007"
"M1018","mitigates","T1528"
"S1135","uses","T1053.005"
"S0519","uses","T1556.004"
"G1003","uses","T1203"
"S1201","uses","T1205"
"S1141","uses","T1090"
"M1056","mitigates","T1588"
"S1183","uses","T1105"
"S0148","uses","T1083"
"S1053","uses","T1135"
"S0639","uses","T1486"
"S0258","uses","T1140"
"S0269","uses","T1059.001"
"G0010","uses","T1566.002"
"S0438","uses","T1070.004"
"M1026","mitigates","T1134.001"
"G0016","uses","S0357"
"G0059","uses","T1566.003"
"S0066","uses","T1070.006"
"G1003","uses","S1040"
"S0649","uses","T1059.001"
"S1230","uses","T1564.001"
"S0332","uses","T1057"
"G0117","uses","T1102"
"G1012","uses","T1566.001"
"S0504","uses","T1070.004"
"G0114","uses","T1018"
"S1050","uses","T1112"
"S0603","uses","T1078.002"
"S0385","uses","T1057"
"G0045","uses","T1036.005"
"G0019","uses","T1574.001"
"T1483","revoked-by","T1568.002"
"G1015","uses","T1555.005"
"S0274","uses","T1564.001"
"S1081","uses","T1047"
"S9025","uses","T1574.001"
"S0154","uses","T1021.002"
"T1073","revoked-by","T1574.002"
"M1048","mitigates","T1203"
"S0244","uses","T1547.001"
"G0099","uses","T1059.005"
"S0493","uses","T1027.013"
"G0035","uses","S0093"
"G1002","uses","T1203"
"S0658","uses","T1647"
"S1099","uses","T1036.005"
"S0697","uses","T1489"
"G0030","uses","T1046"
"G1039","uses","T1552.002"
"S1245","uses","T1555.005"
"S1039","uses","T1059.001"
"S0182","uses","T1140"
"G1026","uses","T1555"
"G0065","uses","T1021.001"
"S0669","uses","T1027.010"
"G0027","uses","T1047"
"S0367","uses","T1027.002"
"G1015","uses","T1567.002"
"S0356","uses","T1083"
"S0153","uses","T1083"
"S0238","uses","T1016"
"S0110","uses","T1053.002"
"S0011","uses","T1027.013"
"S1244","uses","T1124"
"M1021","mitigates","T1059"
"S0572","uses","T1105"
"S0689","uses","T1036"
"S0154","uses","T1218.011"
"G0096","uses","T1012"
"S0147","uses","T1218.005"
"S0650","uses","T1132.001"
"S0271","uses","T1112"
"S0458","uses","T1204.002"
"G1034","uses","T1553.002"
"S0253","uses","T1115"
"S0220","uses","T1104"
"M1017","mitigates","T1566.002"
"S1091","uses","T1530"
"S0476","uses","T1087.002"
"S0099","uses","T1016"
"S1245","uses","T1071.001"
"S1011","uses","T1564"
"S0650","uses","T1059.005"
"M1031","mitigates","T1090"
"G1024","uses","T1027.001"
"S0251","uses","T1132.001"
"S0089","uses","T1485"
"G1017","uses","T1078.002"
"G0117","uses","T1039"
"S0679","uses","T1112"
"S9032","uses","T1059.001"
"S1087","uses","T1057"
"G1033","uses","T1114.003"
"S0382","uses","T1053.005"
"S0348","uses","T1071.001"
"S0072","uses","T1071.001"
"G0080","uses","T1543.003"
"S0513","uses","T1033"
"G0065","uses","S0229"
"S0659","uses","T1105"
"S1239","uses","T1106"
"G0069","uses","T1219.002"
"S0460","uses","T1033"
"S0496","uses","T1069.002"
"S1228","uses","T1124"
"G1052","uses","T1480"
"S0150","uses","T1070.006"
"G0047","uses","T1090.003"
"G0060","uses","T1059.003"
"G0050","uses","T1027.016"
"S0670","uses","T1095"
"G1043","uses","T1055"
"S0048","uses","T1555.003"
"T1003.005","subtechnique-of","T1003"
"S1078","uses","T1559"
"S0375","uses","T1113"
"S0447","uses","T1070.004"
"S0045","uses","T1573.002"
"S0632","uses","T1001.001"
"M1016","mitigates","T1195"
"S0650","uses","T1082"
"G1054","uses","T1036.008"
"T1016.001","subtechnique-of","T1016"
"S0264","uses","T1027.002"
"M1031","mitigates","T1219"
"S0148","uses","T1027"
"S1203","uses","T1040"
"G1036","uses","T1583.001"
"G1001","uses","T1059.005"
"S1245","uses","T1560.001"
"G1012","uses","S1152"
"S0677","uses","T1556.006"
"S0381","uses","T1005"
"M1056","mitigates","T1596.003"
"G1002","uses","T1583.001"
"S0491","uses","T1547.001"
"S1017","uses","T1071.001"
"S0453","uses","T1087.001"
"S0022","uses","T1055.001"
"S0363","uses","T1003.001"
"S0534","uses","T1102"
"S0484","uses","T1055.001"
"G1017","uses","T1005"
"S1172","uses","T1033"
"M1030","mitigates","T1136.002"
"T1053.005","subtechnique-of","T1053"
"S1153","uses","T1059.002"
"S0211","uses","T1005"
"T1558.002","subtechnique-of","T1558"
"G0045","uses","S0404"
"M1047","mitigates","T1114"
"S1088","uses","T1053.005"
"S0151","uses","T1082"
"G0029","uses","T1036.002"
"G0142","uses","T1083"
"S0680","uses","T1041"
"G0045","uses","S0357"
"S1164","uses","T1546"
"S0187","uses","T1071.001"
"M1020","mitigates","T1573"
"S9003","uses","T1598.003"
"S1202","uses","T1120"
"S1197","uses","T1036.005"
"M1018","mitigates","T1490"
"G0129","uses","S0590"
"S1230","uses","T1574.001"
"S0596","uses","T1680"
"G1054","uses","T1003.003"
"S0074","uses","T1543.003"
"G0102","uses","S0039"
"G1043","uses","T1021.002"
"M1037","mitigates","T1048.002"
"G0047","uses","T1053.005"
"S1063","uses","T1095"
"S0670","uses","T1083"
"M1040","mitigates","T1137.003"
"S0534","uses","T1036.007"
"G1039","uses","T1070.004"
"G0034","uses","T1102.002"
"S0476","uses","T1087.001"
"S1167","uses","T1083"
"S0612","uses","T1027.013"
"G0081","uses","T1140"
"S1022","uses","T1087.002"
"S0455","uses","T1036.005"
"S0257","uses","T1105"
"S0697","uses","T1561.001"
"S1168","uses","T1567"
"S0610","uses","T1082"
"S0203","uses","T1134"
"G0060","uses","S0111"
"G0007","uses","T1110.003"
"S0512","uses","T1573.001"
"S9007","uses","T1070.004"
"M1030","mitigates","T1040"
"S9025","uses","T1564"
"M1029","mitigates","T1070.008"
"S1071","uses","T1558.001"
"S1149","uses","T1548.002"
"S0187","uses","T1003.001"
"S1066","uses","T1112"
"S0115","uses","T1095"
"S1242","uses","T1688"
"G0037","uses","T1095"
"S0198","uses","T1071.001"
"G0054","uses","T1036.005"
"S0444","uses","T1005"
"S0583","uses","T1490"
"S0443","uses","T1560.003"
"G0139","uses","T1098.004"
"G0002","uses","S0012"
"G0040","uses","T1059.001"
"G0129","uses","S0012"
"G0129","uses","T1027.016"
"S0603","uses","T1106"
"G0049","uses","T1552.001"
"S0482","uses","T1059.007"
"G0004","uses","T1583.005"
"S0022","uses","T1205"
"S1063","uses","T1105"
"G1047","uses","T1078.003"
"M1026","mitigates","T1003.006"
"S1122","uses","T1573.002"
"G0046","uses","S0681"
"G0001","uses","T1566"
"G0102","uses","S0363"
"G0087","uses","S0095"
"S0622","uses","T1074.001"
"G1048","uses","T1205"
"S0673","uses","T1053.005"
"G0135","uses","T1120"
"G0018","uses","S0104"
"S0239","uses","T1680"
"S9008","uses","T1082"
"G0099","uses","T1568"
"S0240","uses","T1204.002"
"S0080","uses","T1105"
"G1003","uses","T1036.005"
"G1016","uses","T1140"
"S1100","uses","T1071.001"
"G1043","uses","T1078.002"
"S0125","uses","T1652"
"G0047","uses","S0097"
"S0048","uses","T1005"
"S0583","uses","T1036.005"
"S1130","uses","T1070.009"
"S0148","uses","T1518.001"
"S0348","uses","T1112"
"G0087","uses","T1036.005"
"S0588","uses","T1497.001"
"S0615","uses","T1055.001"
"G0007","uses","T1204.001"
"S0186","uses","T1071.001"
"G1043","uses","T1547.001"
"S0009","uses","T1090.001"
"G0060","uses","T1105"
"S0271","uses","T1573.001"
"S0543","uses","T1041"
"G0092","uses","T1106"
"G1054","uses","T1560.001"
"S0364","uses","T1485"
"S0106","uses","T1070.004"
"G0026","uses","T1071.001"
"S0240","uses","T1567.002"
"G0061","uses","S0029"
"S0198","uses","T1055.012"
"S0662","uses","T1082"
"S0125","uses","T1071.001"
"S1085","uses","T1573.002"
"S1160","uses","T1547.001"
"S0234","uses","T1573.001"
"S0140","uses","T1486"
"S0141","uses","T1027.013"
"S0013","uses","T1041"
"G1032","uses","T1078"
"S0567","uses","T1560"
"S9019","uses","T1055"
"S0692","uses","T1010"
"S0372","uses","T1570"
"S0569","uses","T1564.001"
"S1160","uses","T1497.001"
"G0045","uses","S0624"
"G0007","uses","T1133"
"S0466","uses","T1048.003"
"S9032","uses","T1059"
"G0125","uses","T1136.002"
"G1031","uses","T1027.002"
"S0454","uses","T1082"
"S1111","uses","T1529"
"G0094","uses","T1027.015"
"S1070","uses","T1529"
"S0084","uses","T1055"
"S0238","uses","T1124"
"S0647","uses","T1059.003"
"S0409","uses","T1082"
"G0045","uses","T1560"
"G0034","uses","T1490"
"S0607","uses","T1134"
"S1025","uses","T1140"
"G0131","uses","T1059.001"
"S0465","uses","T1027"
"G0059","uses","T1560.001"
"S9010","uses","T1105"
"S1130","uses","T1071"
"S9034","uses","T1218.007"
"S1196","uses","T1070.004"
"S1112","uses","T1140"
"S1213","uses","T1217"
"G1022","uses","S1099"
"S0192","uses","T1003.005"
"M1018","mitigates","T1036.010"
"S0471","uses","T1105"
"S0182","uses","T1057"
"G0102","uses","T1566.002"
"S0673","uses","T1518.001"
"S1130","uses","T1548.002"
"G0083","uses","S0198"
"G0090","uses","T1027.015"
"S0445","uses","T1020"
"S9035","uses","T1102.002"
"S0165","uses","T1016"
"S0078","uses","T1070.006"
"S0217","uses","T1113"
"S0045","uses","T1041"
"S0050","uses","T1020"
"S1158","uses","T1027.009"
"S1070","uses","T1036.005"
"M1035","mitigates","T1609"
"S0589","uses","T1070"
"S0270","uses","T1082"
"S1148","uses","T1539"
"S1090","uses","T1074.001"
"S0076","uses","T1001.003"
"S1111","uses","T1001"
"S0339","uses","T1564.001"
"G0065","uses","S0154"
"G0131","uses","T1068"
"S0241","uses","T1105"
"S1198","uses","T1069.001"
"S0266","uses","T1105"
"G0049","uses","T1057"
"S1099","uses","T1090"
"S1135","uses","T1070.006"
"S0488","uses","T1059.001"
"G1037","uses","T1586.002"
"G1048","uses","S1222"
"S1022","uses","T1573.001"
"S0344","uses","T1016"
"S0004","uses","T1056.001"
"S9030","uses","T1053.005"
"S0662","uses","T1027.011"
"S1135","uses","T1561.002"
"S1100","uses","T1027.015"
"S0559","uses","T1033"
"S0083","uses","T1614.001"
"S0654","uses","T1068"
"S1141","uses","T1030"
"G0022","uses","S0063"
"G1040","uses","T1133"
"G0032","uses","S0520"
"M1057","mitigates","T1025"
"S1134","uses","T1561.002"
"S1149","uses","T1070.006"
"G0135","uses","T1095"
"S0030","uses","T1132.001"
"G0054","uses","T1003"
"S0428","uses","T1113"
"G0069","uses","S0592"
"G0119","uses","T1105"
"G1038","uses","T1583.006"
"S1085","uses","T1027"
"S0261","uses","T1010"
"G0096","uses","T1083"
"S1073","uses","T1095"
"T1086","revoked-by","T1059.001"
"S0284","uses","T1218.010"
"S0021","uses","T1125"
"T1562.012","revoked-by","T1685.004"
"S9018","uses","T1027.001"
"S0359","uses","T1016"
"S0439","uses","T1056.001"
"S1202","uses","T1486"
"S0495","uses","T1008"
"S1088","uses","T1204.002"
"S1159","uses","T1082"
"S1199","uses","T1486"
"G0122","uses","T1588.002"
"S1013","uses","T1033"
"S0154","uses","T1071.002"
"G1039","uses","T1547.001"
"S0458","uses","T1059.005"
"S0347","uses","T1140"
"S1130","uses","T1027"
"G0034","uses","S0039"
"S0141","uses","T1140"
"G0046","uses","T1608.001"
"S0527","uses","T1497.001"
"S1025","uses","T1033"
"S1160","uses","T1566.002"
"T1496.003","subtechnique-of","T1496"
"G0117","uses","S0029"
"S0058","uses","T1685"
"S1240","uses","T1027.010"
"S1068","uses","T1561.001"
"G0040","uses","T1598.003"
"S0579","uses","T1057"
"G0129","uses","S1232"
"S0250","uses","T1573.002"
"S0182","uses","T1518.001"
"G0035","uses","T1110"
"G0016","uses","S0154"
"G0075","uses","T1546.003"
"S0366","uses","T1573.002"
"M1054","mitigates","T1553"
"S0024","uses","T1055"
"S0386","uses","T1047"
"G0050","uses","S0155"
"S1190","uses","T1106"
"S0575","uses","T1080"
"S0331","uses","T1112"
"G0082","uses","T1059.001"
"S1122","uses","T1115"
"G1047","uses","T1036.005"
"S0267","uses","T1033"
"S0527","uses","T1027.002"
"G0087","uses","T1071.001"
"S1081","uses","T1548.002"
"G0139","uses","T1583.001"
"S0534","uses","T1140"
"S0051","uses","T1071.001"
"T1562.010","revoked-by","T1689"
"G1003","uses","S0521"
"S0154","uses","T1059.006"
"M1017","mitigates","T1684"
"S0202","uses","T1059.003"
"G0016","uses","T1098.002"
"G0034","uses","T1583.001"
"S0647","uses","T1082"
"T1131","revoked-by","T1547.002"
"S0265","uses","T1087.001"
"G1034","uses","T1012"
"S0089","uses","T1574.010"
"S9034","uses","T1140"
"G0126","uses","S0032"
"S0334","uses","T1056.001"
"S0669","uses","T1059.005"
"G0091","uses","S0195"
"S0447","uses","T1204.002"
"S1075","uses","T1566.001"
"G0037","uses","T1078"
"G0016","uses","S0139"
"G0079","uses","T1059.001"
"G0139","uses","T1059.009"
"T1546.014","subtechnique-of","T1546"
"S0044","uses","T1055"
"M1047","mitigates","T1606"
"S0194","uses","T1555.004"
"G1022","uses","S1100"
"T1144","revoked-by","T1553.001"
"S0667","uses","T1005"
"M1021","mitigates","T1218"
"S1042","uses","T1204.002"
"S1099","uses","T1059.003"
"S0603","uses","T1570"
"S9015","uses","T1083"
"S0330","uses","T1055.002"
"G0091","uses","T1566.001"
"S0027","uses","T1014"
"S1140","uses","T1095"
"G0040","uses","T1105"
"G0007","uses","T1102.002"
"M1013","mitigates","T1564.009"
"S0260","uses","T1518.001"
"G0138","uses","T1027.003"
"S0105","uses","T1482"
"S0242","uses","T1057"
"S0663","uses","T1016"
"S0377","uses","T1129"
"G0099","uses","T1564.003"
"S1245","uses","T1547.001"
"G0138","uses","S0032"
"S1169","uses","T1106"
"G1053","uses","T1552.004"
"S0658","uses","T1027.013"
"S1065","uses","T1203"
"S0448","uses","T1012"
"G0010","uses","S0537"
"M1047","mitigates","T1552.001"
"S0330","uses","T1082"
"S1178","uses","T1480"
"G1054","uses","T1221"
"S0484","uses","T1082"
"S0011","uses","T1204.002"
"S0050","uses","T1005"
"G0022","uses","T1057"
"G0032","uses","T1574.001"
"G1024","uses","T1685"
"M1026","mitigates","T1556"
"G0049","uses","T1555.003"
"S9019","uses","T1564.003"
"G0117","uses","T1078"
"G0044","uses","T1083"
"G0099","uses","T1571"
"G1017","uses","T1006"
"M1056","mitigates","T1592.003"
"S0696","uses","T1566.001"
"G0027","uses","T1071.001"
"S0154","uses","T1047"
"S0401","uses","T1027.013"
"S0692","uses","T1021.006"
"S1078","uses","T1057"
"G0047","uses","S0075"
"S1064","uses","T1497.003"
"S0061","uses","T1046"
"S0477","uses","T1041"
"S0486","uses","T1105"
"G0094","uses","T1053.005"
"M1054","mitigates","T1606.001"
"G0126","uses","T1059.003"
"G0065","uses","T1584.008"
"S1227","uses","T1090.001"
"G1011","uses","T1608.001"
"S0415","uses","T1129"
"S1172","uses","T1074.001"
"S0401","uses","T1059.004"
"S0182","uses","T1082"
"S0264","uses","T1124"
"S1120","uses","T1001"
"S1211","uses","T1105"
"S1183","uses","T1480.002"
"G1047","uses","T1021.002"
"S0486","uses","T1033"
"S1188","uses","T1070.004"
"G0035","uses","T1021.001"
"S0260","uses","T1547.009"
"S0330","uses","T1547.001"
"G0094","uses","T1033"
"S0022","uses","T1057"
"G0035","uses","T1187"
"S1181","uses","T1569.002"
"G1007","uses","S1027"
"S1063","uses","T1027.007"
"G0016","uses","S0039"
"S0697","uses","T1569.002"
"G0050","uses","T1049"
"G0050","uses","T1564.003"
"S0233","uses","T1046"
"M1017","mitigates","T1552.008"
"M1038","mitigates","T1546.009"
"S0520","uses","T1566.001"
"S0128","uses","T1074.001"
"G0050","uses","T1027.013"
"S1042","uses","T1071.003"
"S0460","uses","T1071.001"
"S0604","uses","T1499.004"
"S1213","uses","T1539"
"G0094","uses","T1480.002"
"S0147","uses","T1053.005"
"G1049","uses","T1566"
"S0077","uses","T1041"
"G0094","uses","T1036.005"
"G0034","uses","S0378"
"S1125","uses","T1083"
"S1018","uses","T1083"
"S0664","uses","T1055"
"S0176","uses","T1068"
"M1019","mitigates","T1212"
"S0274","uses","T1074.001"
"S0546","uses","T1614.001"
"S1145","uses","T1480.001"
"S1242","uses","T1685"
"S0661","uses","T1620"
"G1015","uses","T1598.004"
"S0038","uses","T1016"
"S0350","uses","T1059.003"
"S1050","uses","T1106"
"G1021","uses","S0154"
"S0260","uses","T1574.001"
"G1015","uses","T1074"
"G0007","uses","T1001.001"
"S0092","uses","T1016"
"S0603","uses","T1053.005"
"M1032","mitigates","T1110.002"
"S1180","uses","T1021.002"
"G1054","uses","S0097"
"S9003","uses","T1001"
"S0337","uses","T1005"
"S0266","uses","T1055"
"G1054","uses","T1556.002"
"S1210","uses","T1480"
"M1056","mitigates","T1583.008"
"S0141","uses","T1071.001"
"S1131","uses","T1552"
"S0269","uses","T1008"
"G0052","uses","S0164"
"M1021","mitigates","T1567.001"
"M1049","mitigates","T1036"
"T1547.002","subtechnique-of","T1547"
"G0129","uses","T1070.006"
"G1055","uses","T1572"
"S0698","uses","T1027.013"
"T1059.009","subtechnique-of","T1059"
"S9021","uses","T1055"
"G1037","uses","T1204.001"
"G0027","uses","T1070.005"
"S0154","uses","T1003.002"
"S0498","uses","T1105"
"G1008","uses","S1028"
"S1141","uses","T1559"
"G1051","uses","T1529"
"T1548.006","subtechnique-of","T1548"
"G0050","uses","T1056.001"
"S1016","uses","T1553.001"
"G1043","uses","T1480"
"S0666","uses","T1036.001"
"M1027","mitigates","T1601.002"
"S1232","uses","T1543.003"
"G0125","uses","T1071.001"
"M1038","mitigates","T1176"
"S0441","uses","T1564.003"
"T1027.002","subtechnique-of","T1027"
"S1115","uses","T1071.001"
"G0119","uses","S0570"
"G1039","uses","T1555.003"
"G0050","uses","T1589.002"
"G0004","uses","T1547.001"
"M1040","mitigates","T1546.003"
"S0492","uses","T1059.004"
"S0137","uses","T1547.001"
"M1039","mitigates","T1070.003"
"G0007","uses","T1685.005"
"S0404","uses","T1005"
"S0690","uses","T1036.005"
"S0526","uses","T1074.001"
"S0449","uses","T1489"
"S0546","uses","T1047"
"S0650","uses","T1047"
"S1081","uses","T1055.004"
"S1100","uses","T1070.006"
"S0472","uses","T1016"
"G1006","uses","T1583.004"
"S0339","uses","T1047"
"S0660","uses","T1033"
"S0588","uses","T1041"
"G0117","uses","T1046"
"S1090","uses","T1112"
"S0681","uses","T1016"
"M1033","mitigates","T1195"
"S1213","uses","T1573.002"
"S1081","uses","T1134.001"
"S0498","uses","T1095"
"S0663","uses","T1027.002"
"S1078","uses","T1119"
"S0398","uses","T1070.004"
"S0599","uses","T1105"
"M1018","mitigates","T1053.006"
"S0336","uses","T1547.001"
"T1564.004","subtechnique-of","T1564"
"S0495","uses","T1001"
"S0538","uses","T1074.001"
"S0584","uses","T1204.002"
"M1026","mitigates","T1021.007"
"S0360","uses","T1105"
"S1015","uses","T1070.004"
"S0526","uses","T1518"
"S9009","uses","T1078.004"
"S0435","uses","T1057"
"S0263","uses","T1059.003"
"S0526","uses","T1680"
"G1015","uses","S1068"
"S0692","uses","T1547.001"
"S9038","uses","T1678"
"S9031","uses","T1057"
"S1035","uses","T1102.002"
"S0454","uses","T1113"
"S0009","uses","T1005"
"S0441","uses","T1560.001"
"G0047","uses","T1027"
"S0630","uses","T1083"
"S0098","uses","T1113"
"M1053","mitigates","T1561"
"S0453","uses","T1110.001"
"S0154","uses","T1134.003"
"G1012","uses","T1059.001"
"S1131","uses","T1056"
"M1038","mitigates","T1068"
"S0044","uses","T1218.011"
"G0136","uses","T1566.001"
"G1054","uses","T1047"
"G0046","uses","T1008"
"S0412","uses","T1499"
"S1130","uses","T1218.007"
"S0457","uses","T1569.002"
"S9020","uses","T1027"
"G1023","uses","T1036.005"
"S0277","uses","T1083"
"T1036.009","subtechnique-of","T1036"
"G0114","uses","T1589.001"
"G0128","uses","T1105"
"S1240","uses","T1059.003"
"S1187","uses","T1021.002"
"G1044","uses","T1047"
"S1147","uses","T1033"
"S0236","uses","T1201"
"S0377","uses","T1553.002"
"S0367","uses","T1055.012"
"S9011","uses","T1620"
"S0674","uses","T1113"
"S0595","uses","T1106"
"S0698","uses","T1218.011"
"S0260","uses","T1046"
"S0331","uses","T1055.012"
"M1022","mitigates","T1685.005"
"S0365","uses","T1021.002"
"T1564.007","subtechnique-of","T1564"
"S0554","uses","T1219"
"G1004","uses","T1555.005"
"G1015","uses","T1078.004"
"G1023","uses","S0032"
"S0491","uses","T1057"
"S0658","uses","T1083"
"S0089","uses","T1016"
"T1213.001","subtechnique-of","T1213"
"S0357","uses","T1003.004"
"S0658","uses","T1059.004"
"G1003","uses","T1552.001"
"G1053","uses","T1036.004"
"T1137.003","subtechnique-of","T1137"
"G1040","uses","T1588.002"
"S0584","uses","T1027"
"M1040","mitigates","T1003.001"
"S9016","uses","T1106"
"G1017","uses","T1012"
"G0006","uses","T1566.001"
"M1026","mitigates","T1601"
"S1239","uses","T1205"
"S0201","uses","T1007"
"S0673","uses","T1056.001"
"S0488","uses","T1016"
"T1079","revoked-by","T1573"
"S0154","uses","T1203"
"S9037","uses","T1036.005"
"G0143","uses","T1218.011"
"S1148","uses","T1140"
"S0450","uses","T1082"
"S1027","uses","T1120"
"T1053.006","subtechnique-of","T1053"
"S0455","uses","T1105"
"S0344","uses","T1083"
"G0125","uses","T1018"
"G0037","uses","T1573.002"
"M1021","mitigates","T1127.002"
"S1050","uses","T1055"
"G0032","uses","T1686.003"
"G0106","uses","T1552.004"
"G0094","uses","T1132.002"
"S1242","uses","T1018"
"G0143","uses","T1685.005"
"G0006","uses","S0006"
"S0091","uses","T1680"
"G1035","uses","T1204.001"
"S1183","uses","T1082"
"G0045","uses","T1059.003"
"S0094","uses","T1059.003"
"S0238","uses","T1059.003"
"S0013","uses","T1106"
"G0027","uses","S0006"
"S0677","uses","T1651"
"S0168","uses","T1027.013"
"S1063","uses","T1497.003"
"G0106","uses","T1070.004"
"S0640","uses","T1016"
"G0142","uses","T1547.001"
"S9026","uses","T1574.001"
"S1183","uses","T1552.001"
"G0082","uses","T1053.003"
"S0410","uses","T1036.005"
"S1109","uses","T1083"
"G0115","uses","T1059.001"
"G1006","uses","T1049"
"S0694","uses","T1027"
"S1018","uses","T1574"
"T1574.011","subtechnique-of","T1574"
"S0271","uses","T1070.004"
"S0348","uses","T1547.001"
"S0330","uses","T1056.001"
"S0375","uses","T1083"
"S0599","uses","T1057"
"S1026","uses","T1027.002"
"S0428","uses","T1140"
"G0143","uses","T1078.002"
"T1127.003","subtechnique-of","T1127"
"S1245","uses","T1005"
"G0102","uses","T1018"
"S0527","uses","T1070"
"G1055","uses","T1587.001"
"S0113","uses","T1074.001"
"S0633","uses","T1132.001"
"G0127","uses","T1218.005"
"S0446","uses","T1036"
"M1021","mitigates","T1567.003"
"G0046","uses","T1558.003"
"S0603","uses","T1021"
"M1047","mitigates","T1548.006"
"S0265","uses","T1074.001"
"M1052","mitigates","T1574.010"
"S0249","uses","T1518.001"
"G0022","uses","T1095"
"S0083","uses","T1027.002"
"S0239","uses","T1070"
"M1032","mitigates","T1021"
"M1042","mitigates","T1559.002"
"S0018","uses","T1055.001"
"G0094","uses","T1593.002"
"G0033","uses","T1036.005"
"G1016","uses","T1556"
"G1001","uses","S0002"
"S0187","uses","T1560"
"G0016","uses","S1084"
"S0660","uses","T1059.001"
"G0081","uses","T1049"
"S0142","uses","T1518.001"
"M1017","mitigates","T1204.001"
"G0027","uses","T1021.006"
"S0589","uses","T1027.011"
"G0117","uses","T1546.008"
"G0034","uses","T1140"
"G0016","uses","T1078.003"
"G0016","uses","S0037"
"S0015","uses","T1033"
"S1116","uses","T1132.001"
"S1013","uses","T1005"
"G0069","uses","T1041"
"G0082","uses","T1566.001"
"G0050","uses","T1218.010"
"S1112","uses","T1071.001"
"S1012","uses","T1140"
"S0579","uses","T1106"
"G0074","revoked-by","G0035"
"S0622","uses","T1560.001"
"G0035","uses","S0002"
"S0454","uses","T1120"
"S1239","uses","T1059.003"
"S0017","uses","T1056.001"
"G0047","uses","T1057"
"G1051","uses","T1518.001"
"S0552","uses","T1018"
"S0260","uses","T1204.002"
"S0501","uses","T1106"
"T1053.007","subtechnique-of","T1053"
"S0568","uses","T1218.010"
"G0045","uses","T1005"
"M1018","mitigates","T1574.005"
"G0053","uses","S0169"
"S0497","uses","T1564.001"
"S1246","uses","T1070.004"
"S1164","uses","T1059.006"
"S1242","uses","T1566.001"
"S1228","uses","T1049"
"G0050","uses","T1068"
"S9015","uses","T1090.001"
"S0638","uses","T1680"
"S1099","uses","T1071.001"
"S0266","uses","T1090.002"
"S1207","uses","T1027.002"
"S0473","uses","T1680"
"S0260","uses","T1124"
"G0010","uses","S0091"
"G0049","uses","T1016"
"S1145","uses","T1547.001"
"S0229","uses","T1055.012"
"S0579","uses","T1027.005"
"S0275","uses","T1005"
"S0692","uses","T1057"
"S0632","uses","T1070.004"
"S9032","uses","T1059.003"
"G0064","uses","T1573.001"
"S1018","uses","T1033"
"G1032","uses","T1105"
"S9013","uses","T1059.006"
"G1023","uses","T1070.003"
"G0035","uses","S0029"
"S1178","uses","T1070.004"
"T1542.004","subtechnique-of","T1542"
"G0006","uses","T1135"
"S9025","uses","T1082"
"G1015","uses","T1070.008"
"S0567","uses","T1129"
"S9001","uses","T1059.005"
"S0629","uses","T1573.001"
"G1020","uses","T1082"
"S0084","uses","T1074.001"
"G0061","uses","T1059.003"
"G1035","uses","T1083"
"S0269","uses","T1112"
"G0071","uses","T1021.002"
"S0601","uses","T1027.013"
"S0172","uses","T1033"
"S1133","uses","T1486"
"S0674","uses","T1105"
"G0010","uses","T1016.001"
"G1017","uses","T1589"
"M1028","mitigates","T1690"
"S0450","uses","T1124"
"S0148","uses","T1204.002"
"S0257","uses","T1033"
"G0037","uses","T1003.001"
"G0096","uses","T1055"
"S0198","uses","T1112"
"S0688","uses","T1485"
"S0266","uses","T1055.012"
"G0016","uses","S0635"
"S0184","uses","T1049"
"S0133","uses","T1080"
"S0254","uses","T1573.001"
"G0064","uses","T1059.005"
"S1159","uses","T1027.009"
"G0143","uses","T1560.001"
"S1147","uses","T1082"
"G0010","uses","T1102"
"G1006","uses","T1595.002"
"G1018","uses","T1583.006"
"S1246","uses","T1657"
"S1124","uses","T1074.001"
"S0268","uses","T1568"
"G0045","uses","T1059.001"
"G1044","uses","T1539"
"S1222","uses","T1059.004"
"S9037","uses","T1204.002"
"S1207","uses","T1547.001"
"G1006","uses","S0590"
"S1089","uses","T1059.003"
"G0001","uses","T1190"
"S0547","uses","T1082"
"S0556","uses","T1016"
"S0044","uses","T1680"
"S1053","uses","T1027"
"G0094","uses","T1036.007"
"G0050","uses","T1585.001"
"G0129","uses","T1204.002"
"G0093","uses","T1105"
"G0066","uses","T1203"
"T1074.002","subtechnique-of","T1074"
"S1029","uses","T1518.001"
"S0447","uses","T1071.001"
"T1556.003","subtechnique-of","T1556"
"S1017","uses","T1105"
"S1187","uses","T1505.003"
"S1016","uses","T1105"
"T1583.006","subtechnique-of","T1583"
"G1006","uses","T1016"
"S1161","uses","T1690"
"G0035","uses","T1033"
"M1038","mitigates","T1176.001"
"G1005","uses","T1078"
"S1153","uses","T1555.001"
"G0064","uses","T1132.001"
"S0428","uses","T1027"
"G0038","uses","T1041"
"G0035","uses","T1074.001"
"S9009","uses","T1552.001"
"S0646","uses","T1553.002"
"S1035","uses","T1071.001"
"S0446","uses","T1547.001"
"M1051","mitigates","T1195.002"
"G0047","uses","T1027.010"
"G0067","uses","S0355"
"G0059","uses","S0029"
"S9029","uses","T1070"
"S9014","uses","T1546.004"
"G0102","uses","T1005"
"S0260","uses","T1053.005"
"G0049","uses","S0029"
"G1045","uses","T1588.002"
"S0484","uses","T1113"
"G1017","uses","S0104"
"S0154","uses","T1021.003"
"M1018","mitigates","T1563"
"S0260","uses","T1071.001"
"G0047","uses","S0685"
"S0386","uses","T1055.012"
"G0012","uses","T1203"
"S0385","uses","T1568.001"
"M1057","mitigates","T1052.001"
"S1244","uses","T1685"
"S0115","uses","T1012"
"S0622","uses","T1547.001"
"S0666","uses","T1027.016"
"S0260","uses","T1135"
"G1043","uses","T1486"
"M1057","mitigates","T1048.002"
"S1073","uses","T1680"
"S0661","uses","T1573.001"
"S1210","uses","T1560.001"
"S0658","uses","T1497.003"
"S0586","uses","T1680"
"S0492","uses","T1543.001"
"S0140","uses","T1018"
"G0050","uses","T1137"
"G0096","uses","S0105"
"S0052","uses","T1140"
"G1034","uses","T1189"
"S1228","uses","T1047"
"G1050","uses","T1657"
"G0050","uses","T1203"
"G0054","uses","T1082"
"G0124","uses","T1083"
"S0368","uses","T1078.003"
"S0690","uses","T1124"
"G1017","uses","S0359"
"S0481","uses","T1218.011"
"S0277","uses","T1543.001"
"S0236","uses","T1008"
"G0046","uses","S0146"
"S0381","uses","T1115"
"S0688","uses","T1518.001"
"M1026","mitigates","T1053.002"
"M1032","mitigates","T1133"
"M1042","mitigates","T1689"
"G0102","uses","T1082"
"S1228","uses","T1048.003"
"G0053","uses","T1078"
"G0050","uses","S0354"
"S0615","uses","T1083"
"G0010","uses","T1082"
"S0363","uses","T1573.002"
"G1052","uses","T1585.001"
"S1197","uses","T1553.002"
"G0082","uses","T1218.007"
"S0458","uses","T1027"
"S0501","uses","T1027.011"
"M1027","mitigates","T1201"
"S0396","uses","T1057"
"G0119","uses","T1489"
"S0377","uses","T1552.004"
"G1003","uses","T1003.001"
"S0651","uses","T1074.001"
"S0159","uses","T1059.003"
"S0251","uses","T1135"
"S1111","uses","T1497.001"
"S0663","uses","T1106"
"M1022","mitigates","T1489"
"M1056","mitigates","T1608.005"
"S0401","uses","T1053.003"
"S1135","uses","T1083"
"S1224","uses","T1005"
"T1560.003","subtechnique-of","T1560"
"G1054","uses","T1114.001"
"G0032","uses","S0665"
"S0445","uses","T1071.001"
"S0333","uses","T1057"
"S1184","uses","T1480"
"S0492","uses","T1059.006"
"T1174","revoked-by","T1556.002"
"S0650","uses","T1010"
"G1035","uses","T1114.001"
"S0608","uses","T1490"
"S0164","uses","T1543.003"
"S0587","uses","T1082"
"S0354","uses","T1574.001"
"S9028","uses","T1132.001"
"M1018","mitigates","T1569.001"
"S0476","uses","T1059.001"
"S1025","uses","T1614"
"S1121","uses","T1543"
"G0033","uses","T1059.001"
"G1017","uses","T1588.002"
"S0696","uses","T1070"
"S0276","uses","T1059.006"
"G0049","uses","S0185"
"S0658","uses","T1554"
"G0008","uses","S0108"
"G1004","uses","T1199"
"G0038","uses","T1059.001"
"S0198","uses","T1082"
"G1041","uses","T1505.003"
"S0196","uses","T1027"
"S0074","uses","T1070.004"
"G0087","uses","T1090.001"
"S1096","uses","T1083"
"G1021","uses","S1097"
"S0520","uses","T1573.001"
"S0400","uses","T1486"
"G0049","uses","T1203"
"G0091","uses","T1036.005"
"M1026","mitigates","T1552"
"G1051","uses","T1016"
"S0036","uses","T1025"
"G0070","uses","S0234"
"G0049","uses","T1012"
"G0065","uses","T1027.015"
"S0644","uses","T1125"
"G0045","uses","T1210"
"G1055","uses","T1585.002"
"S0050","uses","T1053.005"
"S0353","uses","T1016"
"G1053","uses","T1098.003"
"S1142","uses","T1543"
"S0531","uses","T1071.001"
"G0026","uses","T1083"
"G0079","uses","T1566.001"
"S0650","uses","T1518"
"S1114","uses","T1105"
"G1037","uses","T1566.002"
"S1199","uses","T1059.001"
"S0451","uses","T1218.007"
"S0431","uses","T1082"
"S0603","uses","T1090.001"
"G1017","uses","T1596.005"
"G1054","uses","T1027.013"
"G0040","uses","T1566.002"
"G0081","uses","T1027.003"
"S1105","uses","T1027"
"G0038","uses","T1053.005"
"S1233","uses","T1574.001"
"T1019","revoked-by","T1542.001"
"M1056","mitigates","T1596.002"
"S0144","uses","T1573.001"
"M1021","mitigates","T1204.001"
"G0065","uses","T1560"
"S1030","uses","T1059.001"
"M1045","mitigates","T1546.006"
"S0449","uses","T1027"
"G1054","uses","S0645"
"G1003","uses","T1047"
"G0018","uses","S0100"
"S0186","uses","T1059.001"
"S0344","uses","T1082"
"S0267","uses","T1547.009"
"M1051","mitigates","T1210"
"T1564.005","subtechnique-of","T1564"
"S0592","uses","T1105"
"S1059","uses","T1056.001"
"S0367","uses","T1057"
"G0079","uses","T1221"
"S0631","uses","T1105"
"S1018","uses","T1218.004"
"S1141","uses","T1132.001"
"S1124","uses","T1048.003"
"S0231","uses","T1027.009"
"G1013","uses","T1105"
"S0173","uses","T1572"
"S0251","uses","T1140"
"G0092","uses","S0194"
"S0428","uses","T1059.011"
"S1041","uses","T1036.005"
"S0534","uses","T1047"
"G1018","uses","S0198"
"M1018","mitigates","T1213.001"
"G1026","uses","T1140"
"G0089","uses","T1566.001"
"S1206","uses","T1685.006"
"M1047","mitigates","T1530"
"S0260","uses","T1090.002"
"S0136","uses","T1091"
"G1043","uses","T1518.001"
"S1030","uses","T1059.003"
"M1026","mitigates","T1563"
"S0340","uses","T1204.002"
"G0092","uses","T1566.002"
"S0449","uses","T1218.007"
"T1595.002","subtechnique-of","T1595"
"S0498","uses","T1033"
"S1245","uses","T1115"
"S1022","uses","T1003.002"
"M1045","mitigates","T1505.006"
"S1060","uses","T1003.001"
"G0114","uses","T1047"
"S0137","uses","T1105"
"S0589","uses","T1112"
"M1029","mitigates","T1072"
"G0010","uses","T1584.003"
"S0162","uses","T1543.001"
"S1172","uses","T1008"
"S0451","uses","T1059.003"
"G0032","uses","T1543.003"
"G1017","uses","S0160"
"S0597","uses","T1071.001"
"S0657","uses","T1113"
"S1222","uses","T1074.001"
"S0371","uses","T1547.001"
"S0691","uses","T1071.001"
"S0024","uses","T1518"
"S1138","uses","T1027"
"S1186","uses","T1082"
"G0026","uses","T1059.003"
"S0378","uses","T1046"
"S0607","uses","T1485"
"S0088","uses","T1056.001"
"G1053","uses","T1087.002"
"M1057","mitigates","T1567.004"
"S1087","uses","T1016"
"G0117","uses","T1585.001"
"S0622","uses","T1025"
"S0139","uses","T1059.003"
"G0032","uses","S0180"
"S0595","uses","T1497.003"
"S0666","uses","T1027.015"
"G0080","uses","S0029"
"S0129","uses","T1059.001"
"S9014","uses","T1059.008"
"S0387","uses","T1059.003"
"S1091","uses","T1078.004"
"G0026","uses","T1547.001"
"S0658","uses","T1087"
"T1204.004","subtechnique-of","T1204"
"S1037","uses","T1132.001"
"G0140","uses","T1566.002"
"S1028","uses","T1033"
"S0384","uses","T1090.003"
"M1017","mitigates","T1204.002"
"S0387","uses","T1555.003"
"T1094","revoked-by","T1095"
"G0030","uses","S0160"
"G0018","uses","T1203"
"G1055","uses","T1071.001"
"G0061","uses","T1573.002"
"S0365","uses","T1490"
"S0267","uses","T1105"
"G0034","uses","S0357"
"G0001","uses","S0021"
"G0081","uses","S0388"
"S0198","uses","T1566.001"
"S1100","uses","T1559"
"G0027","uses","T1574.001"
"S0244","uses","T1027.001"
"G1048","uses","T1021.004"
"S0268","uses","T1016"
"S0265","uses","T1005"
"M1026","mitigates","T1563.001"
"G0125","uses","T1550.001"
"S1059","uses","T1573.001"
"S1032","uses","T1070.004"
"G0135","uses","T1574.001"
"S1242","uses","T1087.002"
"S0554","uses","T1059.003"
"G0083","uses","S0334"
"S0457","uses","T1047"
"S0554","uses","T1484.001"
"G1024","uses","T1219"
"G0010","uses","S0590"
"M1017","mitigates","T1003.002"
"G0117","uses","T1036.005"
"T1546.008","subtechnique-of","T1546"
"G0127","uses","T1059.003"
"G1017","uses","T1087.002"
"G1024","uses","S0349"
"S9023","uses","T1572"
"S0265","uses","T1016"
"S0017","uses","T1573.002"
"S1152","uses","T1105"
"G1017","uses","S0075"
"S0674","uses","T1132.001"
"S0363","uses","T1134.002"
"S0660","uses","T1016"
"S0198","uses","T1074.001"
"S1051","uses","T1090"
"G0059","uses","T1585.001"
"G0119","uses","T1012"
"S0266","uses","T1210"
"G1043","uses","T1219"
"G0007","uses","T1211"
"S1213","uses","T1071.001"
"S0036","uses","T1074.001"
"S0356","uses","T1547.009"
"M1013","mitigates","T1574.001"
"G0029","uses","S0076"
"S0400","uses","T1059.003"
"S0027","uses","T1564.004"
"G0021","uses","T1204.002"
"S0270","uses","T1059.001"
"S1068","uses","T1059.003"
"G0022","uses","T1069"
"S0687","uses","T1071.001"
"G1055","uses","T1199"
"G1024","uses","S1040"
"S1100","uses","T1132.002"
"S0098","uses","T1125"
"S0382","uses","T1098.007"
"S0180","uses","T1036.004"
"M1022","mitigates","T1048"
"T1558.005","subtechnique-of","T1558"
"S1148","uses","T1082"
"S0362","uses","T1078"
"S9034","uses","T1564.003"
"G0094","uses","T1055.012"
"M1048","mitigates","T1212"
"G0125","uses","T1685.005"
"S0584","uses","T1497.003"
"G1039","uses","T1059.006"
"S1202","uses","T1021.002"
"S0180","uses","T1027.013"
"S0332","uses","T1614"
"G1053","uses","T1218.011"
"S0136","uses","T1070.004"
"G1021","uses","S1040"
"G0045","uses","S0097"
"G0083","uses","T1657"
"S0575","uses","T1059.003"
"S0091","uses","T1027"
"G1044","uses","T1608.001"
"S1025","uses","T1071.001"
"G1006","uses","T1588.001"
"G0059","uses","T1564.003"
"S1065","uses","T1012"
"G1053","uses","T1587.003"
"S1190","uses","T1027.013"
"G0067","uses","S0154"
"S0237","uses","T1571"
"G0140","uses","S0669"
"M1026","mitigates","T1059.001"
"S1247","uses","T1569.002"
"M1017","mitigates","T1003.004"
"S0113","uses","T1083"
"G0016","uses","T1546.008"
"S0692","uses","T1056.002"
"M1032","mitigates","T1098.002"
"G0067","uses","T1123"
"S1159","uses","T1018"
"S0603","uses","T1080"
"M1056","mitigates","T1588.005"
"S0332","uses","T1010"
"G0129","uses","T1572"
"S9035","uses","T1083"
"S0673","uses","T1036"
"S0282","uses","T1113"
"G0129","uses","S1226"
"S1202","uses","T1688"
"T1087.001","subtechnique-of","T1087"
"S0144","uses","T1036.005"
"S0282","uses","T1056.001"
"S1193","uses","T1059.001"
"S0170","uses","T1132.001"
"G1002","uses","T1053.005"
"G0094","uses","T1588.003"
"S0585","uses","T1204.002"
"S0616","uses","T1680"
"S0692","uses","T1056.001"
"S0457","uses","T1489"
"M1018","mitigates","T1578.002"
"S1089","uses","T1106"
"S0330","uses","T1140"
"M1041","mitigates","T1003.003"
"G0073","uses","T1588.002"
"S0125","uses","T1046"
"G0064","uses","T1571"
"S1088","uses","T1071.002"
"G1017","uses","S1144"
"S0530","uses","T1566.002"
"G0032","uses","T1021.002"
"S0452","uses","T1049"
"S0377","uses","T1041"
"S0347","uses","T1543.003"
"G0044","uses","T1583.001"
"M1038","mitigates","T1553.005"
"G0018","uses","T1007"
"S1044","uses","T1025"
"G0016","uses","T1059.009"
"S0352","uses","T1129"
"S0667","uses","T1033"
"S0668","uses","T1071.001"
"S0335","uses","T1057"
"S0137","uses","T1027"
"S0144","uses","T1057"
"G0067","uses","S0247"
"S1132","uses","T1070.004"
"S0439","uses","T1124"
"T1136.002","subtechnique-of","T1136"
"G1023","uses","S1108"
"S0202","uses","T1573.002"
"S0595","uses","T1622"
"S0208","uses","T1005"
"S0353","uses","T1056.004"
"S1226","uses","T1070.006"
"G1003","uses","S0357"
"S0628","uses","T1027.002"
"G0007","uses","T1003.001"
"S1131","uses","T1119"
"S1178","uses","T1485"
"G1003","uses","T1021"
"G1043","uses","T1047"
"G0050","uses","S0039"
"T1596.002","subtechnique-of","T1596"
"S0585","uses","T1204.001"
"G0007","uses","S1187"
"S0352","uses","T1553.001"
"M1018","mitigates","T1087.004"
"S0256","uses","T1547.001"
"S0696","uses","T1049"
"S0496","uses","T1070.004"
"S0267","uses","T1059.003"
"S0533","uses","T1113"
"S1210","uses","T1102.002"
"G0080","uses","T1219"
"S9023","uses","T1140"
"G0018","uses","T1204.002"
"S0647","uses","T1036.004"
"G1016","uses","T1047"
"S0526","uses","T1005"
"G0139","uses","T1071.001"
"S0268","uses","T1124"
"S0270","uses","T1113"
"S0497","uses","T1083"
"M1047","mitigates","T1543.004"
"G1016","uses","T1021.004"
"G0022","uses","T1018"
"S0373","uses","T1547.001"
"G0027","uses","S0590"
"S0356","uses","T1056.001"
"G0016","uses","T1586.002"
"G0068","uses","T1566.001"
"S1160","uses","T1047"
"S0187","uses","T1027.005"
"S0053","uses","T1059.001"
"G1020","uses","T1583.004"
"T1137.006","subtechnique-of","T1137"
"S0019","uses","T1095"
"S0491","uses","T1569.002"
"S1099","uses","T1027.007"
"S0141","uses","T1036.005"
"S0176","uses","T1055"
"G0096","uses","T1021.001"
"S1042","uses","T1560.003"
"S1248","uses","T1027.010"
"S1140","uses","T1140"
"T1053.002","subtechnique-of","T1053"
"S9033","uses","T1140"
"S1123","uses","T1140"
"S1017","uses","T1057"
"S0501","uses","T1543.003"
"S0387","uses","T1547.004"
"S0194","uses","T1059.001"
"S0526","uses","T1056.001"
"M1026","mitigates","T1021.001"
"G0034","uses","S0231"
"G0067","uses","T1059.005"
"G0099","uses","T1586.003"
"G1002","uses","T1095"
"S0428","uses","T1547.001"
"M1038","mitigates","T1218.003"
"G0096","uses","T1190"
"S0663","uses","T1569.002"
"M1026","mitigates","T1053.006"
"G0040","uses","T1082"
"G0106","uses","T1071.001"
"S0013","uses","T1027"
"S0434","uses","T1083"
"S0570","uses","T1112"
"G0046","uses","T1195.002"
"G1040","uses","T1190"
"S0391","uses","T1070.004"
"G1004","uses","T1597.002"
"G0027","uses","T1070.004"
"G1038","uses","T1059.007"
"S0475","uses","T1140"
"G0032","uses","S0498"
"G0139","uses","T1552.001"
"S1167","uses","T1070.004"
"S0367","uses","T1055.001"
"G1022","uses","T1036.005"
"M1037","mitigates","T1071.001"
"S0603","uses","T1505.001"
"S0266","uses","T1564.003"
"S1226","uses","T1001.003"
"S0559","uses","T1105"
"S0633","uses","T1003.001"
"S0581","uses","T1027.013"
"G0047","uses","T1204.002"
"S0266","uses","T1547.001"
"G1052","uses","T1547.001"
"G0094","uses","T1114.003"
"S0592","uses","T1218.007"
"G0122","uses","T1078"
"G0034","uses","T1485"
"M1043","mitigates","T1599"
"S1028","uses","T1518.001"
"G1017","uses","S0106"
"S0623","uses","T1069"
"S1154","uses","T1074.001"
"G1033","uses","T1585.001"
"G1001","uses","T1010"
"S0677","uses","T1530"
"T1176.002","subtechnique-of","T1176"
"S1018","uses","T1204.001"
"G0129","uses","T1036.008"
"S0332","uses","T1529"
"G0114","uses","T1021.001"
"S1248","uses","T1036.005"
"S9015","uses","T1059.004"
"S1076","uses","T1012"
"S0266","uses","T1071.001"
"S1245","uses","T1027.013"
"S0384","uses","T1204.002"
"S9032","uses","T1547.001"
"S0559","uses","T1027.005"
"S1187","uses","T1095"
"S0554","uses","T1055"
"S0650","uses","T1049"
"S0330","uses","T1083"
"M1046","mitigates","T1601.002"
"S0496","uses","T1490"
"G0083","uses","S0447"
"G0056","uses","T1189"
"S0279","uses","T1560"
"S0056","uses","T1021.002"
"S0687","uses","T1037.004"
"S0631","uses","T1113"
"S0192","uses","T1003.004"
"G0069","uses","T1059.001"
"S1086","uses","T1564.003"
"T1196","revoked-by","T1218.002"
"M1047","mitigates","T1593"
"M1060","mitigates","T1114.003"
"G0044","uses","T1057"
"G0049","uses","T1059"
"S0117","uses","T1027"
"G1015","uses","T1021.007"
"M1031","mitigates","T1542.004"
"S0685","uses","T1480.001"
"G0043","uses","S0336"
"S0156","uses","T1047"
"G0125","uses","T1190"
"G0102","uses","T1555.004"
"G0069","uses","T1102.002"
"S1091","uses","T1119"
"S0477","uses","T1036.005"
"S9014","uses","T1041"
"S0396","uses","T1518.001"
"S0171","uses","T1105"
"G1021","uses","T1543.003"
"G1051","uses","T1685"
"S0090","uses","T1083"
"G0129","uses","T1036.007"
"S1019","uses","T1071.004"
"S0650","uses","T1053.005"
"G1017","uses","T1614"
"S0649","uses","T1087.001"
"S0476","uses","T1047"
"S0266","uses","T1027.013"
"T1216.002","subtechnique-of","T1216"
"G0114","uses","T1111"
"G0085","uses","T1114.002"
"T1555.003","subtechnique-of","T1555"
"S9031","uses","T1036.005"
"M1040","mitigates","T1059"
"G1055","uses","T1110.004"
"S0518","uses","T1027.003"
"G0012","uses","T1204.002"
"G0137","uses","T1583.001"
"S0658","uses","T1546"
"G0064","uses","T1078.004"
"S0223","uses","T1113"
"S0094","uses","T1071.001"
"S0333","uses","T1573.001"
"G0034","uses","T1059.005"
"S0646","uses","T1518.001"
"G0049","uses","S0002"
"S0641","uses","T1573.002"
"G0064","uses","T1203"
"S0373","uses","T1218.001"
"S0652","uses","T1115"
"S1051","uses","T1095"
"S1113","uses","T1027.013"
"G1052","uses","T1585.002"
"G0026","uses","S0070"
"G1017","uses","T1070.007"
"G1001","uses","S1020"
"S1155","uses","T1573.002"
"S0334","uses","T1033"
"S0117","uses","T1008"
"S0435","uses","T1010"
"S1227","uses","T1095"
"S0687","uses","T1140"
"G1044","uses","T1588.002"
"S1202","uses","T1078.003"
"G1041","uses","T1078"
"S0365","uses","T1003.001"
"G1033","uses","T1078"
"S0491","uses","T1553.002"
"S0251","uses","T1119"
"S0627","uses","T1012"
"S1236","uses","T1140"
"S0681","uses","T1057"
"G1008","uses","T1036.005"
"S0239","uses","T1571"
"M1056","mitigates","T1608"
"G0117","uses","S9001"
"S1141","uses","T1033"
"S1030","uses","T1497"
"S0583","uses","T1110"
"G0059","uses","T1005"
"S1122","uses","T1555"
"S0612","uses","T1222.001"
"S0024","uses","T1543.003"
"G0075","uses","T1059.003"
"S0596","uses","T1568.002"
"S1200","uses","T1071.001"
"S0268","uses","T1036.005"
"S0341","uses","T1110.001"
"G0139","uses","T1685.006"
"G0082","uses","S0334"
"S0086","uses","T1041"
"G0119","uses","T1558.003"
"G1015","uses","T1572"
"G0037","uses","S0446"
"S0397","uses","T1014"
"M1051","mitigates","T1546.011"
"G1012","uses","T1583.001"
"T1116","revoked-by","T1553.002"
"S0367","uses","T1114.001"
"S0520","uses","T1140"
"S0467","uses","T1005"
"G0069","uses","T1218.011"
"S0534","uses","T1055.012"
"G0087","uses","T1078"
"S1240","uses","T1518"
"G1044","uses","T1111"
"G0007","uses","T1573.001"
"S0283","uses","T1113"
"S0449","uses","T1490"
"S0650","uses","T1218.011"
"G0120","uses","T1059.007"
"G0006","uses","T1059.003"
"S0534","uses","T1106"
"G0112","uses","T1082"
"S0595","uses","T1105"
"G1014","uses","T1588.004"
"S0043","uses","T1082"
"S1149","uses","T1112"
"S0184","uses","T1053.005"
"S0015","uses","T1036.005"
"G1004","uses","T1578.002"
"S1078","uses","T1547.013"
"S0125","uses","T1518.001"
"S0082","uses","T1543.003"
"S0512","uses","T1083"
"G1045","uses","S1206"
"G0093","uses","T1018"
"T1146","revoked-by","T1070.003"
"G1055","uses","T1585.001"
"S0481","uses","T1120"
"S1188","uses","T1557"
"G0050","uses","T1204.002"
"S0531","uses","T1566.002"
"G0034","uses","T1105"
"M1038","mitigates","T1219.002"
"S0515","uses","T1573.002"
"S0379","uses","T1053.005"
"S0650","uses","T1572"
"S1182","uses","T1036.008"
"S0098","uses","T1120"
"S0083","uses","T1070.006"
"S0662","uses","T1036"
"G0070","uses","T1005"
"S1191","uses","T1486"
"G0004","uses","T1049"
"M1037","mitigates","T1602.001"
"G0090","uses","T1027.010"
"S1213","uses","T1566.001"
"G0121","uses","S0250"
"S0693","uses","T1106"
"S0363","uses","T1543.003"
"G0094","uses","T1071.002"
"G0129","uses","T1102"
"S1180","uses","T1614.001"
"S0455","uses","T1057"
"G0092","uses","T1685"
"S1120","uses","T1140"
"S0532","uses","T1046"
"S0575","uses","T1057"
"M1047","mitigates","T1213"
"G0049","uses","T1497.001"
"S0531","uses","T1555.003"
"S0257","uses","T1082"
"G0102","uses","T1135"
"S0267","uses","T1547.001"
"S0650","uses","T1555.003"
"S0198","uses","T1095"
"S0386","uses","T1185"
"S0168","uses","T1053.005"
"S1091","uses","T1518.001"
"S1081","uses","T1049"
"M1026","mitigates","T1136.002"
"S0356","uses","T1059.007"
"S1179","uses","T1497.001"
"S0260","uses","T1057"
"S1203","uses","T1059.004"
"S9008","uses","T1550.001"
"M1026","mitigates","T1021.003"
"S1244","uses","T1486"
"S0592","uses","T1113"
"G0065","uses","S0020"
"S0192","uses","T1049"
"G0129","uses","T1205"
"S0192","uses","T1555"
"S1073","uses","T1566"
"G1014","uses","T1553.002"
"S1247","uses","T1486"
"G1044","uses","T1547"
"S0438","uses","T1123"
"M1038","mitigates","T1036"
"S1248","uses","T1059.007"
"G0049","uses","S1173"
"G1016","uses","T1074.001"
"G1041","uses","T1071.001"
"G0094","uses","T1003.001"
"S0273","uses","T1057"
"S0629","uses","T1574.001"
"S0022","uses","T1014"
"S1015","uses","T1036.007"
"G0047","uses","T1568"
"S0412","uses","T1106"
"S0283","uses","T1049"
"M1048","mitigates","T1211"
"S1044","uses","T1518.001"
"G0018","uses","T1082"
"G0047","uses","T1090"
"G0060","uses","T1550.003"
"S9023","uses","T1112"
"S1037","uses","T1005"
"M1032","mitigates","T1556.006"
"G1019","uses","S1089"
"S1120","uses","T1554"
"S1104","uses","T1554"
"S0458","uses","T1049"
"S0367","uses","T1543.003"
"G0089","uses","T1204.002"
"S1091","uses","T1578.001"
"G0099","uses","T1593"
"G0060","uses","S0472"
"S1160","uses","T1622"
"M1033","mitigates","T1543.002"
"S0631","uses","T1140"
"S0254","uses","T1059.003"
"G0068","uses","S0202"
"S0234","uses","T1140"
"S0353","uses","T1071.002"
"G0075","uses","T1566.001"
"G1051","uses","T1046"
"S0475","uses","T1036.005"
"S0333","uses","T1105"
"S0140","uses","T1070.006"
"G1008","uses","T1218.005"
"S0497","uses","T1036"
"G1017","uses","S0039"
"S0017","uses","T1033"
"S1044","uses","T1059.003"
"S0444","uses","T1083"
"S0659","uses","T1490"
"S0462","uses","T1070.004"
"S0015","uses","T1059.003"
"S0622","uses","T1124"
"G0010","uses","S0668"
"S1245","uses","T1048.003"
"S0516","uses","T1140"
"S9024","uses","T1070.004"
"G1055","uses","T1485"
"S0283","uses","T1027"
"S1239","uses","T1027.012"
"S0061","uses","T1685"
"S0161","uses","T1082"
"G1053","uses","T1588.006"
"S0228","uses","T1082"
"S1075","uses","T1005"
"S0125","uses","T1071.004"
"G0060","uses","T1573.001"
"S0466","uses","T1564.003"
"T1219.002","subtechnique-of","T1219"
"S0501","uses","T1553.002"
"S0153","uses","T1571"
"M1022","mitigates","T1036.003"
"S0168","uses","T1480.002"
"G1004","uses","T1078.004"
"S0127","uses","T1055.012"
"S0373","uses","T1568.002"
"S0391","uses","T1106"
"S0650","uses","T1027.002"
"G0007","uses","T1074.001"
"S1158","uses","T1543.003"
"S1239","uses","T1559"
"G0094","uses","S0002"
"S0692","uses","T1033"
"S0662","uses","T1112"
"S0196","uses","T1082"
"S0660","uses","T1005"
"G0070","uses","T1113"
"G0027","uses","S0664"
"G0065","uses","S0183"
"S0264","uses","T1027"
"G0127","uses","S0386"
"S0682","uses","T1036"
"G0142","uses","T1053.005"
"S0087","uses","T1218.010"
"S0673","uses","T1082"
"S0158","uses","T1059.003"
"S0636","uses","T1071.001"
"S0515","uses","T1005"
"S1059","uses","T1070.006"
"S0629","uses","T1005"
"S0559","uses","T1071.001"
"G1040","uses","S0002"
"G0117","uses","T1059.001"
"S0172","uses","T1543.003"
"S0501","uses","T1008"
"M1028","mitigates","T1053.005"
"G1001","uses","T1591.004"
"S0632","uses","T1027"
"S0116","uses","T1548.002"
"T1027.001","subtechnique-of","T1027"
"S0130","uses","T1056.001"
"G0046","uses","S0415"
"G0136","uses","T1204.002"
"S0154","uses","T1057"
"T1182","revoked-by","T1546.009"
"M1022","mitigates","T1080"
"G0032","uses","S0174"
"S0598","uses","T1110.001"
"G0064","uses","T1204.002"
"S0553","uses","T1518.001"
"G0016","uses","S0633"
"S0457","uses","T1105"
"S9013","uses","T1489"
"S0456","uses","T1055.001"
"S0625","uses","T1036.005"
"S0219","uses","T1082"
"S0445","uses","T1027"
"S0632","uses","T1071.001"
"M1038","mitigates","T1218.014"
"G1021","uses","T1059.001"
"G0022","uses","T1056.001"
"S0107","uses","T1048.003"
"S0124","uses","T1082"
"S0153","uses","T1547.001"
"M1045","mitigates","T1505.002"
"S0448","uses","T1106"
"G0037","uses","S0002"
"S0275","uses","T1678"
"S0260","uses","T1036.004"
"T1608.001","subtechnique-of","T1608"
"S1091","uses","T1087.004"
"S0412","uses","T1569.002"
"S0153","uses","T1049"
"G0022","uses","T1036.010"
"S0002","uses","T1649"
"S0348","uses","T1057"
"S0184","uses","T1113"
"S1248","uses","T1033"
"S0024","uses","T1041"
"S0180","uses","T1049"
"S1087","uses","T1113"
"G0135","uses","T1588.001"
"M1047","mitigates","T1552.004"
"S0534","uses","T1547.009"
"G1055","uses","T1078"
"S0568","uses","T1047"
"S0458","uses","T1140"
"S0115","uses","T1555.003"
"S1059","uses","T1055"
"S1213","uses","T1059.006"
"M1049","mitigates","T1566"
"S9036","uses","T1027.013"
"S0344","uses","T1113"
"S0124","uses","T1083"
"S1145","uses","T1497.001"
"S0241","uses","T1059.001"
"S0140","uses","T1071.001"
"T1139","revoked-by","T1552.003"
"M1027","mitigates","T1021"
"S0624","uses","T1105"
"S0514","uses","T1071.001"
"G0107","uses","S0002"
"T1137.005","subtechnique-of","T1137"
"S0256","uses","T1106"
"G0061","uses","T1055.004"
"S0469","uses","T1059.003"
"S0467","uses","T1056.001"
"S0044","uses","T1070.004"
"G1043","uses","T1018"
"M1017","mitigates","T1078"
"G0007","uses","T1091"
"S1233","uses","T1057"
"S0476","uses","T1566.002"
"S0172","uses","T1082"
"M1026","mitigates","T1059.008"
"M1018","mitigates","T1505"
"G0080","uses","T1046"
"G1023","uses","T1083"
"S0554","uses","T1059.001"
"G0094","uses","T1205"
"G0106","uses","T1685"
"G0041","uses","S0125"
"S1230","uses","T1120"
"G1028","uses","S0339"
"G0099","uses","T1566.001"
"G0032","uses","S0241"
"S0258","uses","T1105"
"S1212","uses","T1688"
"G0069","uses","T1552.001"
"G1045","uses","T1136"
"M1037","mitigates","T1071"
"T1555.002","subtechnique-of","T1555"
"S0467","uses","T1120"
"S0181","uses","T1543.003"
"S0431","uses","T1113"
"S0634","uses","T1187"
"S9009","uses","T1530"
"S0415","uses","T1574.001"
"S0194","uses","T1482"
"T1003.001","subtechnique-of","T1003"
"G1055","uses","T1110"
"G0017","uses","S0013"
"M1022","mitigates","T1553.003"
"M1032","mitigates","T1530"
"S0198","uses","T1573"
"G1016","uses","T1056.001"
"M1041","mitigates","T1552.004"
"G0059","uses","T1047"
"G1054","uses","T1033"
"S0363","uses","T1059"
"S0631","uses","T1082"
"G0061","uses","T1018"
"G0094","uses","T1059.005"
"S0223","uses","T1027.016"
"G0093","uses","T1550.002"
"S0501","uses","T1036.005"
"G0093","uses","S0005"
"S0142","uses","T1027"
"S0363","uses","T1057"
"S0622","uses","T1218.010"
"S0189","uses","T1053.005"
"S0262","uses","T1010"
"S1148","uses","T1083"
"S0483","uses","T1027.002"
"S1018","uses","T1132.001"
"M1040","mitigates","T1055.005"
"S0352","uses","T1059.001"
"T1587.001","subtechnique-of","T1587"
"S0022","uses","T1027.013"
"S0243","uses","T1071.001"
"S0688","uses","T1070.004"
"S0501","uses","T1016"
"G1055","uses","T1036.004"
"G0129","uses","S0020"
"M1022","mitigates","T1685.001"
"M1043","mitigates","T1003"
"M1017","mitigates","T1566"
"S1179","uses","T1567"
"S0543","uses","T1071.001"
"S0279","uses","T1059.004"
"S0677","uses","T1059.001"
"S0341","uses","T1218.010"
"G1053","uses","S0039"
"G1051","uses","T1033"
"G0032","uses","T1585.002"
"S0198","uses","T1543.001"
"G0016","uses","S0050"
"G1038","uses","S0483"
"M1056","mitigates","T1584.008"
"S0670","uses","T1014"
"S1089","uses","T1120"
"S1245","uses","T1095"
"S1153","uses","T1082"
"S0428","uses","T1070.004"
"S1046","uses","T1132.002"
"S1242","uses","T1490"
"S0446","uses","T1016"
"G1044","uses","T1112"
"S9015","uses","T1071.004"
"S0455","uses","T1573.001"
"S1247","uses","T1543.003"
"S0455","uses","T1059.005"
"M1015","mitigates","T1078"
"S0632","uses","T1082"
"S0410","uses","T1547.013"
"S1039","uses","T1559.001"
"G1036","uses","T1217"
"S0111","uses","T1053.005"
"S1213","uses","T1564.003"
"G1020","uses","T1105"
"S0600","uses","T1133"
"G1023","uses","S0104"
"S1111","uses","T1561.001"
"T1487","revoked-by","T1561.002"
"G0034","uses","T1033"
"T1103","revoked-by","T1546.010"
"S1076","uses","T1132.001"
"S9020","uses","T1539"
"G0010","uses","T1036.005"
"T1593.001","subtechnique-of","T1593"
"M1025","mitigates","T1556"
"G0022","uses","T1027.002"
"G1032","uses","T1560.001"
"G0081","uses","S0387"
"S0186","uses","T1059.003"
"G1041","uses","T1199"
"S0514","uses","T1001.001"
"S0663","uses","T1047"
"S0567","uses","T1105"
"M1013","mitigates","T1195.001"
"S0532","uses","T1021.002"
"S1135","uses","T1685"
"S1075","uses","T1074.001"
"S0412","uses","T1685.005"
"S0233","uses","T1087.001"
"G0027","uses","T1685.001"
"S0353","uses","T1082"
"S1183","uses","T1119"
"S1034","uses","T1005"
"S0674","uses","T1047"
"G0138","uses","T1105"
"S0693","uses","T1057"
"G1046","uses","T1033"
"S0455","uses","T1564.003"
"S1112","uses","T1105"
"S0283","uses","T1016"
"S0611","uses","T1685"
"S0093","uses","T1018"
"G1051","uses","T1082"
"S0089","uses","T1082"
"G1022","uses","T1680"
"G0082","uses","T1569.002"
"M1041","mitigates","T1550.001"
"G0128","uses","T1016"
"M1056","mitigates","T1591.004"
"M1046","mitigates","T1542"
"S1085","uses","T1059.001"
"S1121","uses","T1083"
"G0038","uses","T1082"
"G0130","uses","T1105"
"S1078","uses","T1041"
"S0475","uses","T1204.001"
"S0380","uses","T1059.005"
"G1036","uses","T1566.003"
"S0381","uses","T1001"
"S0363","uses","T1105"
"G0129","uses","T1036.005"
"G0091","uses","T1204.002"
"S0461","uses","T1059.003"
"S0517","uses","T1560"
"G1003","uses","T1003.004"
"G1031","uses","T1112"
"S0601","uses","T1543.002"
"G1003","uses","T1003.002"
"G1012","uses","T1041"
"G0117","uses","T1083"
"S1245","uses","T1567"
"G0001","uses","S0203"
"S1039","uses","T1622"
"S0021","uses","T1057"
"G0114","uses","T1217"
"S0559","uses","T1001.002"
"S0021","uses","T1012"
"S9035","uses","T1560.001"
"S0159","uses","T1573.001"
"S0022","uses","T1070.004"
"S1089","uses","T1105"
"M1037","mitigates","T1599.001"
"S9024","uses","T1685"
"S0660","uses","T1574.001"
"M1047","mitigates","T1542.005"
"S1016","uses","T1573"
"G1040","uses","T1003.001"
"S0641","uses","T1082"
"S0531","uses","T1686"
"M1047","mitigates","T1556"
"G0108","uses","T1588.002"
"G0040","uses","S0194"
"S1202","uses","T1490"
"S0610","uses","T1001"
"M1031","mitigates","T1571"
"S0688","uses","T1057"
"S0363","uses","T1070.006"
"S0260","uses","T1027.005"
"G1053","uses","T1556.009"
"G0019","uses","S0029"
"S0381","uses","T1218.007"
"S0380","uses","T1113"
"G0037","uses","T1555.003"
"S0689","uses","T1105"
"S0634","uses","T1036"
"S0435","uses","T1573.001"
"S1073","uses","T1057"
"S0647","uses","T1120"
"S0554","uses","T1082"
"S0438","uses","T1106"
"S0412","uses","T1056.001"
"S0139","uses","T1547.001"
"G0022","uses","T1136.001"
"S0221","uses","T1078.003"
"T1054","revoked-by","T1685"
"S0238","uses","T1485"
"M1013","mitigates","T1593"
"S0389","uses","T1490"
"G1040","uses","T1657"
"S0148","uses","T1057"
"S0108","uses","T1518.001"
"S0699","uses","T1090.004"
"S0266","uses","T1555.003"
"M1040","mitigates","T1027.013"
"S0662","uses","T1574.001"
"G0092","uses","T1559.002"
"M1030","mitigates","T1199"
"G0066","uses","T1105"
"S0431","uses","T1016"
"S1228","uses","T1036.005"
"S1184","uses","T1090.003"
"S1044","uses","T1027.013"
"S0457","uses","T1055.001"
"S0614","uses","T1106"
"S1039","uses","T1070.004"
"S0674","uses","T1012"
"G0087","uses","T1056"
"S0262","uses","T1053.005"
"S1034","uses","T1105"
"S0373","uses","T1059.003"
"M1049","mitigates","T1027.010"
"S1024","uses","T1033"
"S1044","uses","T1680"
"G0040","uses","S0128"
"G0092","uses","T1055.001"
"G1023","uses","T1190"
"S0216","uses","T1082"
"S0696","uses","T1057"
"G0096","uses","T1570"
"S1180","uses","T1518.001"
"G0045","uses","T1021.004"
"S0572","uses","T1014"
"S0280","uses","T1140"
"S1016","uses","T1083"
"G0049","uses","S1171"
"S1030","uses","T1218.011"
"T1567.004","subtechnique-of","T1567"
"S0669","uses","T1547.001"
"S0632","uses","T1041"
"G1051","uses","T1021.001"
"T1547.010","subtechnique-of","T1547"
"S0367","uses","T1573"
"S0093","uses","T1082"
"G1055","uses","T1059.006"
"S0435","uses","T1555.003"
"M1047","mitigates","T1558"
"S9024","uses","T1553.002"
"S0448","uses","T1564.001"
"S0482","uses","T1222.002"
"S0512","uses","T1027.016"
"G0096","uses","T1027"
"S1073","uses","T1083"
"S0699","uses","T1008"
"G0028","uses","S0029"
"S1048","uses","T1057"
"T1589.001","subtechnique-of","T1589"
"S0458","uses","T1132.001"
"S0458","uses","T1559.001"
"S0623","uses","T1134.001"
"S9031","uses","T1680"
"S0635","uses","T1567.002"
"T1059.011","subtechnique-of","T1059"
"G0059","uses","T1583.006"
"M1032","mitigates","T1601.001"
"G0082","uses","T1480.002"
"G1015","uses","S0591"
"S0120","uses","T1003.002"
"G1047","uses","S0357"
"S9015","uses","T1489"
"T1562.007","revoked-by","T1686.001"
"S0649","uses","T1090.004"
"S9024","uses","T1070.006"
"S1017","uses","T1036.005"
"S0265","uses","T1047"
"G0091","uses","T1059.003"
"G0121","uses","T1204.002"
"G0077","uses","T1114.002"
"S0653","uses","T1140"
"G0007","uses","T1588.007"
"G1033","uses","T1586.002"
"M1042","mitigates","T1098.002"
"S1149","uses","T1553.002"
"S0240","uses","T1071.001"
"S1085","uses","T1049"
"M1020","mitigates","T1090"
"M1037","mitigates","T1557.001"
"S1136","uses","T1490"
"S0477","uses","T1053.005"
"G0096","uses","T1104"
"G1006","uses","S0596"
"S0632","uses","T1027.001"
"S1133","uses","T1485"
"G0035","uses","T1059.001"
"G0022","uses","S0166"
"S0491","uses","T1036.005"
"S0680","uses","T1053.005"
"S0461","uses","T1027"
"S0250","uses","T1135"
"S0455","uses","T1140"
"S0363","uses","T1547.009"
"S0373","uses","T1074.001"
"S0504","uses","T1027.002"
"S0692","uses","T1518.001"
"S0453","uses","T1070.004"
"S1142","uses","T1071.003"
"S0467","uses","T1115"
"G0044","uses","T1553.002"
"G0099","uses","S9018"
"G1046","uses","T1048.002"
"G0096","uses","T1030"
"S0381","uses","T1070.004"
"S0496","uses","T1027.011"
"S1118","uses","T1140"
"S1198","uses","T1070.004"
"S0023","uses","T1573.001"
"G0010","uses","S0587"
"S1159","uses","T1654"
"S1139","uses","T1057"
"G0035","uses","T1210"
"G1014","uses","S0154"
"S0331","uses","T1552.002"
"S0022","uses","T1071.004"
"S0363","uses","T1574.001"
"S0680","uses","T1680"
"S1096","uses","T1673"
"G1018","uses","S0331"
"G0129","uses","T1587.001"
"S0526","uses","T1140"
"T1591.003","subtechnique-of","T1591"
"S1053","uses","T1124"
"M1036","mitigates","T1078"
"G0047","uses","T1547.001"
"S0199","uses","T1547.001"
"S0614","uses","T1140"
"G0019","uses","S0057"
"S1037","uses","T1074.001"
"T1001.002","subtechnique-of","T1001"
"M1018","mitigates","T1606"
"S0284","uses","T1033"
"G0027","uses","T1608.002"
"G0127","uses","T1036"
"S1180","uses","T1497.001"
"S0261","uses","T1113"
"S1229","uses","T1106"
"M1021","mitigates","T1566.001"
"G0139","uses","T1587.001"
"G0045","uses","T1119"
"M1053","mitigates","T1491.002"
"S0270","uses","T1140"
"G0010","uses","T1055"
"G0119","uses","T1204.002"
"S1204","uses","T1205.001"
"S0608","uses","T1091"
"G0128","uses","T1102.002"
"S0351","uses","T1105"
"S1101","uses","T1119"
"S1063","uses","T1574.001"
"G1035","uses","T1059.001"
"S0216","uses","T1189"
"S0681","uses","T1132.002"
"M1024","mitigates","T1553.006"
"S0250","uses","T1218.011"
"S0062","uses","T1057"
"G0095","uses","S0409"
"S1242","uses","T1070.004"
"G0045","uses","T1583.001"
"S1130","uses","T1059"
"G0073","uses","T1574.001"
"G0035","uses","T1059.006"
"S1104","uses","T1027"
"M1046","mitigates","T1495"
"G0040","uses","S0130"
"G0089","uses","T1124"
"G0061","uses","T1486"
"S0105","uses","T1069.002"
"S0483","uses","T1082"
"S1065","uses","T1518"
"S1172","uses","T1573.002"
"S0534","uses","T1547.001"
"S0352","uses","T1036.008"
"S0256","uses","T1027.011"
"M1018","mitigates","T1686.003"
"S0197","uses","T1074.001"
"S1026","uses","T1547.001"
"G1036","uses","T1486"
"S0428","uses","T1555.003"
"G0004","uses","T1056.001"
"G0096","uses","T1047"
"G0032","uses","T1049"
"S0044","uses","T1105"
"S0588","uses","T1036.004"
"S1164","uses","T1665"
"G1033","uses","T1059.007"
"S0501","uses","T1518.001"
"S1229","uses","T1016"
"S1019","uses","T1074"
"G0068","uses","T1036"
"G0102","uses","T1569.002"
"M1026","mitigates","T1218.007"
"S0687","uses","T1572"
"S0502","uses","T1105"
"S0023","uses","T1573.002"
"S0156","uses","T1059.003"
"S1107","uses","T1113"
"S0262","uses","T1125"
"S0226","uses","T1053.005"
"G0102","uses","T1547.001"
"S0604","uses","T1140"
"S0673","uses","T1033"
"G0004","uses","T1003.004"
"S1200","uses","T1140"
"S1192","uses","T1105"
"S9019","uses","T1070.004"
"S0241","uses","T1082"
"S1034","uses","T1070.004"
"M1028","mitigates","T1556.008"
"G0016","uses","T1204.002"
"S0363","uses","T1136.002"
"G0096","uses","S0430"
"S0504","uses","T1564.004"
"S1075","uses","T1059.007"
"S0615","uses","T1036"
"G0142","uses","T1204.002"
"S0030","uses","T1030"
"S1151","uses","T1561.002"
"G0034","uses","T1589.002"
"G0010","uses","T1078.003"
"G0005","uses","S0040"
"S1218","uses","T1059.012"
"S0126","uses","T1036.004"
"S0417","uses","T1059.001"
"S0012","uses","T1010"
"G0069","uses","T1190"
"S1226","uses","T1115"
"G0009","uses","T1021.002"
"G0119","uses","T1021.004"
"S0467","uses","T1027"
"G0046","uses","T1113"
"S0172","uses","T1012"
"S0090","uses","T1056.001"
"S0348","uses","T1113"
"S1160","uses","T1087.002"
"S1133","uses","T1070.004"
"M1031","mitigates","T1071.005"
"S9023","uses","T1480"
"S1107","uses","T1053.003"
"S0455","uses","T1083"
"S0378","uses","T1555"
"S1114","uses","T1685"
"S0572","uses","T1046"
"M1038","mitigates","T1218.001"
"M1026","mitigates","T1505"
"S0332","uses","T1033"
"S0587","uses","T1070.004"
"S0445","uses","T1119"
"S0601","uses","T1611"
"S9007","uses","T1548.002"
"S1173","uses","T1059.001"
"G0096","uses","T1056.001"
"G1039","uses","T1003.001"
"S0354","uses","T1027"
"M1038","mitigates","T1218.013"
"S0526","uses","T1555"
"S0153","uses","T1105"
"M1017","mitigates","T1667"
"G1036","uses","T1585.001"
"S0438","uses","T1020"
"S1027","uses","T1036.004"
"S0666","uses","T1036.005"
"G0050","uses","T1547.001"
"S1191","uses","T1083"
"S0687","uses","T1571"
"M1022","mitigates","T1552.001"
"T1097","revoked-by","T1550.003"
"S0503","uses","T1560.003"
"S0092","uses","T1560.003"
"T1114.001","subtechnique-of","T1114"
"M1031","mitigates","T1132.001"
"S0266","uses","T1482"
"M1017","mitigates","T1027"
"G0082","uses","T1057"
"S1081","uses","T1041"
"T1500","revoked-by","T1027.004"
"S0648","uses","T1105"
"S0137","uses","T1573.001"
"M1042","mitigates","T1127"
"S0198","uses","T1105"
"S0369","uses","T1553.001"
"S0356","uses","T1036.005"
"M1047","mitigates","T1686.003"
"S0134","uses","T1574.001"
"S1152","uses","T1053.005"
"S9019","uses","T1678"
"G0125","uses","T1095"
"S0344","uses","T1057"
"S1139","uses","T1489"
"M1054","mitigates","T1667"
"G0047","uses","T1480"
"S1091","uses","T1651"
"G1018","uses","S0385"
"S1212","uses","T1489"
"S0450","uses","T1033"
"M1018","mitigates","T1048"
"G0060","uses","S0187"
"M1026","mitigates","T1548.003"
"G0094","uses","T1098.007"
"G0035","uses","T1018"
"S1070","uses","T1480.002"
"S0658","uses","T1113"
"S9008","uses","T1059.007"
"G0069","uses","T1210"
"G0067","uses","T1053.005"
"S1170","uses","T1140"
"M1017","mitigates","T1547.007"
"S0381","uses","T1069.001"
"G1015","uses","T1578.002"
"S1086","uses","T1027.001"
"S0673","uses","T1070"
"S0341","uses","T1016"
"G0006","uses","T1588.002"
"S0023","uses","T1012"
"G1044","uses","T1566.002"
"M1027","mitigates","T1555.005"
"S1027","uses","T1204.002"
"S0486","uses","T1059"
"S1122","uses","T1059.005"
"G0060","uses","T1027.003"
"G0143","uses","T1059.001"
"M1016","mitigates","T1195.002"
"S0499","uses","T1070.004"
"S0340","uses","T1113"
"S0089","uses","T1008"
"S1172","uses","T1140"
"S0089","uses","T1071.001"
"S0500","uses","T1547.001"
"S0162","uses","T1564.001"
"S0658","uses","T1546.004"
"S9015","uses","T1005"
"M1022","mitigates","T1548.006"
"G0096","uses","S1159"
"S0228","uses","T1033"
"S0250","uses","T1053.005"
"G1051","uses","T1072"
"S0678","uses","T1016"
"G0087","uses","T1566.002"
"G1016","uses","T1036.005"
"S0445","uses","T1106"
"S0278","uses","T1555.001"
"M1033","mitigates","T1021.005"
"G0129","uses","T1027.012"
"S1089","uses","T1083"
"M1041","mitigates","T1114.001"
"G0143","uses","S0430"
"S1150","uses","T1490"
"S0002","uses","T1003.004"
"G0016","uses","S0559"
"G0069","uses","T1203"
"S0438","uses","T1055.004"
"S0234","uses","T1005"
"G1041","uses","T1557"
"S0441","uses","T1059.005"
"M1056","mitigates","T1584"
"G0061","uses","T1482"
"S0386","uses","T1080"
"T1558.004","subtechnique-of","T1558"
"S1086","uses","T1059.001"
"S0161","uses","T1070.004"
"S0486","uses","T1057"
"G1036","uses","T1587"
"G0087","uses","T1566.001"
"G0032","uses","T1560.003"
"S0443","uses","T1119"
"M1013","mitigates","T1559"
"S0148","uses","T1518"
"S0499","uses","T1497"
"G1001","uses","S0378"
"S1121","uses","T1082"
"S1229","uses","T1566.002"
"S1212","uses","T1082"
"G0078","uses","T1059.005"
"S0257","uses","T1057"
"G0047","uses","T1102.002"
"S0363","uses","T1033"
"T1592.002","subtechnique-of","T1592"
"S0013","uses","T1033"
"G1001","uses","T1583.002"
"S1178","uses","T1057"
"S0017","uses","T1059.003"
"M1018","mitigates","T1059.008"
"G1045","uses","T1190"
"S0428","uses","T1560.001"
"S1013","uses","T1140"
"S0038","uses","T1055.012"
"T1107","revoked-by","T1070.004"
"S0053","uses","T1546.003"
"S0263","uses","T1070.004"
"T1590.006","subtechnique-of","T1590"
"S1181","uses","T1055"
"G1036","uses","T1082"
"G0022","uses","T1105"
"G1046","uses","T1222.001"
"S0570","uses","T1106"
"S1159","uses","T1497.001"
"M1050","mitigates","T1080"
"T1075","revoked-by","T1550.002"
"S1194","uses","T1489"
"S1124","uses","T1102"
"S1239","uses","T1001.003"
"S0680","uses","T1518.001"
"G0052","uses","T1553.002"
"G0034","uses","T1071.001"
"G0099","uses","T1055.012"
"S0081","uses","T1547.001"
"G1001","uses","T1534"
"S1183","uses","T1036.008"
"S0445","uses","T1057"
"S1078","uses","T1573.001"
"G1016","uses","T1049"
"S1143","uses","T1137.006"
"T1558.001","subtechnique-of","T1558"
"S0604","uses","T1012"
"S0172","uses","T1016"
"G0064","uses","T1204.001"
"G0034","uses","T1087.002"
"S0360","uses","T1059.001"
"G0098","uses","T1204.002"
"S0148","uses","T1113"
"G0060","uses","S0039"
"M1041","mitigates","T1213"
"M1015","mitigates","T1558.001"
"T1578.005","subtechnique-of","T1578"
"G1055","uses","T1560.001"
"M1054","mitigates","T1137"
"S0390","uses","T1059.001"
"S0534","uses","T1082"
"S1068","uses","T1083"
"M1042","mitigates","T1611"
"G1026","uses","T1614.001"
"G0114","uses","S0154"
"S0533","uses","T1564.001"
"S1048","uses","T1059.002"
"G0066","uses","S0208"
"S0504","uses","T1569.002"
"G0065","uses","T1572"
"S0154","uses","T1137.001"
"S0616","uses","T1135"
"G0016","uses","S0514"
"S0686","uses","T1135"
"M1027","mitigates","T1021.002"
"S0081","uses","T1055.001"
"G0064","uses","T1068"
"S1031","uses","T1041"
"S0596","uses","T1105"
"S0447","uses","T1105"
"G0142","uses","T1059.001"
"G0047","uses","T1059.003"
"G1024","uses","T1560.001"
"S0226","uses","T1083"
"S0141","uses","T1480.001"
"G1021","uses","T1059.003"
"S1183","uses","T1020"
"G0007","uses","S0410"
"S0275","uses","T1083"
"S0150","uses","T1546.003"
"S0182","uses","T1027"
"S0128","uses","T1083"
"G1017","uses","T1016.001"
"S0007","uses","T1556.001"
"S1193","uses","T1071.001"
"G0047","uses","T1218.005"
"G0137","uses","S0190"
"G0046","uses","T1567.002"
"S0136","uses","T1120"
"S1018","uses","T1070.004"
"S0501","uses","T1129"
"S0598","uses","T1105"
"S1075","uses","T1033"
"S1237","uses","T1106"
"S0181","uses","T1001.003"
"G0112","uses","T1204.002"
"M1017","mitigates","T1539"
"S0538","uses","T1041"
"S1099","uses","T1027"
"S0148","uses","T1070.009"
"G0047","uses","T1137"
"S0631","uses","T1555.003"
"M1017","mitigates","T1621"
"S0598","uses","T1087.001"
"S0024","uses","T1007"
"G0081","uses","T1518"
"S1246","uses","T1555.001"
"T1601.002","subtechnique-of","T1601"
"G0040","uses","T1559.002"
"S1133","uses","T1140"
"M1047","mitigates","T1525"
"G0060","uses","S0596"
"G0115","uses","T1566"
"M1047","mitigates","T1213.006"
"S0266","uses","T1016"
"G0034","uses","S0365"
"G0119","uses","T1584.004"
"S0210","uses","T1112"
"S0686","uses","T1113"
"S0601","uses","T1068"
"G0050","uses","S0477"
"S0504","uses","T1021.002"
"G0004","uses","T1078.004"
"G0034","uses","T1082"
"S9002","uses","T1083"
"G0106","uses","T1571"
"G0135","uses","T1036.004"
"S1085","uses","T1055.004"
"S0170","uses","T1030"
"G0065","uses","T1204.001"
"S0444","uses","T1112"
"G0016","uses","T1685.002"
"S9012","uses","T1106"
"T1173","revoked-by","T1559.002"
"S0334","uses","T1036.005"
"S0484","uses","T1057"
"G0073","uses","T1218.010"
"S0012","uses","T1014"
"G0094","uses","T1059.006"
"S0663","uses","T1543.003"
"S1016","uses","T1070.004"
"S1053","uses","T1057"
"G0073","uses","T1140"
"S0013","uses","T1027.013"
"G0093","uses","T1036.003"
"S1178","uses","T1071.001"
"G0046","uses","S9001"
"S0605","uses","T1036.005"
"G0004","uses","T1082"
"S0654","uses","T1490"
"S0697","uses","T1529"
"S0458","uses","T1025"
"S0249","uses","T1012"
"G0094","uses","T1505.003"
"S0472","uses","T1573.001"
"G0037","uses","T1074.002"
"G0004","uses","S0100"
"S0448","uses","T1680"
"G0096","uses","T1070.003"
"M1032","mitigates","T1213.003"
"S1242","uses","T1491.001"
"M1047","mitigates","T1505.006"
"G0027","uses","T1112"
"G0034","uses","T1005"
"S1087","uses","T1056.001"
"S0439","uses","T1003.001"
"G0077","uses","T1083"
"S0080","uses","T1059.003"
"S0533","uses","T1082"
"T1592.004","subtechnique-of","T1592"
"M1046","mitigates","T1542.005"
"M1040","mitigates","T1055.001"
"M1053","mitigates","T1486"
"S0456","uses","T1680"
"S1142","uses","T1137.006"
"S0593","uses","T1074.001"
"G0066","uses","T1027.002"
"S1068","uses","T1033"
"T1021.004","subtechnique-of","T1021"
"S0532","uses","T1012"
"S0354","uses","T1059.003"
"G1051","uses","T1548.002"
"S0623","uses","T1106"
"G0092","uses","T1071.001"
"S0624","uses","T1140"
"M1031","mitigates","T1132.002"
"G1055","uses","T1041"
"G1053","uses","T1003"
"S0011","uses","T1547.001"
"S0470","uses","T1106"
"S0409","uses","T1564.001"
"S0534","uses","T1027.002"
"G0125","uses","T1132.001"
"G0061","uses","T1112"
"S1167","uses","T1485"
"S0601","uses","T1059.004"
"T1685.004","subtechnique-of","T1685"
"M1018","mitigates","T1098.006"
"G1015","uses","T1552.001"
"G1015","uses","T1114"
"G0080","uses","T1037.001"
"S9009","uses","T1213.001"
"S1181","uses","T1686.003"
"S0680","uses","T1082"
"G0059","uses","T1685"
"G1015","uses","T1588.001"
"G0010","uses","T1201"
"G0102","uses","T1021.006"
"G0114","uses","T1105"
"S0448","uses","T1016"
"G0061","uses","T1134.001"
"S0579","uses","T1685"
"S0251","uses","T1053.005"
"G0045","uses","S0029"
"S0245","uses","T1016"
"S0036","uses","T1560.003"
"S0458","uses","T1546.010"
"S0461","uses","T1070.004"
"G1048","uses","T1008"
"S0559","uses","T1568"
"S0062","uses","T1083"
"G1016","uses","T1083"
"S0148","uses","T1036"
"G0124","uses","T1189"
"S0248","uses","T1016"
"T1059.007","subtechnique-of","T1059"
"G0044","uses","S0013"
"S1213","uses","T1566.002"
"M1018","mitigates","T1098.003"
"S0347","uses","T1027.013"
"S0575","uses","T1106"
"S0584","uses","T1543.004"
"S0635","uses","T1087.003"
"G0008","uses","T1588.002"
"S0688","uses","T1484.001"
"S0693","uses","T1561.002"
"S0351","uses","T1082"
"S0443","uses","T1083"
"S0105","uses","T1082"
"G0006","uses","T1007"
"S1087","uses","T1053.005"
"S0128","uses","T1120"
"G0119","uses","S0154"
"G0102","uses","T1055.001"
"S1242","uses","T1059.001"
"M1038","mitigates","T1564.006"
"M1053","mitigates","T1490"
"G0027","uses","T1210"
"G0034","uses","T1195"
"M1027","mitigates","T1003.001"
"S1115","uses","T1554"
"S0378","uses","T1040"
"S0504","uses","T1008"
"S0171","uses","T1573.001"
"S0446","uses","T1134"
"S0142","uses","T1059.003"
"G0032","uses","S0239"
"S0625","uses","T1564.003"
"S1028","uses","T1005"
"G1017","uses","T1552.004"
"S0180","uses","T1070.004"
"G0060","uses","T1087.002"
"G1032","uses","S1139"
"S0332","uses","T1059.007"
"S0587","uses","T1027.013"
"G0049","uses","S0258"
"G0126","uses","T1140"
"S0260","uses","T1203"
"S0192","uses","T1057"
"S1150","uses","T1059.003"
"S0118","uses","T1543.003"
"G1003","uses","T1078.001"
"S0608","uses","T1105"
"S0630","uses","T1573.001"
"G0094","uses","T1680"
"M1042","mitigates","T1219"
"S1065","uses","T1573.001"
"S0182","uses","T1574.013"
"G0010","uses","T1083"
"G0106","uses","T1021.004"
"G0065","uses","T1133"
"S0229","uses","T1027"
"S9021","uses","T1106"
"G0035","uses","T1087.002"
"S0194","uses","T1003.001"
"S0431","uses","T1053.005"
"S0267","uses","T1070.004"
"S9019","uses","T1027.016"
"S0561","uses","T1204.002"
"S0456","uses","T1560"
"G0047","uses","T1102"
"S0596","uses","T1055.001"
"G0087","uses","T1021.002"
"S9019","uses","T1027.013"
"S1237","uses","T1564.003"
"G1039","uses","T1046"
"M1045","mitigates","T1127.002"
"M1026","mitigates","T1651"
"G0027","uses","T1074.002"
"M1032","mitigates","T1556.004"
"S0666","uses","T1559.001"
"S1102","uses","T1005"
"G1053","uses","T1110"
"G0035","uses","S0094"
"S0677","uses","T1112"
"G1036","uses","T1027.013"
"G0016","uses","S0636"
"M1027","mitigates","T1552.001"
"G0087","uses","T1190"
"S0260","uses","T1036.005"
"G0034","uses","T1593"
"S1044","uses","T1070.004"
"G1019","uses","T1659"
"G0049","uses","T1068"
"S0428","uses","T1056.001"
"S0438","uses","T1680"
"S0366","uses","T1543.003"
"G0001","uses","T1003"
"G0021","uses","S0012"
"S0385","uses","T1059.003"
"S0113","uses","T1560"
"M1018","mitigates","T1020.001"
"S0346","uses","T1566.001"
"S1124","uses","T1016"
"S0484","uses","T1555.003"
"G0084","uses","T1566.001"
"S0009","uses","T1105"
"S1229","uses","T1018"
"G0131","uses","T1105"
"G0045","uses","S1097"
"S0488","uses","T1110"
"S0085","uses","T1087.001"
"G0096","uses","S0021"
"S0086","uses","T1071.001"
"S0363","uses","T1548.002"
"S1063","uses","T1558.003"
"M1026","mitigates","T1558.003"
"S0552","uses","T1087.002"
"G0102","uses","T1197"
"S0236","uses","T1069.001"
"S0266","uses","T1566.001"
"G0007","uses","S0397"
"S0163","uses","T1553.002"
"M1042","mitigates","T1098.001"
"G1044","uses","T1555.003"
"G1040","uses","T1685"
"S1153","uses","T1056.002"
"S0477","uses","T1027.001"
"S0106","uses","T1059.003"
"S0662","uses","T1059.003"
"S1160","uses","T1021.005"
"G0027","uses","S0005"
"S9013","uses","T1556.004"
"G0018","uses","T1059.003"
"G0049","uses","T1027.005"
"G0007","uses","T1110"
"S0638","uses","T1083"
"T1179","revoked-by","T1056.004"
"S0106","uses","T1570"
"S0409","uses","T1113"
"S0532","uses","T1047"
"S0086","uses","T1036.005"
"S0367","uses","T1106"
"S1040","uses","T1048.003"
"S0342","uses","T1027.013"
"G0094","uses","S0414"
"G1053","uses","T1098.001"
"S0050","uses","T1573.001"
"S1059","uses","T1205.001"
"S9023","uses","T1686.003"
"M1056","mitigates","T1596.005"
"M1026","mitigates","T1558"
"S0482","uses","T1071.001"
"S0534","uses","T1568.002"
"S0528","uses","T1059.005"
"S0589","uses","T1071.001"
"S0431","uses","T1564.003"
"S9024","uses","T1082"
"G0065","uses","T1003"
"S0378","uses","T1546.003"
"S0692","uses","T1082"
"S0512","uses","T1140"
"S0584","uses","T1204.001"
"S1019","uses","T1568.002"
"G1017","uses","T1074.001"
"S0264","uses","T1041"
"S0483","uses","T1573.002"
"G1036","uses","T1027.009"
"S1144","uses","T1071.001"
"S1147","uses","T1140"
"S0020","uses","T1083"
"S0600","uses","T1057"
"S0058","uses","T1082"
"S0386","uses","T1091"
"S0377","uses","T1568.002"
"T1176.001","subtechnique-of","T1176"
"S0583","uses","T1070.004"
"G0094","uses","T1114.002"
"T1480.002","subtechnique-of","T1480"
"T1586.001","subtechnique-of","T1586"
"S0648","uses","T1204.002"
"G0102","uses","S0029"
"S1044","uses","T1083"
"T1055.002","subtechnique-of","T1055"
"S0677","uses","T1048"
"M1051","mitigates","T1546"
"G0006","uses","T1021.001"
"M1015","mitigates","T1003"
"S1068","uses","T1490"
"S0232","uses","T1059.003"
"G0121","uses","T1033"
"S0161","uses","T1106"
"S0473","uses","T1082"
"G0060","uses","T1083"
"S0269","uses","T1033"
"S0341","uses","T1102.001"
"S0265","uses","T1547.009"
"S1154","uses","T1040"
"G1004","uses","T1111"
"G1016","uses","T1005"
"S1227","uses","T1140"
"S1146","uses","T1123"
"S0438","uses","T1012"
"S0163","uses","T1113"
"G0035","uses","S0108"
"G1052","uses","T1683.002"
"T1574.012","subtechnique-of","T1574"
"G0060","uses","S0005"
"G0129","uses","S0013"
"S0022","uses","T1083"
"G0069","uses","T1003.005"
"G0096","uses","S0095"
"S1053","uses","T1529"
"G1012","uses","T1583.004"
"M1028","mitigates","T1556"
"S0154","uses","T1059.003"
"G1055","uses","T1021.001"
"S1044","uses","T1095"
"S0414","uses","T1059.003"
"S1109","uses","T1074.001"
"G0133","uses","T1059.001"
"G0064","uses","S0095"
"T1601.001","subtechnique-of","T1601"
"G0013","uses","S0035"
"S1142","uses","T1074.001"
"S1099","uses","T1106"
"S1059","uses","T1082"
"S1236","uses","T1027.007"
"S1153","uses","T1217"
"G0067","uses","T1561.002"
"S0092","uses","T1105"
"G0131","uses","S0008"
"S0662","uses","T1548.002"
"S0115","uses","T1680"
"S0265","uses","T1059.003"
"S0633","uses","T1049"
"S0439","uses","T1001.003"
"S0342","uses","T1003.001"
"S0386","uses","T1564.003"
"T1492","revoked-by","T1565.001"
"G1016","uses","T1069"
"G0067","uses","S0213"
"S1117","uses","T1132.001"
"S1118","uses","T1027"
"M1037","mitigates","T1552.005"
"S0113","uses","T1033"
"S0158","uses","T1095"
"G0096","uses","T1036.004"
"G0102","uses","S0154"
"T1070.005","subtechnique-of","T1070"
"G0022","uses","T1033"
"S0576","uses","T1134"
"S0019","uses","T1040"
"S0378","uses","T1201"
"S1111","uses","T1036"
"S0022","uses","T1027.009"
"G0069","uses","S0250"
"G0061","uses","T1016.001"
"S0611","uses","T1218.007"
"S1199","uses","T1490"
"S0682","uses","T1546.003"
"S0180","uses","T1140"
"T1076","revoked-by","T1021.001"
"S0331","uses","T1016.002"
"S0462","uses","T1027.013"
"S1154","uses","T1129"
"M1042","mitigates","T1218.003"
"T1494","revoked-by","T1565.003"
"G0007","uses","T1684.001"
"G0016","uses","S0513"
"S9024","uses","T1480.002"
"T1020.001","subtechnique-of","T1020"
"S0412","uses","T1007"
"M1018","mitigates","T1574.012"
"S1172","uses","T1106"
"G0079","uses","T1588.002"
"S1194","uses","T1480"
"S1111","uses","T1055.012"
"G0049","uses","S0095"
"S1084","uses","T1036.005"
"S1233","uses","T1124"
"S0069","uses","T1102.002"
"S0692","uses","T1007"
"G0087","uses","T1059.005"
"S0605","uses","T1685"
"G0094","uses","S1201"
"G0061","uses","T1047"
"G0073","uses","T1027.010"
"S0635","uses","T1027"
"G1033","uses","T1593"
"T1552.005","subtechnique-of","T1552"
"S1143","uses","T1620"
"G1052","uses","S1249"
"G1017","uses","T1590.006"
"S1147","uses","T1071"
"G0019","uses","S0456"
"S0260","uses","T1106"
"G0025","uses","T1585"
"S0251","uses","T1555.003"
"S1050","uses","T1125"
"M1038","mitigates","T1609"
"G0060","uses","S0008"
"G0099","uses","T1059.001"
"M1057","mitigates","T1020.001"
"S0385","uses","T1005"
"S0260","uses","T1012"
"T1206","revoked-by","T1548.003"
"S0582","uses","T1140"
"S0582","uses","T1574.001"
"S0673","uses","T1059.007"
"S0641","uses","T1090.003"
"S0004","uses","T1059.003"
"S0351","uses","T1547.004"
"G0016","uses","T1548.002"
"G1054","uses","S9025"
"S0083","uses","T1106"
"M1056","mitigates","T1593.001"
"S0652","uses","T1113"
"S1129","uses","T1486"
"S0363","uses","T1558.002"
"S1044","uses","T1010"
"S0254","uses","T1105"
"G0081","uses","T1091"
"G0091","uses","T1106"
"G0067","uses","S0219"
"S9031","uses","T1678"
"S0599","uses","T1496.001"
"S0409","uses","T1027.010"
"G0050","uses","T1102"
"S0171","uses","T1059.003"
"G0007","uses","T1021.002"
"M1038","mitigates","T1685.003"
"T1003.008","subtechnique-of","T1003"
"S0144","uses","T1553.002"
"G1046","uses","T1021.002"
"S1070","uses","T1036.004"
"S0263","uses","T1083"
"M1056","mitigates","T1650"
"S0136","uses","T1074.001"
"S0380","uses","T1485"
"S0518","uses","T1140"
"G0046","uses","T1210"
"S0442","uses","T1105"
"S1068","uses","T1134"
"S0019","uses","T1112"
"S0648","uses","T1059.001"
"M1038","mitigates","T1059.001"
"M1041","mitigates","T1558.002"
"G0052","uses","S0167"
"G0065","uses","T1586.002"
"S0237","uses","T1047"
"S0148","uses","T1070.004"
"S0528","uses","T1105"
"S0274","uses","T1098"
"S0154","uses","T1027"
"M1054","mitigates","T1598.002"
"S0447","uses","T1555.003"
"S0283","uses","T1552.004"
"S1198","uses","T1573.002"
"S0176","uses","T1082"
"S0366","uses","T1570"
"G0046","uses","T1587.001"
"T1023","revoked-by","T1547.009"
"S1030","uses","T1016"
"M1028","mitigates","T1003"
"S1213","uses","T1082"
"S0270","uses","T1547.001"
"G1032","uses","T1049"
"G0027","uses","T1049"
"S0367","uses","T1016.002"
"G0087","uses","T1021.004"
"M1054","mitigates","T1598.003"
"S0274","uses","T1136.001"
"S1192","uses","T1071.001"
"G0010","uses","T1027.005"
"G0099","uses","T1574.001"
"G0047","uses","T1497.001"
"S0060","uses","T1033"
"M1047","mitigates","T1593.003"
"S0604","uses","T1027"
"S1245","uses","T1059.001"
"S1028","uses","T1059.003"
"T1498.001","subtechnique-of","T1498"
"G0022","uses","T1027.005"
"G0136","uses","T1105"
"G0061","uses","S0357"
"S0276","uses","T1543.001"
"T1588.001","subtechnique-of","T1588"
"G0034","uses","T1036.005"
"S0559","uses","T1070"
"S0278","uses","T1037.004"
"G0125","uses","T1583.003"
"S1049","uses","T1095"
"S0691","uses","T1070"
"G0092","uses","T1059.003"
"S0230","uses","T1027.013"
"M1056","mitigates","T1608.002"
"G0030","uses","T1012"
"M1027","mitigates","T1601.001"
"S1063","uses","T1204.002"
"S0583","uses","T1046"
"S0466","uses","T1124"
"S1025","uses","T1016"
"T1542.001","subtechnique-of","T1542"
"S0565","uses","T1140"
"G0094","uses","T1124"
"S1124","uses","T1027.015"
"G0106","uses","T1070.006"
"G0059","uses","T1189"
"G1016","uses","T1087"
"S1239","uses","T1560.001"
"G0010","uses","S1143"
"T1195.003","subtechnique-of","T1195"
"S1063","uses","T1071.001"
"S1159","uses","T1135"
"S0650","uses","T1070.004"
"S0269","uses","T1053.005"
"S0673","uses","T1120"
"S0332","uses","T1132.001"
"M1018","mitigates","T1078.004"
"S0615","uses","T1082"
"S0223","uses","T1057"
"S0244","uses","T1027"
"S1169","uses","T1053.005"
"G0106","uses","T1036.005"
"S0234","uses","T1553.002"
"S0664","uses","T1112"
"G0121","uses","T1574.001"
"G0016","uses","T1027.002"
"G0139","uses","T1102"
"S0371","uses","T1546.003"
"T1562.002","revoked-by","T1685.001"
"S1228","uses","T1082"
"S0011","uses","T1095"
"G0060","uses","S0473"
"S1099","uses","T1005"
"M1031","mitigates","T1102.002"
"S0050","uses","T1025"
"S1099","uses","T1518"
"G1006","uses","T1584.004"
"G0060","uses","T1036.002"
"S1018","uses","T1005"
"M1028","mitigates","T1098"
"S0567","uses","T1140"
"S0456","uses","T1049"
"G1053","uses","S0677"
"S0131","uses","T1020"
"G1003","uses","T1046"
"S9009","uses","T1213.003"
"S0348","uses","T1027.013"
"G0098","uses","T1588.004"
"S1242","uses","T1219.002"
"G0140","uses","T1583.006"
"S0410","uses","T1059.004"
"S0681","uses","T1560"
"G1043","uses","S0002"
"M1049","mitigates","T1027"
"G0096","uses","T1574.001"
"G0106","uses","T1518.001"
"S1200","uses","T1083"
"S1111","uses","T1059.003"
"S1085","uses","T1095"
"S0681","uses","T1049"
"S1066","uses","T1071.001"
"S9035","uses","T1059.006"
"S1141","uses","T1518.001"
"M1040","mitigates","T1055.015"
"S1139","uses","T1491.001"
"S1031","uses","T1573.001"
"S9025","uses","T1027.016"
"S0499","uses","T1140"
"G0045","uses","T1574.001"
"G1006","uses","T1204.001"
"G1022","uses","T1560.001"
"S0268","uses","T1036"
"S0412","uses","T1105"
"S0305","uses","T1624.001"
"S1061","uses","T1517"
"S9004","uses","T1407"
"S1231","uses","T1624"
"S1241","uses","T1636.002"
"S0424","uses","T1407"
"S0551","uses","T1646"
"S1083","uses","T1575"
"S1083","uses","T1630"
"S0509","uses","T1422"
"S0318","uses","T1426"
"S1061","uses","T1633.001"
"S0427","uses","T1624.001"
"M1006","mitigates","T1424"
"S0505","uses","T1532"
"S0293","uses","T1404"
"S0655","uses","T1645"
"T1433","revoked-by","T1636.002"
"S0551","uses","T1420"
"S0478","uses","T1521.001"
"S1241","uses","T1636.005"
"T1472","revoked-by","T1643"
"S9005","uses","T1406"
"S0418","uses","T1636.004"
"S1216","uses","T1544"
"M1011","mitigates","T1541"
"S0655","uses","T1639.001"
"S0399","uses","T1409"
"S1062","uses","T1418"
"M1006","mitigates","T1628.001"
"S0549","uses","T1636.003"
"M1003","mitigates","T1645"
"T1637.001","subtechnique-of","T1637"
"S9004","uses","T1406"
"S0420","uses","T1407"
"S0505","uses","T1644"
"S1241","uses","T1418"
"S0288","uses","T1426"
"S0329","uses","T1636.004"
"S1225","uses","T1541"
"S0544","uses","T1636.002"
"S0327","uses","T1429"
"S9005","uses","T1429"
"S1195","uses","T1616"
"S0407","uses","T1644"
"S1083","uses","T1426"
"S0535","uses","T1426"
"S1061","uses","T1623.001"
"S0506","uses","T1407"
"S0312","uses","T1458"
"M1011","mitigates","T1630.002"
"S0485","uses","T1655.001"
"S1083","uses","T1453"
"S0545","uses","T1406"
"T1632.001","subtechnique-of","T1632"
"S1241","uses","T1660"
"S1215","uses","T1627"
"S0405","uses","T1636.001"
"S1055","uses","T1407"
"M1013","mitigates","T1635.001"
"S1079","uses","T1409"
"S1054","uses","T1582"
"S0525","uses","T1643"
"S0420","uses","T1625.001"
"S0427","uses","T1422.001"
"S1216","uses","T1521.001"
"S0536","uses","T1437.001"
"S0463","uses","T1426"
"M1011","mitigates","T1660"
"S9006","uses","T1639.001"
"T1639.001","subtechnique-of","T1639"
"S1061","uses","T1406"
"G0090","uses","S9030"
"S0545","uses","T1575"
"S0425","uses","T1582"
"S0479","uses","T1513"
"S1056","uses","T1632.001"
"S0406","uses","T1406"
"S1241","uses","T1636.003"
"S0432","uses","T1406.002"
"S1062","uses","T1516"
"S0505","uses","T1407"
"S0555","uses","T1426"
"S0463","uses","T1404"
"S0524","uses","T1624.001"
"S0485","uses","T1636.003"
"S0328","uses","T1512"
"S1082","uses","T1422"
"S0480","uses","T1509"
"S0421","uses","T1512"
"S0316","uses","T1429"
"S1216","uses","T1644"
"M1004","mitigates","T1629.003"
"S1093","uses","T1437.001"
"S0550","uses","T1628.001"
"S0577","uses","T1430"
"T1633.001","subtechnique-of","T1633"
"S1195","uses","T1628.002"
"T1636.002","subtechnique-of","T1636"
"S9006","uses","T1453"
"S1185","uses","T1437.001"
"S1055","uses","T1644"
"S0478","uses","T1437.001"
"S0293","uses","T1645"
"S0463","uses","T1430"
"S0558","uses","T1417.002"
"S1067","uses","T1582"
"S9004","uses","T1655"
"S1055","uses","T1646"
"S0305","uses","T1430"
"S0551","uses","T1632.001"
"M1012","mitigates","T1417"
"S1241","uses","T1437.001"
"S0525","uses","T1633.001"
"S0507","uses","T1627.001"
"S9004","uses","T1616"
"S0405","uses","T1532"
"S1094","uses","T1407"
"S1061","uses","T1422.001"
"S9004","uses","T1646"
"S0314","uses","T1655.001"
"S0655","uses","T1481.002"
"S0506","uses","T1655.001"
"S1079","uses","T1532"
"S1214","uses","T1629.003"
"S1241","uses","T1414"
"S9004","uses","T1512"
"S0407","uses","T1406"
"S0298","uses","T1642"
"S1195","uses","T1533"
"S0403","uses","T1422"
"S1062","uses","T1417.002"
"S1080","uses","T1533"
"M1011","mitigates","T1632"
"S1092","uses","T1636.004"
"S0399","uses","T1417.002"
"S0311","uses","T1577"
"S1195","uses","T1517"
"S1231","uses","T1670"
"S0545","uses","T1643"
"M1014","mitigates","T1430.002"
"S1077","uses","T1422"
"S1082","uses","T1623.001"
"S0494","uses","T1625.001"
"S1077","uses","T1636.003"
"M1001","mitigates","T1404"
"S1225","uses","T1453"
"S1079","uses","T1407"
"S0297","uses","T1417.002"
"S0295","uses","T1429"
"M1001","mitigates","T1634"
"S0509","uses","T1409"
"S1094","uses","T1430"
"S0478","uses","T1407"
"S0507","uses","T1429"
"T1400","revoked-by","T1625.001"
"S0301","uses","T1633.001"
"S1185","uses","T1544"
"S1185","uses","T1422.002"
"S0479","uses","T1516"
"M1001","mitigates","T1630.001"
"S0427","uses","T1422"
"S9006","uses","T1636.002"
"S1225","uses","T1417"
"S0655","uses","T1533"
"T1430.001","subtechnique-of","T1430"
"S0506","uses","T1636.003"
"S9004","uses","T1582"
"M1011","mitigates","T1516"
"S0407","uses","T1422.001"
"T1418.001","subtechnique-of","T1418"
"S0544","uses","T1636.004"
"S1185","uses","T1636.003"
"G0112","uses","T1636.003"
"S0422","uses","T1453"
"S0292","uses","T1582"
"T1629.002","subtechnique-of","T1629"
"S0509","uses","T1422.001"
"M1006","mitigates","T1641.001"
"S0294","uses","T1645"
"S1225","uses","T1424"
"S0309","uses","T1636.004"
"T1623.001","subtechnique-of","T1623"
"S1077","uses","T1630.002"
"M1009","mitigates","T1638"
"S0316","uses","T1624.001"
"M1011","mitigates","T1418.001"
"S0485","uses","T1633.001"
"S0507","uses","T1521.002"
"G0094","uses","T1660"
"S9005","uses","T1417.001"
"M1006","mitigates","T1430"
"S0505","uses","T1418"
"S1079","uses","T1429"
"S0555","uses","T1521.002"
"S1083","uses","T1533"
"S0525","uses","T1426"
"S1083","uses","T1603"
"S0325","uses","T1643"
"S1061","uses","T1422"
"S9005","uses","T1426"
"S0432","uses","T1517"
"S0423","uses","T1633.001"
"S0298","uses","T1417.002"
"S1083","uses","T1616"
"S0432","uses","T1636.004"
"T1636.001","subtechnique-of","T1636"
"T1481.001","subtechnique-of","T1481"
"S0480","uses","T1628.001"
"S1095","uses","T1437.001"
"S0405","uses","T1409"
"S0535","uses","T1407"
"S1079","uses","T1636.003"
"S1067","uses","T1637.001"
"S1083","uses","T1660"
"M1006","mitigates","T1417.002"
"S0655","uses","T1628.001"
"S0423","uses","T1636.004"
"S0432","uses","T1407"
"S0422","uses","T1533"
"S1077","uses","T1628.002"
"S0489","uses","T1422"
"T1466","revoked-by","T1638"
"S0295","uses","T1636.004"
"T1628.001","subtechnique-of","T1628"
"S0550","uses","T1636.003"
"M1011","mitigates","T1643"
"S1195","uses","T1624.001"
"S0544","uses","T1633.001"
"S0545","uses","T1417.002"
"G1015","uses","T1451"
"S1095","uses","T1533"
"S0489","uses","T1636.002"
"S1069","uses","T1418"
"S0318","uses","T1429"
"S0550","uses","T1636.004"
"S1185","uses","T1623"
"S1241","uses","T1533"
"S0485","uses","T1517"
"S1216","uses","T1634.001"
"S1082","uses","T1429"
"S0427","uses","T1629.002"
"S0558","uses","T1430"
"S0555","uses","T1437.001"
"S1225","uses","T1418"
"S0399","uses","T1418"
"S0545","uses","T1422.001"
"S1054","uses","T1629.003"
"S1055","uses","T1424"
"S0524","uses","T1406"
"S1061","uses","T1633"
"M1010","mitigates","T1629.003"
"M1012","mitigates","T1428"
"S1195","uses","T1512"
"S0485","uses","T1541"
"S0549","uses","T1406"
"S0301","uses","T1636.004"
"S1083","uses","T1544"
"S1061","uses","T1404"
"S1094","uses","T1630.001"
"S0407","uses","T1421"
"S0311","uses","T1422"
"S0422","uses","T1532"
"M1002","mitigates","T1404"
"S1214","uses","T1655.001"
"S0463","uses","T1631.001"
"M1006","mitigates","T1629.001"
"M1006","mitigates","T1636"
"S1216","uses","T1630.002"
"S1062","uses","T1636.004"
"S0418","uses","T1426"
"S0291","uses","T1430"
"S1069","uses","T1430"
"M1012","mitigates","T1632.001"
"S1079","uses","T1422.002"
"S0485","uses","T1409"
"S0494","uses","T1404"
"S1243","uses","T1636.003"
"M1002","mitigates","T1634"
"S0544","uses","T1623.001"
"S0427","uses","T1437.001"
"M1006","mitigates","T1626.001"
"S0550","uses","T1645"
"S0292","uses","T1636.002"
"M1002","mitigates","T1617"
"S0432","uses","T1406"
"S0406","uses","T1533"
"S9005","uses","T1575"
"S0411","uses","T1636.003"
"S0313","uses","T1636.004"
"S0545","uses","T1603"
"T1605","revoked-by","T1623.001"
"S0427","uses","T1422.002"
"S1067","uses","T1636.003"
"S1185","uses","T1634.001"
"T1474.002","subtechnique-of","T1474"
"S0326","uses","T1422.001"
"S1080","uses","T1636.002"
"S1054","uses","T1646"
"S1126","uses","T1636.004"
"S0577","uses","T1533"
"S0304","uses","T1636.002"
"S0489","uses","T1630.002"
"S0505","uses","T1420"
"G1028","uses","T1422"
"S1056","uses","T1417.002"
"S0308","uses","T1437.001"
"S1083","uses","T1633.001"
"S0550","uses","T1623.001"
"S1069","uses","T1512"
"S1083","uses","T1437"
"S0297","uses","T1414"
"S0407","uses","T1512"
"S0408","uses","T1513"
"S0549","uses","T1632.001"
"S1094","uses","T1513"
"S0463","uses","T1406"
"S0545","uses","T1633.001"
"M1012","mitigates","T1513"
"G0112","uses","T1633.001"
"S0408","uses","T1429"
"S0536","uses","T1582"
"S0421","uses","T1636.004"
"M1001","mitigates","T1456"
"S1185","uses","T1658"
"S1082","uses","T1513"
"T1629.003","subtechnique-of","T1629"
"S1231","uses","T1655.001"
"S0549","uses","T1582"
"T1419","revoked-by","T1426"
"S1092","uses","T1512"
"S9005","uses","T1541"
"T1412","revoked-by","T1636.004"
"S1077","uses","T1655.001"
"M1002","mitigates","T1623.001"
"M1001","mitigates","T1664"
"T1447","revoked-by","T1630.002"
"S1080","uses","T1512"
"G0070","uses","S0182"
"M1006","mitigates","T1632.001"
"S0307","uses","T1437.001"
"M1003","mitigates","T1458"
"S1225","uses","T1660"
"S0411","uses","T1644"
"S0403","uses","T1437.001"
"S0399","uses","T1406"
"S9005","uses","T1420"
"S1243","uses","T1512"
"S0408","uses","T1409"
"S0489","uses","T1418"
"S1062","uses","T1409"
"S0489","uses","T1429"
"S0289","uses","T1636.002"
"S0539","uses","T1407"
"M1011","mitigates","T1658"
"S0328","uses","T1429"
"S1095","uses","T1646"
"S0419","uses","T1624.001"
"T1437.001","subtechnique-of","T1437"
"S1055","uses","T1417.001"
"S0407","uses","T1417.001"
"S0310","uses","T1481.001"
"S0422","uses","T1424"
"S1055","uses","T1637.001"
"S1083","uses","T1437.001"
"T1410","revoked-by","T1638"
"S0326","uses","T1643"
"S0536","uses","T1636.004"
"S0478","uses","T1636.004"
"S0535","uses","T1429"
"S0326","uses","T1437.001"
"G0042","revoked-by","G0040"
"S0480","uses","T1407"
"S0536","uses","T1603"
"S0285","uses","T1398"
"S0550","uses","T1429"
"S1231","uses","T1437.001"
"S0478","uses","T1655.001"
"S1083","uses","T1509"
"G0112","uses","T1628.003"
"G0112","uses","T1420"
"S1069","uses","T1636.003"
"S1055","uses","T1630.001"
"S0525","uses","T1628.001"
"S0480","uses","T1406"
"T1628.003","subtechnique-of","T1628"
"S0406","uses","T1418.001"
"S1056","uses","T1406"
"S1062","uses","T1513"
"S0539","uses","T1582"
"S0505","uses","T1636.004"
"S0535","uses","T1437.001"
"T1628.002","subtechnique-of","T1628"
"S1241","uses","T1646"
"S1092","uses","T1616"
"S0405","uses","T1422.001"
"M1011","mitigates","T1517"
"S0489","uses","T1512"
"T1579","revoked-by","T1634.001"
"T1636.005","subtechnique-of","T1636"
"S0549","uses","T1437.001"
"S0304","uses","T1437.001"
"S1231","uses","T1629"
"M1012","mitigates","T1417.001"
"S0405","uses","T1404"
"M1001","mitigates","T1398"
"S0313","uses","T1422"
"S0327","uses","T1430"
"S0509","uses","T1624.001"
"S1185","uses","T1406"
"S0320","uses","T1655.001"
"S1083","uses","T1430"
"S0425","uses","T1636.002"
"S1082","uses","T1626.001"
"S0424","uses","T1636.004"
"S0509","uses","T1418"
"S0316","uses","T1404"
"G1015","uses","T1660"
"S0558","uses","T1429"
"G0034","uses","T1676"
"S0421","uses","T1646"
"M1012","mitigates","T1516"
"S1077","uses","T1429"
"M1011","mitigates","T1430.001"
"S0536","uses","T1636.003"
"G0007","uses","S0314"
"S1062","uses","T1464"
"M1006","mitigates","T1409"
"M1006","mitigates","T1407"
"G1002","uses","T1660"
"S1216","uses","T1418"
"S0403","uses","T1636.003"
"S9005","uses","T1636.004"
"S0407","uses","T1630.002"
"S0522","uses","T1624.001"
"S0490","uses","T1426"
"S1077","uses","T1437.001"
"S0490","uses","T1422"
"S0316","uses","T1409"
"G0112","uses","T1429"
"S0478","uses","T1417.002"
"S1083","uses","T1646"
"S0421","uses","T1636.003"
"S0295","uses","T1409"
"M1012","mitigates","T1430.001"
"S0529","uses","T1521.002"
"S1094","uses","T1461"
"S0405","uses","T1437.001"
"S1216","uses","T1430"
"S0418","uses","T1646"
"M1011","mitigates","T1644"
"M1011","mitigates","T1513"
"S1083","uses","T1655.001"
"T1625.001","subtechnique-of","T1625"
"S0480","uses","T1633.001"
"S1094","uses","T1662"
"G0112","uses","T1533"
"S0290","uses","T1643"
"S0540","uses","T1406"
"S0489","uses","T1513"
"S1055","uses","T1636.004"
"S0329","uses","T1422"
"S0480","uses","T1636.003"
"S0423","uses","T1516"
"S1095","uses","T1636.003"
"S0529","uses","T1418"
"M1006","mitigates","T1627"
"M1006","mitigates","T1635"
"S0408","uses","T1421"
"S0291","uses","T1643"
"S0555","uses","T1430"
"M1004","mitigates","T1645"
"S0289","uses","T1421"
"M1001","mitigates","T1577"
"S1128","uses","T1636.003"
"T1448","revoked-by","T1643"
"S0301","uses","T1417.002"
"S0549","uses","T1420"
"S0539","uses","T1417.002"
"T1417.002","subtechnique-of","T1417"
"S0421","uses","T1624.001"
"S1216","uses","T1424"
"S9005","uses","T1422.002"
"S0545","uses","T1516"
"S0539","uses","T1636.003"
"T1521.002","subtechnique-of","T1521"
"S0535","uses","T1512"
"S1069","uses","T1533"
"S0399","uses","T1636.002"
"T1540","revoked-by","T1631.001"
"M1004","mitigates","T1474.003"
"T1630.001","subtechnique-of","T1630"
"S0558","uses","T1603"
"S1092","uses","T1461"
"S0544","uses","T1575"
"M1006","mitigates","T1512"
"M1011","mitigates","T1629.003"
"S1231","uses","T1575"
"S1185","uses","T1532"
"S0540","uses","T1426"
"S1083","uses","T1517"
"S1056","uses","T1426"
"S9005","uses","T1422"
"S0311","uses","T1424"
"S0425","uses","T1517"
"S0427","uses","T1636.004"
"S0555","uses","T1623.001"
"S1069","uses","T1616"
"S0522","uses","T1582"
"S0509","uses","T1628.001"
"S0655","uses","T1623.001"
"S0408","uses","T1636.001"
"S9006","uses","T1429"
"S0550","uses","T1407"
"S0655","uses","T1417.001"
"S0421","uses","T1414"
"S1067","uses","T1629.003"
"S0507","uses","T1636.003"
"S0425","uses","T1430"
"G0112","uses","T1512"
"M1011","mitigates","T1453"
"S1079","uses","T1414"
"S0405","uses","T1636.003"
"S0406","uses","T1636.004"
"S1062","uses","T1630.001"
"S0536","uses","T1407"
"M1012","mitigates","T1451"
"S0327","uses","T1512"
"S0558","uses","T1624.001"
"S0313","uses","T1437.001"
"M1012","mitigates","T1661"
"S1094","uses","T1417.001"
"S0440","uses","T1643"
"S0507","uses","T1426"
"S1054","uses","T1616"
"S0489","uses","T1636.004"
"S0403","uses","T1418"
"S0539","uses","T1636.004"
"M1006","mitigates","T1641"
"S0427","uses","T1418"
"S0289","uses","T1644"
"S0316","uses","T1636.002"
"S0655","uses","T1429"
"S0427","uses","T1630.001"
"S0411","uses","T1633.001"
"M1006","mitigates","T1624.001"
"S1069","uses","T1417.002"
"S0305","uses","T1636.003"
"S1067","uses","T1409"
"S1080","uses","T1430"
"S1082","uses","T1533"
"S0550","uses","T1636.002"
"S0421","uses","T1430"
"S0422","uses","T1426"
"S0418","uses","T1418"
"S0329","uses","T1636.002"
"S1092","uses","T1430"
"S0536","uses","T1418"
"S0440","uses","T1424"
"S0328","uses","T1636.002"
"M1010","mitigates","T1628.002"
"S0286","uses","T1629.001"
"S0506","uses","T1512"
"S1095","uses","T1398"
"S0408","uses","T1417.001"
"S0536","uses","T1624.001"
"M1011","mitigates","T1417"
"S1056","uses","T1422.001"
"S1062","uses","T1417.001"
"S1185","uses","T1424"
"T1401","revoked-by","T1626.001"
"S1231","uses","T1630"
"S0478","uses","T1422"
"S0328","uses","T1582"
"S0545","uses","T1541"
"S1231","uses","T1636.004"
"G0070","uses","S0399"
"S0529","uses","T1655.001"
"S1185","uses","T1636.002"
"M1001","mitigates","T1474"
"S1243","uses","T1430"
"S0306","uses","T1437.001"
"S0544","uses","T1418"
"M1012","mitigates","T1430"
"S0407","uses","T1640"
"T1520","revoked-by","T1637.001"
"S1077","uses","T1426"
"M1013","mitigates","T1626"
"S0577","uses","T1407"
"M1006","mitigates","T1422"
"M1013","mitigates","T1474"
"S0425","uses","T1533"
"S0558","uses","T1623.001"
"S1195","uses","T1633"
"T1624.001","subtechnique-of","T1624"
"S0539","uses","T1626.001"
"S1185","uses","T1409"
"S1095","uses","T1430"
"T1618","revoked-by","T1628.002"
"S1079","uses","T1422"
"S0463","uses","T1636.004"
"S0423","uses","T1628.001"
"S1095","uses","T1636.002"
"S1094","uses","T1641.001"
"S1080","uses","T1636.003"
"S0550","uses","T1630.002"
"M1011","mitigates","T1630.001"
"S1067","uses","T1406"
"S1094","uses","T1426"
"G0040","uses","S9006"
"S0536","uses","T1422"
"S0480","uses","T1636.004"
"S0551","uses","T1636.003"
"S1095","uses","T1406"
"S1185","uses","T1646"
"S0535","uses","T1422"
"S9006","uses","T1430"
"T1411","revoked-by","T1417.002"
"S1241","uses","T1407"
"S0525","uses","T1437.001"
"T1521.001","subtechnique-of","T1521"
"S0399","uses","T1421"
"S0522","uses","T1418.001"
"S0405","uses","T1512"
"S0478","uses","T1418"
"S0551","uses","T1437.001"
"S1195","uses","T1430"
"S0303","uses","T1643"
"S0328","uses","T1644"
"S1214","uses","T1481"
"M1013","mitigates","T1517"
"S0418","uses","T1636.002"
"T1630.002","subtechnique-of","T1630"
"S0544","uses","T1406"
"S1195","uses","T1544"
"S0424","uses","T1418"
"S0655","uses","T1616"
"G1028","uses","S1126"
"S0422","uses","T1582"
"S0577","uses","T1422"
"S0494","uses","T1631.001"
"S0551","uses","T1430"
"G0096","uses","S1185"
"S0324","uses","T1513"
"S0407","uses","T1617"
"S1061","uses","T1437.001"
"S1055","uses","T1516"
"S1061","uses","T1636.004"
"T1631.001","subtechnique-of","T1631"
"S0407","uses","T1533"
"M1011","mitigates","T1521.003"
"S0411","uses","T1637.001"
"S0536","uses","T1642"
"G1033","uses","T1676"
"S1094","uses","T1406"
"S0426","uses","T1437.001"
"S1094","uses","T1629.003"
"S1062","uses","T1628.001"
"S0293","uses","T1643"
"S1062","uses","T1426"
"S1195","uses","T1582"
"S0421","uses","T1406"
"S0480","uses","T1417.002"
"S0399","uses","T1630.002"
"G0070","uses","T1437.001"
"S9005","uses","T1512"
"S0463","uses","T1422"
"S0418","uses","T1544"
"S1231","uses","T1429"
"T1468","revoked-by","T1430.001"
"S1062","uses","T1517"
"M1011","mitigates","T1628.001"
"S0540","uses","T1575"
"M1010","mitigates","T1623"
"S1083","uses","T1418"
"S0494","uses","T1407"
"S0289","uses","T1456"
"S0289","uses","T1404"
"S1080","uses","T1429"
"S1231","uses","T1636.003"
"S1061","uses","T1429"
"S1225","uses","T1420"
"S0550","uses","T1533"
"S0407","uses","T1513"
"S0485","uses","T1509"
"S0423","uses","T1513"
"S0555","uses","T1655.001"
"S1083","uses","T1636.004"
"S0421","uses","T1533"
"S0405","uses","T1407"
"S1083","uses","T1417.002"
"M1006","mitigates","T1661"
"S0480","uses","T1655.001"
"S0509","uses","T1633.001"
"T1406.002","subtechnique-of","T1406"
"S0489","uses","T1582"
"S1231","uses","T1646"
"S0529","uses","T1575"
"S1214","uses","T1636.004"
"S0505","uses","T1429"
"S1067","uses","T1417.002"
"S0406","uses","T1406.002"
"S0422","uses","T1633.001"
"S1069","uses","T1429"
"S0529","uses","T1616"
"S1128","uses","T1409"
"S0297","uses","T1474.001"
"T1465","revoked-by","T1638"
"S0304","uses","T1636.004"
"S0489","uses","T1636.003"
"S0422","uses","T1616"
"S0555","uses","T1406"
"S0320","uses","T1512"
"S0289","uses","T1645"
"S0551","uses","T1655.001"
"S9005","uses","T1627"
"S0323","uses","T1642"
"S0320","uses","T1429"
"S0558","uses","T1655.001"
"S0507","uses","T1533"
"M1011","mitigates","T1635"
"S0463","uses","T1418"
"S1082","uses","T1426"
"S0440","uses","T1418"
"S1195","uses","T1636.003"
"S1126","uses","T1655.001"
"S1055","uses","T1661"
"S1077","uses","T1430"
"S0324","uses","T1407"
"G1028","uses","S0505"
"S0558","uses","T1636.004"
"S1054","uses","T1417.001"
"T1474.001","subtechnique-of","T1474"
"S1208","uses","T1670"
"S1061","uses","T1646"
"S1215","uses","T1418"
"M1011","mitigates","T1632.001"
"S0422","uses","T1418"
"S0506","uses","T1426"
"G0112","uses","T1426"
"S0301","uses","T1533"
"S0489","uses","T1533"
"S0406","uses","T1636.003"
"S1208","uses","T1631"
"S0558","uses","T1582"
"T1452","revoked-by","T1643"
"S1195","uses","T1429"
"S1094","uses","T1627.001"
"S0505","uses","T1426"
"S1185","uses","T1456"
"S0536","uses","T1655.001"
"G0142","uses","S1082"
"S0505","uses","T1533"
"S0479","uses","T1418"
"S0182","uses","T1636.002"
"S1231","uses","T1629.001"
"S0529","uses","T1407"
"S0422","uses","T1417.002"
"S1128","uses","T1429"
"S0324","uses","T1636.002"
"S0324","uses","T1645"
"S0293","uses","T1407"
"S0420","uses","T1426"
"S0298","uses","T1471"
"S0480","uses","T1430"
"S9004","uses","T1628.002"
"S0315","uses","T1422"
"S0407","uses","T1616"
"S0602","uses","T1430.002"
"S1093","uses","T1422.001"
"S0303","uses","T1636.004"
"S1079","uses","T1646"
"S0302","uses","T1628.001"
"S0292","uses","T1512"
"M1006","mitigates","T1420"
"S0425","uses","T1512"
"S0507","uses","T1430"
"S1231","uses","T1617"
"G1029","uses","S1128"
"S0489","uses","T1655.001"
"S0485","uses","T1582"
"M1012","mitigates","T1461"
"S0463","uses","T1422.001"
"S0427","uses","T1516"
"S0301","uses","T1655.001"
"S0423","uses","T1417.002"
"M1010","mitigates","T1634.001"
"S0485","uses","T1513"
"S0408","uses","T1533"
"M1004","mitigates","T1625"
"S1069","uses","T1636.004"
"S0540","uses","T1422"
"S1083","uses","T1417.001"
"S1061","uses","T1629.003"
"S0525","uses","T1655.001"
"S0529","uses","T1426"
"S1195","uses","T1406"
"S9005","uses","T1636.003"
"M1011","mitigates","T1640"
"S0509","uses","T1406"
"S1243","uses","T1429"
"S0311","uses","T1437.001"
"S0539","uses","T1655.001"
"M1006","mitigates","T1636.005"
"S0525","uses","T1418"
"S1082","uses","T1430"
"S1062","uses","T1406.002"
"G0097","uses","S0421"
"S1103","uses","T1624.001"
"S1126","uses","T1533"
"S0328","uses","T1636.001"
"S0291","uses","T1422"
"S0405","uses","T1422"
"S0293","uses","T1406"
"S0480","uses","T1582"
"S1095","uses","T1420"
"S0536","uses","T1626.001"
"S1062","uses","T1641.001"
"S9005","uses","T1616"
"M1006","mitigates","T1642"
"G0086","revoked-by","G0094"
"S1069","uses","T1513"
"S1083","uses","T1513"
"S0182","uses","T1429"
"S1094","uses","T1418.001"
"S0551","uses","T1582"
"S0329","uses","T1430"
"S0289","uses","T1426"
"S0288","uses","T1638"
"M1006","mitigates","T1629.002"
"T1636.004","subtechnique-of","T1636"
"S0480","uses","T1629.003"
"M1006","mitigates","T1429"
"S0403","uses","T1426"
"S0549","uses","T1512"
"S1054","uses","T1513"
"S0289","uses","T1636.003"
"S1079","uses","T1513"
"S1077","uses","T1646"
"S0422","uses","T1629.003"
"S1077","uses","T1517"
"S0506","uses","T1430"
"S1185","uses","T1422"
"S9006","uses","T1426"
"S0406","uses","T1417.001"
"S1079","uses","T1437.001"
"S0289","uses","T1636.004"
"S0440","uses","T1628.001"
"M1006","mitigates","T1638"
"S0551","uses","T1512"
"S0427","uses","T1644"
"S0399","uses","T1636.003"
"S9006","uses","T1461"
"S0535","uses","T1533"
"S0422","uses","T1471"
"M1011","mitigates","T1627.001"
"S1094","uses","T1633.001"
"S9005","uses","T1636.002"
"S1082","uses","T1636.002"
"T1521.003","subtechnique-of","T1521"
"S0309","uses","T1474.003"
"S0424","uses","T1474.003"
"S0422","uses","T1430"
"S0549","uses","T1630.002"
"S0558","uses","T1513"
"S1094","uses","T1616"
"S1093","uses","T1409"
"S1231","uses","T1417.001"
"S1083","uses","T1629.001"
"S1225","uses","T1629"
"S9030","uses","T1420"
"S0425","uses","T1636.003"
"G1028","uses","S1195"
"S0300","uses","T1428"
"S0463","uses","T1509"
"S0325","uses","T1407"
"S1185","uses","T1509"
"S0301","uses","T1582"
"M1010","mitigates","T1629"
"S0540","uses","T1422.001"
"M1011","mitigates","T1418"
"S0540","uses","T1437.001"
"S0422","uses","T1655.001"
"M1004","mitigates","T1398"
"S0425","uses","T1636.004"
"S0522","uses","T1655.001"
"S0298","uses","T1636.004"
"S0318","uses","T1636.004"
"S1128","uses","T1636.004"
"S0304","uses","T1426"
"S0544","uses","T1624.001"
"S1185","uses","T1429"
"S1054","uses","T1417.002"
"S0544","uses","T1655.001"
"G0097","uses","T1655.001"
"S1126","uses","T1544"
"S0463","uses","T1422.002"
"S0411","uses","T1437.001"
"T1422.002","subtechnique-of","T1422"
"S0323","uses","T1430"
"S0480","uses","T1437.001"
"S0485","uses","T1629.003"
"M1006","mitigates","T1417"
"S0440","uses","T1630.002"
"T1430.002","subtechnique-of","T1430"
"S1077","uses","T1420"
"T1641.001","subtechnique-of","T1641"
"S0432","uses","T1422"
"M1006","mitigates","T1627.001"
"S0509","uses","T1426"
"S0463","uses","T1636.003"
"S0540","uses","T1636.003"
"S0529","uses","T1422"
"T1655.001","subtechnique-of","T1655"
"T1630.003","subtechnique-of","T1630"
"M1001","mitigates","T1634.001"
"S0544","uses","T1429"
"S0463","uses","T1636.002"
"S0426","uses","T1512"
"S0535","uses","T1430"
"S1126","uses","T1429"
"S1054","uses","T1541"
"M1002","mitigates","T1634.001"
"S1079","uses","T1533"
"S0505","uses","T1512"
"S0558","uses","T1418"
"S0505","uses","T1636.003"
"S1216","uses","T1420"
"S1054","uses","T1636.002"
"S0289","uses","T1660"
"S0425","uses","T1429"
"S1241","uses","T1430"
"S0408","uses","T1628.001"
"S1056","uses","T1639"
"S1077","uses","T1418"
"S0545","uses","T1624.001"
"S0311","uses","T1409"
"S1054","uses","T1636.004"
"S0558","uses","T1426"
"S0505","uses","T1630.002"
"S0295","uses","T1644"
"S0295","uses","T1407"
"S1082","uses","T1636.003"
"S1062","uses","T1471"
"S1061","uses","T1418"
"S0423","uses","T1655.001"
"S1054","uses","T1406"
"S9006","uses","T1420"
"T1416","revoked-by","T1635.001"
"S0411","uses","T1418"
"S0309","uses","T1430"
"S1082","uses","T1544"
"M1006","mitigates","T1632"
"S0425","uses","T1437.001"
"S0485","uses","T1406"
"M1011","mitigates","T1676"
"S1077","uses","T1409"
"S0536","uses","T1630.002"
"S0422","uses","T1636.003"
"S0405","uses","T1429"
"M1006","mitigates","T1624"
"S0489","uses","T1633.001"
"S0551","uses","T1429"
"S1241","uses","T1426"
"S1093","uses","T1430"
"S0522","uses","T1437.001"
"G0112","uses","T1636.004"
"S1185","uses","T1660"
"S0320","uses","T1636.004"
"S0555","uses","T1575"
"S0310","uses","T1422"
"S1208","uses","T1655"
"S0489","uses","T1406"
"S1067","uses","T1660"
"S0329","uses","T1409"
"S1126","uses","T1417"
"M1002","mitigates","T1398"
"S0478","uses","T1426"
"S0403","uses","T1417.002"
"S0324","uses","T1644"
"S0399","uses","T1426"
"S0407","uses","T1422"
"T1402","revoked-by","T1624.001"
"S0407","uses","T1638"
"S1067","uses","T1604"
"S1128","uses","T1430"
"S0328","uses","T1474.003"
"S0289","uses","T1430"
"M1012","mitigates","T1521.003"
"M1011","mitigates","T1636.002"
"S0326","uses","T1646"
"S0420","uses","T1632.001"
"M1001","mitigates","T1474.002"
"M1001","mitigates","T1474.003"
"S0427","uses","T1426"
"S1195","uses","T1629.003"
"S1243","uses","T1636.004"
"S0289","uses","T1664"
"S0406","uses","T1422"
"T1446","revoked-by","T1629.002"
"M1001","mitigates","T1629"
"S0544","uses","T1533"
"G1028","uses","S0577"
"S0440","uses","T1404"
"S0406","uses","T1644"
"S9005","uses","T1453"
"S9004","uses","T1630.001"
"S0426","uses","T1533"
"S0505","uses","T1409"
"S0494","uses","T1406"
"S1243","uses","T1437"
"S0555","uses","T1533"
"S1093","uses","T1646"
"S0292","uses","T1636.004"
"S0422","uses","T1513"
"S1082","uses","T1409"
"S1103","uses","T1409"
"S9004","uses","T1437.001"
"G0112","uses","T1417.001"
"S1094","uses","T1646"
"S1067","uses","T1437.001"
"S1054","uses","T1533"
"S1094","uses","T1655.001"
"S0505","uses","T1430"
"S0535","uses","T1636.003"
"S1126","uses","T1426"
"S0655","uses","T1512"
"S9006","uses","T1636.005"
"S0411","uses","T1628.001"
"S0505","uses","T1632.001"
"S1195","uses","T1628.001"
"G1019","uses","T1655.001"
"S1077","uses","T1513"
"S1128","uses","T1512"
"S1077","uses","T1533"
"M1011","mitigates","T1430"
"M1011","mitigates","T1635.001"
"S1094","uses","T1628.002"
"S1216","uses","T1521.002"
"S0304","uses","T1430"
"S0544","uses","T1426"
"S0432","uses","T1437.001"
"S0544","uses","T1424"
"S0411","uses","T1424"
"S0407","uses","T1645"
"S0408","uses","T1509"
"S0295","uses","T1414"
"S0655","uses","T1407"
"S0314","uses","T1430"
"S1231","uses","T1422"
"S1231","uses","T1603"
"S1055","uses","T1582"
"S0420","uses","T1629.003"
"S0485","uses","T1629.001"
"S1095","uses","T1521"
"T1508","revoked-by","T1628.001"
"S0525","uses","T1406"
"M1002","mitigates","T1623"
"S0419","uses","T1643"
"S0423","uses","T1418"
"S0529","uses","T1430"
"S0418","uses","T1430"
"S1185","uses","T1421"
"T1435","revoked-by","T1636.001"
"M1011","mitigates","T1662"
"S1195","uses","T1636.002"
"S0489","uses","T1424"
"G0142","uses","S1077"
"S1055","uses","T1544"
"S0405","uses","T1636.004"
"S0545","uses","T1418"
"S1094","uses","T1437.001"
"S0326","uses","T1544"
"S0407","uses","T1636.003"
"S0328","uses","T1636.003"
"S0411","uses","T1417.002"
"S1079","uses","T1426"
"S0290","uses","T1533"
"S1185","uses","T1642"
"S1215","uses","T1533"
"S0535","uses","T1420"
"S0408","uses","T1406"
"S0289","uses","T1409"
"S0536","uses","T1406"
"G1028","uses","T1655.001"
"S1241","uses","T1636.004"
"S0478","uses","T1513"
"S0485","uses","T1481.002"
"S1185","uses","T1631"
"S0425","uses","T1422"
"M1011","mitigates","T1642"
"S0539","uses","T1481.001"
"S0327","uses","T1407"
"S9005","uses","T1544"
"S0539","uses","T1509"
"S0550","uses","T1437"
"S1082","uses","T1418"
"S1061","uses","T1426"
"S1094","uses","T1516"
"S0550","uses","T1404"
"S0525","uses","T1624.001"
"S0549","uses","T1636.004"
"S0311","uses","T1632.001"
"S0318","uses","T1406"
"S0406","uses","T1437.001"
"S1094","uses","T1532"
"S1095","uses","T1513"
"S0494","uses","T1629.003"
"S9004","uses","T1516"
"M1011","mitigates","T1582"
"S1094","uses","T1663"
"S1055","uses","T1406"
"S0328","uses","T1422"
"S9006","uses","T1636.004"
"S0295","uses","T1533"
"S0316","uses","T1636.001"
"S9006","uses","T1517"
"S0309","uses","T1636.003"
"S0540","uses","T1582"
"S0549","uses","T1636.002"
"S0310","uses","T1426"
"S0311","uses","T1407"
"S0406","uses","T1426"
"S0399","uses","T1430"
"M1002","mitigates","T1424"
"M1011","mitigates","T1629"
"S0411","uses","T1406"
"M1006","mitigates","T1418.001"
"S1056","uses","T1623"
"S0479","uses","T1437.001"
"S0421","uses","T1418"
"M1014","mitigates","T1430"
"S0577","uses","T1420"
"S0406","uses","T1417.002"
"S9005","uses","T1624.001"
"T1626.001","subtechnique-of","T1626"
"G1029","uses","T1660"
"S1195","uses","T1644"
"S9030","uses","T1662"
"M1006","mitigates","T1414"
"S0318","uses","T1481.001"
"S1185","uses","T1533"
"S0290","uses","T1404"
"S1195","uses","T1437.001"
"S0292","uses","T1636.003"
"M1011","mitigates","T1417.001"
"S9006","uses","T1422.002"
"M1006","mitigates","T1458"
"S0463","uses","T1437.001"
"M1001","mitigates","T1630"
"S1083","uses","T1407"
"S0480","uses","T1426"
"S1243","uses","T1409"
"S0405","uses","T1509"
"S9006","uses","T1636.003"
"S1061","uses","T1533"
"M1012","mitigates","T1632"
"S1080","uses","T1636.004"
"S1215","uses","T1424"
"S0551","uses","T1407"
"S1080","uses","T1616"
"S9004","uses","T1636.004"
"S0507","uses","T1521.003"
"T1422.001","subtechnique-of","T1422"
"M1002","mitigates","T1625"
"S0485","uses","T1516"
"M1011","mitigates","T1616"
"S1055","uses","T1417.002"
"S0329","uses","T1429"
"S0494","uses","T1516"
"S0425","uses","T1426"
"S0558","uses","T1420"
"S0535","uses","T1636.004"
"S1079","uses","T1655.001"
"S0406","uses","T1628.001"
"S1231","uses","T1544"
"S1067","uses","T1628.002"
"S0490","uses","T1632.001"
"S1083","uses","T1461"
"S1094","uses","T1664"
"S1069","uses","T1582"
"S0549","uses","T1407"
"S0577","uses","T1655.001"
"S1079","uses","T1644"
"M1006","mitigates","T1422.002"
"S0480","uses","T1418"
"M1006","mitigates","T1418"
"S0321","uses","T1643"
"S0558","uses","T1541"
"S1061","uses","T1512"
"S0411","uses","T1636.004"
"S1185","uses","T1423"
"S9006","uses","T1512"
"S0427","uses","T1513"
"S0522","uses","T1636.004"
"S1055","uses","T1521.002"
"S0549","uses","T1655.001"
"S0312","uses","T1406"
"M1010","mitigates","T1634"
"S0425","uses","T1639.001"
"S0292","uses","T1429"
"S1080","uses","T1655.001"
"S0577","uses","T1636.004"
"S0655","uses","T1430"
"S0529","uses","T1429"
"S0509","uses","T1582"
"G0112","uses","T1632.001"
"S0544","uses","T1512"
"T1636.003","subtechnique-of","T1636"
"S0182","uses","T1430"
"G0112","uses","T1430"
"S1241","uses","T1512"
"S0545","uses","T1481.002"
"S0424","uses","T1532"
"S1080","uses","T1646"
"S0403","uses","T1636.004"
"S0506","uses","T1422"
"S0286","uses","T1406"
"S0406","uses","T1629.001"
"S0315","uses","T1458"
"S0289","uses","T1429"
"S0432","uses","T1643"
"S1061","uses","T1636.002"
"S0558","uses","T1533"
"S9004","uses","T1513"
"S0524","uses","T1629.002"
"S0319","uses","T1474.003"
"S1080","uses","T1630.002"
"M1011","mitigates","T1627"
"M1011","mitigates","T1451"
"S1093","uses","T1417.002"
"M1011","mitigates","T1626.001"
"S9005","uses","T1430"
"S0463","uses","T1533"
"S0551","uses","T1426"
"S0539","uses","T1437.001"
"S1092","uses","T1409"
"S0485","uses","T1430"
"S0529","uses","T1420"
"S0485","uses","T1418"
"S0539","uses","T1406"
"S0485","uses","T1417.002"
"S0313","uses","T1426"
"S1225","uses","T1646"
"S1077","uses","T1636.002"
"S0655","uses","T1636.004"
"M1011","mitigates","T1629.001"
"S1055","uses","T1437.001"
"S0536","uses","T1426"
"S0327","uses","T1644"
"S0305","uses","T1533"
"S1231","uses","T1453"
"S0418","uses","T1630.002"
"M1011","mitigates","T1655.001"
"M1001","mitigates","T1645"
"S0577","uses","T1409"
"S0485","uses","T1632.001"
"S0551","uses","T1636.004"
"S0324","uses","T1409"
"S0505","uses","T1628.001"
"S9005","uses","T1655.001"
"T1432","revoked-by","T1636.003"
"S1054","uses","T1437"
"S0408","uses","T1512"
"M1001","mitigates","T1658"
"S1095","uses","T1429"
"S0324","uses","T1430"
"S0316","uses","T1512"
"S0407","uses","T1426"
"S0555","uses","T1407"
"S0182","uses","T1404"
"S1092","uses","T1420"
"S0478","uses","T1406"
"S0323","uses","T1406"
"M1010","mitigates","T1617"
"S1079","uses","T1636.002"
"S1092","uses","T1636.002"
"S0408","uses","T1624.001"
"S0305","uses","T1429"
"S0289","uses","T1658"
"S0329","uses","T1533"
"M1002","mitigates","T1645"
"S1231","uses","T1516"
"M1011","mitigates","T1458"
"S1185","uses","T1430"
"S0522","uses","T1422.001"
"S1241","uses","T1662"
"S9004","uses","T1636.003"
"G0034","uses","T1409"
"T1481.003","subtechnique-of","T1481"
"S0549","uses","T1521.002"
"T1474.003","subtechnique-of","T1474"
"S0418","uses","T1655.001"
"S1079","uses","T1512"
"G0034","uses","T1660"
"S1094","uses","T1417.002"
"S9006","uses","T1409"
"S0655","uses","T1628.002"
"S0577","uses","T1426"
"S1067","uses","T1453"
"S1095","uses","T1426"
"S0509","uses","T1636.004"
"S0522","uses","T1422"
"S0327","uses","T1409"
"S1231","uses","T1418"
"S1077","uses","T1422.001"
"S0424","uses","T1631.001"
"T1467","revoked-by","T1638"
"S0432","uses","T1575"
"S9005","uses","T1630.002"
"S0540","uses","T1655.001"
"S0427","uses","T1582"
"S0558","uses","T1636.002"
"S0419","uses","T1655.001"
"S0485","uses","T1628.001"
"S0408","uses","T1418"
"S9006","uses","T1660"
"M1001","mitigates","T1629.003"
"S0418","uses","T1512"
"S0407","uses","T1430"
"S0302","uses","T1521"
"S0320","uses","T1636.002"
"S0505","uses","T1582"
"S1214","uses","T1616"
"S0292","uses","T1422"
"G1028","uses","T1660"
"S1231","uses","T1426"
"S0463","uses","T1634.001"
"S1095","uses","T1624.001"
"S1195","uses","T1655.001"
"M1009","mitigates","T1422.001"
"S1061","uses","T1430"
"T1634.001","subtechnique-of","T1634"
"S1231","uses","T1616"
"S0304","uses","T1644"
"S0655","uses","T1582"
"S0506","uses","T1533"
"S1214","uses","T1481.001"
"S0479","uses","T1624.001"
"S1094","uses","T1660"
"M1013","mitigates","T1474.001"
"T1510","revoked-by","T1641.001"
"M1012","mitigates","T1663"
"S0326","uses","T1422"
"S0509","uses","T1421"
"S0316","uses","T1422.002"
"S0550","uses","T1406"
"S0411","uses","T1422"
"S1079","uses","T1417.001"
"S0522","uses","T1417.001"
"S0535","uses","T1532"
"S0406","uses","T1516"
"S1225","uses","T1406.002"
"S0422","uses","T1629.001"
"S1079","uses","T1577"
"T1629.001","subtechnique-of","T1629"
"S1082","uses","T1646"
"S0522","uses","T1642"
"S0422","uses","T1407"
"S1092","uses","T1517"
"S1062","uses","T1582"
"S0419","uses","T1628.001"
"S0425","uses","T1422.001"
"G0112","uses","T1406"
"M1001","mitigates","T1461"
"S1082","uses","T1532"
"S0292","uses","T1655.001"
"S1103","uses","T1417.002"
"S0420","uses","T1404"
"S0485","uses","T1407"
"S1231","uses","T1660"
"S0421","uses","T1426"
"T1576","revoked-by","T1630.001"
"T1415","revoked-by","T1635.001"
"S1185","uses","T1513"
"S1195","uses","T1513"
"S0324","uses","T1636.003"
"S0421","uses","T1424"
"M1011","mitigates","T1636"
"S0551","uses","T1418"
"S0544","uses","T1430"
"S0489","uses","T1407"
"S1092","uses","T1582"
"T1507","revoked-by","T1421"
"S0494","uses","T1643"
"S0506","uses","T1636.002"
"M1003","mitigates","T1398"
"S0399","uses","T1429"
"T1438","revoked-by","T1644"
"S1243","uses","T1532"
"S0421","uses","T1429"
"S9004","uses","T1453"
"S9006","uses","T1655"
"S0295","uses","T1512"
"S1092","uses","T1663"
"S0405","uses","T1421"
"S0316","uses","T1422.001"
"M1011","mitigates","T1655"
"S0304","uses","T1636.003"
"S0422","uses","T1417.001"
"S1094","uses","T1533"
"M1058","mitigates","T1660"
"T1417.001","subtechnique-of","T1417"
"S0411","uses","T1582"
"S0549","uses","T1430"
"S0407","uses","T1544"
"S0655","uses","T1644"
"M1013","mitigates","T1635"
"S9004","uses","T1626.001"
"S1067","uses","T1636.004"
"S9006","uses","T1481.002"
"S0405","uses","T1430"
"S0407","uses","T1636.001"
"S1215","uses","T1422"
"S0522","uses","T1636.003"
"M1004","mitigates","T1629"
"M1002","mitigates","T1625.001"
"S0424","uses","T1646"
"S0506","uses","T1421"
"S0509","uses","T1655.001"
"S0425","uses","T1422.002"
"S1126","uses","T1512"
"S0558","uses","T1628.001"
"S1062","uses","T1629.001"
"S0550","uses","T1409"
"S0506","uses","T1422.001"
"S0311","uses","T1625"
"S1208","uses","T1660"
"S0407","uses","T1429"
"S9005","uses","T1660"
"S0545","uses","T1422"
"S0287","uses","T1407"
"S1082","uses","T1512"
"S0535","uses","T1418"
"S0529","uses","T1409"
"S0418","uses","T1437.001"
"S0311","uses","T1456"
"S1243","uses","T1636.005"
"S0536","uses","T1533"
"S0407","uses","T1636.002"
"S1061","uses","T1626.001"
"T1627.001","subtechnique-of","T1627"
"M1010","mitigates","T1404"
"S0577","uses","T1532"
"S0427","uses","T1533"
"T1439","revoked-by","T1638"
"S0550","uses","T1420"
"T1463","revoked-by","T1638"
"M1006","mitigates","T1635.001"
"S0522","uses","T1417.002"
"T1408","revoked-by","T1630.003"
"S0529","uses","T1406"
"S0316","uses","T1645"
"S1231","uses","T1406"
"M1011","mitigates","T1636.004"
"S1231","uses","T1582"
"S0408","uses","T1630.002"
"S1214","uses","T1422"
"M1006","mitigates","T1577"
"S0322","uses","T1404"
"S0420","uses","T1406"
"S0506","uses","T1429"
"S0324","uses","T1404"
"G0069","uses","S1243"
"S0540","uses","T1532"
"S1103","uses","T1628.001"
"M1011","mitigates","T1636.001"
"S0522","uses","T1626.001"
"S1208","uses","T1617"
"S0522","uses","T1426"
"S0295","uses","T1430"
"S1092","uses","T1533"
"S0577","uses","T1429"
"S0421","uses","T1636.002"
"S0316","uses","T1422"
"S1095","uses","T1582"
"S1069","uses","T1636.002"
"S1061","uses","T1544"
"S9004","uses","T1406.002"
"S1079","uses","T1636.004"
"S0182","uses","T1636.004"
"S1126","uses","T1636.003"
"S0411","uses","T1629.002"
"S1079","uses","T1418"
"S1055","uses","T1521.001"
"S0485","uses","T1637.001"
"S0529","uses","T1636.004"
"M1011","mitigates","T1630"
"S0408","uses","T1636.004"
"S0558","uses","T1630.002"
"T1450","revoked-by","T1430.002"
"T1635.001","subtechnique-of","T1635"
"S1185","uses","T1512"
"S0478","uses","T1417.001"
"S0440","uses","T1655.001"
"G0034","uses","S0555"
"S1094","uses","T1406.002"
"S0327","uses","T1404"
"M1058","mitigates","T1664"
"S0422","uses","T1481.001"
"S1062","uses","T1437.001"
"S0408","uses","T1430"
"S0551","uses","T1513"
"S0301","uses","T1429"
"S0311","uses","T1418"
"S0305","uses","T1636.004"
"S0545","uses","T1407"
"S0408","uses","T1625.001"
"S1243","uses","T1636.002"
"S0318","uses","T1655.001"
"S1054","uses","T1628.001"
"S0551","uses","T1409"
"S0440","uses","T1577"
"S0323","uses","T1636.003"
"S1103","uses","T1643"
"S0529","uses","T1644"
"S9005","uses","T1636.005"
"S1243","uses","T1533"
"S1067","uses","T1646"
"S0421","uses","T1513"
"S0478","uses","T1422.001"
"S0301","uses","T1512"
"S1215","uses","T1630.002"
"S0405","uses","T1636.002"
"S0324","uses","T1624.001"
"M1059","mitigates","T1628.003"
"S9005","uses","T1437.001"
"S9004","uses","T1418"
"S1185","uses","T1426"
"S1061","uses","T1407"
"S0407","uses","T1422.002"
"S9005","uses","T1533"
"S9005","uses","T1646"
"S1062","uses","T1638"
"S0292","uses","T1616"
"S0302","uses","T1481.003"
"S1185","uses","T1404"
"S1195","uses","T1636.004"
"S0529","uses","T1422.001"
"S0551","uses","T1636.002"
"S0421","uses","T1532"
"S1185","uses","T1582"
"S0540","uses","T1636.004"
"S0489","uses","T1517"
"S0422","uses","T1429"
"S0480","uses","T1630.001"
"S0418","uses","T1533"
"S1225","uses","T1655"
"S0316","uses","T1636.003"
"T1523","revoked-by","T1633.001"
"S0309","uses","T1636.002"
"S1067","uses","T1521.002"
"S1079","uses","T1422.001"
"S0544","uses","T1636.003"
"S9006","uses","T1616"
"S1092","uses","T1417.001"
"S0403","uses","T1516"
"S9005","uses","T1418"
"S0544","uses","T1407"
"S0405","uses","T1533"
"S0550","uses","T1418"
"S0326","uses","T1426"
"S0536","uses","T1430"
"S0539","uses","T1636.002"
"S0423","uses","T1582"
"S0318","uses","T1626.001"
"T1481.002","subtechnique-of","T1481"
"M1012","mitigates","T1458"
"M1012","mitigates","T1629"
"S1061","uses","T1636.003"
"S9004","uses","T1629.001"
"S1185","uses","T1418"
"S1216","uses","T1422"
"S1092","uses","T1630.001"
"M1011","mitigates","T1670"
"S0655","uses","T1513"
"S0399","uses","T1512"
"S0485","uses","T1630.002"
"S0485","uses","T1426"
"S0427","uses","T1633.001"
"S0311","uses","T1628.001"
"S1126","uses","T1404"
"S1067","uses","T1517"
"S0555","uses","T1474.003"
"S1243","uses","T1655.001"
"S0408","uses","T1636.003"
"S1067","uses","T1629.001"
"S0509","uses","T1636.003"
"S0411","uses","T1426"
"S1056","uses","T1422"
"G0112","uses","T1521.001"
"S0424","uses","T1643"
"S0550","uses","T1655.001"
"S0411","uses","T1521.001"
"T1406.001","subtechnique-of","T1406"
"M1012","mitigates","T1417.002"
"S0294","uses","T1404"
"S0485","uses","T1544"
"T1478","revoked-by","T1632.001"
"S0507","uses","T1646"
"S1185","uses","T1636.004"
"S1185","uses","T1575"
"S0423","uses","T1533"
"S1079","uses","T1398"
"S9004","uses","T1417.001"
"S0536","uses","T1417.002"
"S0480","uses","T1417.001"
"S1215","uses","T1646"
"S0418","uses","T1628.001"
"S9006","uses","T1646"
"M1010","mitigates","T1623.001"
"S1241","uses","T1429"
"S1103","uses","T1517"
"S1225","uses","T1544"
"S0326","uses","T1422.002"
"S9006","uses","T1417.001"
"S0421","uses","T1630.002"
"S1225","uses","T1437.001"
"S0539","uses","T1418"
"S0399","uses","T1636.004"
"S0324","uses","T1636.004"
"M1012","mitigates","T1517"
"S0490","uses","T1646"
"M1011","mitigates","T1663"
"S1214","uses","T1406"
"S1241","uses","T1422"
"S0328","uses","T1418"
"S1092","uses","T1429"
"S9006","uses","T1418"
"S0440","uses","T1406.001"
"S0316","uses","T1418"
"S0316","uses","T1644"
"T1581","revoked-by","T1627.001"
"S0327","uses","T1437.001"
"S0418","uses","T1429"
"S1077","uses","T1626.001"
"S0407","uses","T1418"
"S0324","uses","T1429"
"S1083","uses","T1629.003"
"S0324","uses","T1422"
"S0529","uses","T1630.002"
"S0318","uses","T1422"
"M1011","mitigates","T1636.003"
"S1079","uses","T1624"
"S0480","uses","T1516"
"S1185","uses","T1655"
"S0558","uses","T1636.003"
"S0328","uses","T1430"
"G1004","uses","T1451"
"S1093","uses","T1422"
"S1231","uses","T1417"
"M1011","mitigates","T1429"
"S0545","uses","T1582"
"S0423","uses","T1406"
"S0540","uses","T1626.001"
"S1077","uses","T1422.002"
"S0322","uses","T1643"
"M1001","mitigates","T1458"
"S0328","uses","T1456"
"S1056","uses","T1422.002"
"M1013","mitigates","T1513"
"S0550","uses","T1426"
"S0509","uses","T1437.001"
"S0292","uses","T1430"
"S0558","uses","T1512"
"S1055","uses","T1517"
"M1002","mitigates","T1630"
"S1079","uses","T1430"
"S1077","uses","T1512"
"S9006","uses","T1533"
"S0506","uses","T1636.004"
"S0549","uses","T1533"
"S0405","uses","T1513"
"S0551","uses","T1533"
"S0399","uses","T1646"
"S0328","uses","T1533"
"M1012","mitigates","T1629.001"
"S0328","uses","T1636.004"
"S0522","uses","T1604"
"S1092","uses","T1417.002"
"S0405","uses","T1418"
"S1241","uses","T1420"
"S1216","uses","T1533"
"S0311","uses","T1426"
"S0463","uses","T1456"
"S9004","uses","T1417.002"
"M1011","mitigates","T1636.005"
"S0324","uses","T1512"
"S0655","uses","T1409"
"S0478","uses","T1624.001"
"S0507","uses","T1407"
"S0427","uses","T1406"
"G0112","uses","T1627.001"
"S0485","uses","T1636.004"
"M1002","mitigates","T1630.001"
"S1185","uses","T1662"
"M1004","mitigates","T1625.001"
"S1185","uses","T1398"
"S1082","uses","T1636.001"
"S0524","uses","T1655.001"
"S0299","uses","T1428"
"G0112","uses","T1407"
"S0326","uses","T1429"
"S0423","uses","T1636.003"
"M0807","mitigates","T0816"
"M0810","mitigates","T1695.001"
"M0918","mitigates","T0881"
"M0802","mitigates","T1693"
"M0813","mitigates","T0843"
"M0804","mitigates","T0838"
"M0951","mitigates","T0862"
"M0941","mitigates","T0893"
"G0035","uses","T0817"
"M0944","mitigates","T0874"
"M0947","mitigates","T0862"
"S0607","uses","T0829"
"S0606","uses","T0866"
"S1045","uses","T0846.003"
"S1045","uses","T0861"
"T1692.002","subtechnique-of","T1692"
"S0093","uses","T0888"
"M0813","mitigates","T0845"
"M0938","mitigates","T0863"
"M0919","mitigates","T0820"
"M0807","mitigates","T1692.002"
"M0927","mitigates","T1694.001"
"M0804","mitigates","T0885"
"M0937","mitigates","T1693.002"
"G0064","uses","T0852"
"S0606","uses","T0817"
"M0802","mitigates","T1692.001"
"M0807","mitigates","T1693.002"
"S1045","uses","T0869"
"S1165","uses","T0836"
"M0802","mitigates","T0845"
"S0603","uses","T0849"
"M0924","mitigates","T0881"
"G1000","uses","T0859"
"G0064","uses","T0865"
"M0945","mitigates","T0873.001"
"M0814","mitigates","T0846.001"
"M0813","mitigates","T0848"
"M0930","mitigates","T0869"
"M0812","mitigates","T0880"
"M0801","mitigates","T0859"
"M0807","mitigates","T0800"
"M0813","mitigates","T0868"
"M0926","mitigates","T0859"
"T0812","revoked-by","T1694.001"
"S0605","uses","T0881"
"G0034","uses","S0606"
"M0802","mitigates","T0858"
"M0945","mitigates","T0843.001"
"S1009","uses","T0834"
"M0930","mitigates","T1693.002"
"S0038","uses","T0893"
"M0814","mitigates","T0846.003"
"M0816","mitigates","T0877"
"M0810","mitigates","T0815"
"M0930","mitigates","T0838"
"M0951","mitigates","T0817"
"M0921","mitigates","T0863"
"S1157","uses","T0883"
"T0873.001","subtechnique-of","T0873"
"M0947","mitigates","T0843"
"S0604","uses","T0846"
"S0603","uses","T0888"
"S0605","uses","T0840"
"M0947","mitigates","T0843.001"
"M0916","mitigates","T0866"
"T1693.001","subtechnique-of","T1693"
"S1009","uses","T0843"
"M0918","mitigates","T0859"
"S0496","uses","T0863"
"S1072","uses","T0806"
"M0810","mitigates","T0813"
"M0920","mitigates","T0884"
"S1006","uses","T0821"
"S1006","uses","T0834"
"M0922","mitigates","T0809"
"M0930","mitigates","T1693"
"M0930","mitigates","T0822"
"M0804","mitigates","T0858"
"S1000","uses","T0882"
"T1694.002","subtechnique-of","T1694"
"T1695.003","subtechnique-of","T1695"
"M0950","mitigates","T0820"
"M0801","mitigates","T1694.001"
"M0805","mitigates","T0880"
"M0800","mitigates","T0861"
"S0603","uses","T1694.002"
"M0937","mitigates","T0843.003"
"S0143","uses","T0893"
"G0032","uses","S0366"
"G0034","uses","T0807"
"M0926","mitigates","T0842"
"S1000","uses","T0893"
"M0936","mitigates","T0822"
"S1045","uses","T0886"
"S0603","uses","T0877"
"M0807","mitigates","T1695.003"
"M0813","mitigates","T0843.003"
"M0945","mitigates","T0851"
"M0816","mitigates","T0823"
"M0810","mitigates","T1691.001"
"M0807","mitigates","T0838"
"M0945","mitigates","T1693"
"M0935","mitigates","T0822"
"M0818","mitigates","T1692.001"
"M0922","mitigates","T0882"
"M0807","mitigates","T0861"
"S1045","uses","T1692.001"
"M0938","mitigates","T0853"
"M0806","mitigates","T0887"
"M0937","mitigates","T1692.001"
"M0941","mitigates","T0864"
"S0603","uses","T0801"
"T1692.001","subtechnique-of","T1692"
"M0947","mitigates","T0811"
"M0948","mitigates","T0853"
"M0813","mitigates","T1692.001"
"S0496","uses","T0881"
"S1006","uses","T0843"
"M0802","mitigates","T0843.001"
"G0032","uses","T0865"
"S0603","uses","T0867"
"M0930","mitigates","T0883"
"M0938","mitigates","T0894"
"M0808","mitigates","T0887"
"T0839","revoked-by","T1693.002"
"M0947","mitigates","T0889"
"M0930","mitigates","T0842"
"M0930","mitigates","T1692.002"
"S1009","uses","T0849"
"M0930","mitigates","T0830"
"G0049","uses","T0865"
"M0937","mitigates","T0843"
"M0930","mitigates","T0846.003"
"T0803","revoked-by","T1691.001"
"S0446","uses","T0828"
"M0930","mitigates","T1695.003"
"M0804","mitigates","T0816"
"S0089","uses","T0869"
"M0802","mitigates","T0860"
"M0950","mitigates","T0890"
"M0804","mitigates","T0843.002"
"S0604","uses","T0807"
"M0800","mitigates","T0843.001"
"S0603","uses","T0834"
"M0938","mitigates","T0871"
"M0810","mitigates","T1691.002"
"M0813","mitigates","T0860"
"S0093","uses","T0846"
"S1045","uses","T0884"
"M0807","mitigates","T1693"
"M0802","mitigates","T0832"
"M0813","mitigates","T0886"
"M0807","mitigates","T0843"
"M0922","mitigates","T0873"
"S0604","uses","T0884"
"M0942","mitigates","T0866"
"M0938","mitigates","T0834"
"M0953","mitigates","T0813"
"M0930","mitigates","T0816"
"M0807","mitigates","T0806"
"M0800","mitigates","T0821"
"S0372","uses","T0828"
"M0950","mitigates","T0866"
"T1695.001","subtechnique-of","T1695"
"M0802","mitigates","T0816"
"M0800","mitigates","T0886"
"M0930","mitigates","T0846.001"
"M0804","mitigates","T0868"
"M0930","mitigates","T1695.001"
"S1009","uses","T0846.002"
"S1045","uses","T0836"
"T0804","revoked-by","T1691.002"
"M0802","mitigates","T0843.002"
"T0843.003","subtechnique-of","T0843"
"M0930","mitigates","T0886"
"M0947","mitigates","T0864"
"M0941","mitigates","T0811"
"S0603","uses","T0836"
"S0604","uses","T0814"
"M0801","mitigates","T1694.002"
"S1045","uses","T0858"
"S0608","uses","T0828"
"M0810","mitigates","T0831"
"M0927","mitigates","T0886"
"M0810","mitigates","T0830"
"M0810","mitigates","T0826"
"S1006","uses","T0814"
"S0603","uses","T0874"
"M0927","mitigates","T0892"
"G1000","uses","T0852"
"M0930","mitigates","T0843.002"
"S1072","uses","T0881"
"M0930","mitigates","T0806"
"S1009","uses","T0872"
"M0937","mitigates","T0848"
"M0953","mitigates","T0831"
"M0816","mitigates","T0801"
"M0807","mitigates","T0879"
"T1691.002","subtechnique-of","T1691"
"M0932","mitigates","T0842"
"M0810","mitigates","T0832"
"S0372","uses","T1695.002"
"M0942","mitigates","T0853"
"M0919","mitigates","T0866"
"S1009","uses","T0890"
"S1045","uses","T0843.001"
"M0807","mitigates","T0843.003"
"M0800","mitigates","T0845"
"M0808","mitigates","T1693"
"S1165","uses","T0801"
"S0093","uses","T0863"
"M0931","mitigates","T0869"
"M0947","mitigates","T0836"
"S1165","uses","T0869"
"M0801","mitigates","T0845"
"M0815","mitigates","T0814"
"M0814","mitigates","T0878"
"M0813","mitigates","T0838"
"M0801","mitigates","T0843.001"
"M0947","mitigates","T0851"
"M0937","mitigates","T0859"
"S0496","uses","T0849"
"M0948","mitigates","T0890"
"M0804","mitigates","T1693.001"
"M0804","mitigates","T0821"
"M0928","mitigates","T0847"
"S0604","uses","T1691.002"
"M0804","mitigates","T0843.003"
"M0930","mitigates","T0848"
"G0034","uses","S1010"
"M0937","mitigates","T0843.001"
"S0368","uses","T0867"
"S0604","uses","T0888"
"G0057","revoked-by","G0049"
"M0930","mitigates","T0866"
"M0804","mitigates","T0800"
"M0810","mitigates","T1695.003"
"S1009","uses","T0821"
"M0937","mitigates","T0868"
"M0807","mitigates","T0848"
"G0046","uses","S0496"
"S0368","uses","T0866"
"M0801","mitigates","T0868"
"S1072","uses","T0836"
"S1045","uses","T0859"
"S1045","uses","T0846"
"S1157","uses","T0822"
"S0604","uses","T0881"
"M0930","mitigates","T0845"
"G1000","uses","T0865"
"S1072","uses","T0888"
"M0922","mitigates","T0881"
"M0937","mitigates","T0861"
"G0102","uses","S0446"
"S0038","uses","T0811"
"M0809","mitigates","T0882"
"M0947","mitigates","T0821"
"S1165","uses","T0885"
"M0810","mitigates","T1691"
"M0802","mitigates","T0843.003"
"M0953","mitigates","T0827"
"M0800","mitigates","T0838"
"M0800","mitigates","T0816"
"S0603","uses","T0807"
"M0947","mitigates","T1693"
"M0953","mitigates","T0809"
"M0949","mitigates","T0864"
"S0604","uses","T1691.001"
"M0804","mitigates","T0886"
"S0093","uses","T0862"
"S0496","uses","T0882"
"M0807","mitigates","T0802"
"M0951","mitigates","T0819"
"M0807","mitigates","T1695.001"
"S1157","uses","T0806"
"S1006","uses","T0835"
"S1072","uses","T0802"
"M0937","mitigates","T1692.002"
"M0811","mitigates","T0827"
"S1009","uses","T0853"
"S0608","uses","T0847"
"M0917","mitigates","T0863"
"M0813","mitigates","T0830"
"S1157","uses","T0829"
"S0368","uses","T0828"
"M0808","mitigates","T1693.001"
"S1072","uses","T0801"
"G0064","uses","T0853"
"M0931","mitigates","T0846.001"
"M0807","mitigates","T1691.002"
"M0931","mitigates","T0884"
"S1009","uses","T0858"
"M0814","mitigates","T0888"
"M0938","mitigates","T0807"
"M0800","mitigates","T0871"
"M0813","mitigates","T0800"
"S0038","uses","T0882"
"M0804","mitigates","T0861"
"M0930","mitigates","T0864"
"S0143","uses","T0882"
"S0372","uses","T0829"
"M0937","mitigates","T0884"
"S1045","uses","T0843"
"M0942","mitigates","T0807"
"S0604","uses","T0831"
"S0604","uses","T1695.001"
"S0603","uses","T0843"
"M0813","mitigates","T0858"
"M0802","mitigates","T0848"
"M0931","mitigates","T0885"
"T0846.001","subtechnique-of","T0846"
"M0918","mitigates","T0838"
"M0948","mitigates","T0820"
"M0814","mitigates","T0830"
"M0802","mitigates","T0868"
"S1045","uses","T0888"
"M0947","mitigates","T1693.001"
"M0917","mitigates","T0865"
"M0813","mitigates","T1693.001"
"S0603","uses","T0847"
"S0604","uses","T0801"
"S0604","uses","T0800"
"S0604","uses","T0840"
"M0807","mitigates","T0886"
"S1165","uses","T0807"
"S1045","uses","T0867"
"M0930","mitigates","T0846.002"
"M0922","mitigates","T0811"
"S0604","uses","T0816"
"M0946","mitigates","T1693.002"
"S1072","uses","T1692.001"
"S0603","uses","T0863"
"M0810","mitigates","T0827"
"S1009","uses","T0885"
"T0843.001","subtechnique-of","T0843"
"M0942","mitigates","T0816"
"M0811","mitigates","T0829"
"S0093","uses","T0802"
"M0803","mitigates","T0893"
"M0937","mitigates","T1693.001"
"M0934","mitigates","T0847"
"M0948","mitigates","T0866"
"M0930","mitigates","T0843"
"S0093","uses","T0861"
"M0951","mitigates","T0890"
"M0922","mitigates","T0872"
"M0941","mitigates","T1693.001"
"M0810","mitigates","T1695"
"S1045","uses","T0846.001"
"M0922","mitigates","T0893"
"S1006","uses","T0889"
"M0804","mitigates","T1693"
"S0604","uses","T0806"
"M0916","mitigates","T0819"
"T0846.002","subtechnique-of","T0846"
"M0945","mitigates","T0821"
"M0951","mitigates","T0820"
"M0813","mitigates","T0861"
"M0928","mitigates","T0895"
"M0800","mitigates","T0843.003"
"M0927","mitigates","T0822"
"S0604","uses","T0813"
"S0608","uses","T0826"
"M0811","mitigates","T0813"
"M0937","mitigates","T0806"
"M0931","mitigates","T0865"
"M0807","mitigates","T0843.002"
"M0932","mitigates","T0859"
"M0930","mitigates","T0843.001"
"M0945","mitigates","T1693.002"
"G0088","uses","S1009"
"M0813","mitigates","T1692"
"M0930","mitigates","T0881"
"M0800","mitigates","T0843.002"
"S0604","uses","T0829"
"S1009","uses","T0868"
"G0034","uses","S0604"
"G0034","uses","S1072"
"S0604","uses","T0815"
"M0801","mitigates","T1693.001"
"M0930","mitigates","T0802"
"M0927","mitigates","T0859"
"S0604","uses","T0809"
"M0808","mitigates","T1693.002"
"M0807","mitigates","T0868"
"M0804","mitigates","T0843.001"
"M0813","mitigates","T1693"
"M0802","mitigates","T1693.001"
"M0930","mitigates","T1695.002"
"S1006","uses","T0858"
"S0372","uses","T1695.003"
"M0801","mitigates","T0843.002"
"S1157","uses","T0814"
"S0605","uses","T0828"
"S0604","uses","T0827"
"M0807","mitigates","T1691.001"
"M0953","mitigates","T0892"
"T0843.002","subtechnique-of","T0843"
"M0926","mitigates","T0866"
"M0800","mitigates","T0843"
"M0918","mitigates","T0822"
"G0034","uses","T0819"
"M0942","mitigates","T0822"
"M0813","mitigates","T0843.001"
"M0801","mitigates","T0858"
"M0801","mitigates","T1693.002"
"M0945","mitigates","T0889"
"S1009","uses","T0845"
"M0802","mitigates","T1693.002"
"S0603","uses","T0873.001"
"S0496","uses","T0828"
"M0807","mitigates","T0858"
"S0607","uses","T0872"
"M0930","mitigates","T1693.001"
"G0037","uses","S0372"
"M0950","mitigates","T0819"
"M0807","mitigates","T0878"
"M0801","mitigates","T1694"
"M0918","mitigates","T0886"
"M0930","mitigates","T1695"
"M0814","mitigates","T1691.002"
"M0816","mitigates","T0840"
"M0804","mitigates","T0836"
"M0810","mitigates","T1695.002"
"M0947","mitigates","T0843.003"
"M0811","mitigates","T0826"
"M0802","mitigates","T0800"
"M0931","mitigates","T0830"
"M0930","mitigates","T0878"
"M0931","mitigates","T0863"
"S0604","uses","T0846.001"
"S0607","uses","T0809"
"M0814","mitigates","T0846"
"M0806","mitigates","T0860"
"G0088","uses","T0862"
"S1045","uses","T0845"
"G0034","uses","S0089"
"M0808","mitigates","T0860"
"G0088","uses","T0817"
"M0801","mitigates","T0800"
"T0846.003","subtechnique-of","T0846"
"S0607","uses","T0881"
"M0947","mitigates","T0830"
"M0917","mitigates","T0893"
"M0947","mitigates","T1693.002"
"S0372","uses","T0827"
"M0816","mitigates","T0835"
"M0816","mitigates","T0852"
"M0802","mitigates","T0831"
"M0913","mitigates","T0859"
"M0947","mitigates","T0874"
"M0801","mitigates","T0861"
"M0814","mitigates","T0846.002"
"M0807","mitigates","T1693.001"
"M0953","mitigates","T0826"
"M0951","mitigates","T0864"
"M0800","mitigates","T0868"
"M0918","mitigates","T0811"
"S1006","uses","T0846.001"
"M0945","mitigates","T0849"
"M0926","mitigates","T0811"
"T0857","revoked-by","T1693.001"
"M0937","mitigates","T0845"
"M0947","mitigates","T0859"
"M0807","mitigates","T1692.001"
"M0926","mitigates","T0819"
"S0603","uses","T0869"
"S0604","uses","T1692.001"
"M0803","mitigates","T0882"
"S0603","uses","T0885"
"M0949","mitigates","T0865"
"M0930","mitigates","T0885"
"S0603","uses","T0866"
"M0813","mitigates","T0806"
"M0945","mitigates","T0843.003"
"G0115","uses","S0496"
"M0807","mitigates","T0845"
"M0921","mitigates","T0865"
"M0953","mitigates","T0815"
"S0605","uses","T0849"
"S0604","uses","T0802"
"G0049","uses","T0853"
"S0366","uses","T0866"
"G0034","uses","S0368"
"M0808","mitigates","T0842"
"M0807","mitigates","T1695.002"
"M0953","mitigates","T0832"
"S0603","uses","T0831"
"M0916","mitigates","T0862"
"M0931","mitigates","T0867"
"M0941","mitigates","T0873"
"M0930","mitigates","T0861"
"M0807","mitigates","T1692"
"T0891","revoked-by","T1694.002"
"S1010","uses","T0830"
"T1695.002","subtechnique-of","T1695"
"M0817","mitigates","T0862"
"M0807","mitigates","T0884"
"M0801","mitigates","T0886"
"S0496","uses","T0869"
"M0937","mitigates","T0843.002"
"M0810","mitigates","T0878"
"S0604","uses","T0832"
"M0948","mitigates","T0817"
"M0942","mitigates","T0885"
"M0937","mitigates","T0816"
"S1010","uses","T0842"
"M0947","mitigates","T0843.002"
"G0082","uses","S0607"
"M0945","mitigates","T0843"
"S0603","uses","T0889"
"M0941","mitigates","T0882"
"M0811","mitigates","T0892"
"M0946","mitigates","T1693"
"S1045","uses","T0890"
"M0938","mitigates","T0849"
"S0603","uses","T0821"
"S1009","uses","T0874"
"T1694.001","subtechnique-of","T1694"
"M0813","mitigates","T0843.002"
"G0034","uses","S0607"
"T1691.001","subtechnique-of","T1691"
"M0930","mitigates","T0843.003"
"M0946","mitigates","T1693.001"
"M0942","mitigates","T0830"
"M0812","mitigates","T0879"
"M0800","mitigates","T0889"
"G0049","uses","T0869"
"M0814","mitigates","T1691"
"M0949","mitigates","T0863"
"M0941","mitigates","T1693"
"G0035","uses","S0093"
"M0801","mitigates","T0843.003"
"S0366","uses","T0867"
"M0941","mitigates","T0873.001"
"M0945","mitigates","T0862"
"S1009","uses","T0871"
"S0606","uses","T0828"
"S1009","uses","T0880"
"M0807","mitigates","T0869"
"S1045","uses","T0842"
"M0942","mitigates","T0847"
"S0093","uses","T0814"
"S0089","uses","T0865"
"M0802","mitigates","T0861"
"M0932","mitigates","T0822"
"T0855","revoked-by","T1692.001"
"M0953","mitigates","T0828"
"M0804","mitigates","T0871"
"M0945","mitigates","T0843.002"
"M0801","mitigates","T1693"
"M0814","mitigates","T0842"
"G0074","revoked-by","G0035"
"M0945","mitigates","T0863"
"S0093","uses","T0865"
"M0951","mitigates","T0866"
"M0807","mitigates","T0843.001"
"S0603","uses","T0832"
"S0496","uses","T0886"
"T1693.002","subtechnique-of","T1693"
"S1045","uses","T0809"
"M0950","mitigates","T0817"
"M0805","mitigates","T0879"
"M0930","mitigates","T1692"
"M0807","mitigates","T1695"
"M0800","mitigates","T0836"
"M0930","mitigates","T0858"
"M0941","mitigates","T1693.002"
"M0951","mitigates","T1693.001"
"M0948","mitigates","T0819"
"T0856","revoked-by","T1692.002"
"M0811","mitigates","T0815"
"M0801","mitigates","T0816"
"M0926","mitigates","T0809"
"G0037","uses","S0446"
"M0802","mitigates","T1692"
"S1009","uses","T0820"
"M0936","mitigates","T0859"
"M0945","mitigates","T1693.001"
"M0930","mitigates","T0868"
"S0603","uses","T0886"
"G0034","uses","T0884"
"M0814","mitigates","T1691.001"
"M0802","mitigates","T0843"
"M0801","mitigates","T0843"
"M0937","mitigates","T1692"
"M0810","mitigates","T0829"
"S0606","uses","T0863"
"S0496","uses","T0853"
"S0089","uses","T0859"
"M0937","mitigates","T0800"
"M0953","mitigates","T0829"
"M0804","mitigates","T1693.002"
"M0915","mitigates","T0859"
"M0800","mitigates","T0858"
"G0035","uses","T0862"
"M0801","mitigates","T0871"
"S0603","uses","T0835"
"M0937","mitigates","T0886"
"S0603","uses","T0851"
"M0930","mitigates","T0800"
"M0801","mitigates","T0838"
"S0603","uses","T0842"
"S0604","uses","T0837"
"M0919","mitigates","T0890"
"M0804","mitigates","T0845"
"M0917","mitigates","T0811"
"S1009","uses","T0869"
"S1009","uses","T1693.001"
"G0049","uses","T0859"
"T0805","revoked-by","T1695.001"
"M0802","mitigates","T0830"
"M0922","mitigates","T0849"
"M0947","mitigates","T0873.001"
"M0807","mitigates","T1691"
"M0813","mitigates","T1692.002"
"G0049","uses","T0817"
"M0813","mitigates","T0816"
"M0802","mitigates","T1692.002"
"M0818","mitigates","T0836"
"M0947","mitigates","T0873"
"M0945","mitigates","T0873"
"M0804","mitigates","T0843"
"M0804","mitigates","T0889"
"S1157","uses","T0809"
"M0922","mitigates","T0873.001"
"G1000","uses","T0817"
"M0937","mitigates","T1693"
"M0930","mitigates","T0819"
"S1045","uses","T1694.002"
"M0921","mitigates","T0817"
"M0930","mitigates","T1692.001"
"M0813","mitigates","T1693.002"
"M0800","mitigates","T0800"
"S0606","uses","T0867"
