"attack_id","name","is_subtechnique","kill_chain_phases","platforms","data_sources","stix_id","ontology_completeness"
"T1055.011","Extra Window Memory Injection","true","stealth|privilege-escalation","Windows","","attack-pattern--0042a9f5-f053-4769-b3ef-9ad018dfa298","stix_bundle_loaded"
"T1053.005","Scheduled Task","true","execution|persistence|privilege-escalation","Windows","","attack-pattern--005a06c6-14bf-4118-afa0-ebcd8aebb0c9","stix_bundle_loaded"
"T1205.002","Socket Filters","true","stealth|persistence|command-and-control","Linux|macOS|Windows","","attack-pattern--005cc321-08ce-4d17-b1ea-cb5275926520","stix_bundle_loaded"
"T1066","Indicator Removal from Tools","false","stealth","Linux|macOS|Windows","","attack-pattern--00d0b012-8a03-410e-95de-5826bf542de6","stix_bundle_loaded"
"T1560.001","Archive via Utility","true","collection","Linux|macOS|Windows","","attack-pattern--00f90846-cbd1-4fc5-9233-df5c2bf2a662","stix_bundle_loaded"
"T1021.005","VNC","true","lateral-movement","Linux|Windows|macOS","","attack-pattern--01327cde-66c4-4123-bf34-5f258d59457b","stix_bundle_loaded"
"T1047","Windows Management Instrumentation","false","execution","Windows","","attack-pattern--01a5a209-b94c-450b-b7f9-946497d91055","stix_bundle_loaded"
"T1687","Exploitation for Defense Impairment","false","defense-impairment","IaaS|Linux|macOS|SaaS|Windows","","attack-pattern--01c9b54f-c04e-41ba-b0c3-cfe784b3a463","stix_bundle_loaded"
"T1156","Malicious Shell Modification","false","persistence","Linux|macOS","","attack-pattern--01df3350-ce05-4bdf-bdf8-0a919a66d4a8","stix_bundle_loaded"
"T1113","Screen Capture","false","collection","Linux|macOS|Windows","","attack-pattern--0259baeb-9f63-4c69-bf10-eb038c390688","stix_bundle_loaded"
"T1027.011","Fileless Storage","true","stealth","Linux|Windows","","attack-pattern--02c5abff-30bf-4703-ab92-1f6072fae939","stix_bundle_loaded"
"T1067","Bootkit","false","persistence","Linux|Windows","","attack-pattern--02fefddc-fb1b-423f-a76b-7552dd211d4d","stix_bundle_loaded"
"T1037","Boot or Logon Initialization Scripts","false","persistence|privilege-escalation","ESXi|Linux|macOS|Network Devices|Windows","","attack-pattern--03259939-0b57-482f-8eb5-87c0e0d54334","stix_bundle_loaded"
"T1557","Adversary-in-the-Middle","false","credential-access|collection","Linux|macOS|Network Devices|Windows","","attack-pattern--035bb001-ab69-4a0b-9f6c-2de8b09e1b9d","stix_bundle_loaded"
"T1033","System Owner/User Discovery","false","discovery","Linux|macOS|Network Devices|Windows","","attack-pattern--03d7999c-1f4c-42cc-8373-e7690d318104","stix_bundle_loaded"
"T1583","Acquire Infrastructure","false","resource-development","PRE","","attack-pattern--0458aab9-ad42-4eac-9e22-706a95bafee2","stix_bundle_loaded"
"T1218.011","Rundll32","true","stealth","Windows","","attack-pattern--045d0922-2310-4e60-b5e4-3302302cb3c5","stix_bundle_loaded"
"T1613","Container and Resource Discovery","false","discovery","Containers","","attack-pattern--0470e792-32f8-46b0-a351-652bc35e9336","stix_bundle_loaded"
"T1583.007","Serverless","true","resource-development","PRE","","attack-pattern--04a5a8ab-3bc8-4c83-95c9-55274a89786d","stix_bundle_loaded"
"T1143","Hidden Window","false","stealth","macOS|Windows","","attack-pattern--04ee0cb7-dac3-4c6c-9387-4c6aa096f4cf","stix_bundle_loaded"
"T1161","LC_LOAD_DYLIB Addition","false","persistence","macOS","","attack-pattern--04ef4356-8926-45e2-9441-634b6f3dcecb","stix_bundle_loaded"
"T1132.001","Standard Encoding","true","command-and-control","ESXi|Linux|macOS|Windows","","attack-pattern--04fd5427-79c7-44ea-ae13-11b24778ff1c","stix_bundle_loaded"
"T1027.009","Embedded Payloads","true","stealth","Linux|macOS|Windows","","attack-pattern--0533ab23-3f7d-463f-9bd8-634d27e4dee1","stix_bundle_loaded"
"T1150","Plist Modification","false","stealth|persistence|privilege-escalation","macOS","","attack-pattern--06780952-177c-4247-b978-79c357fb311f","stix_bundle_loaded"
"T1556.003","Pluggable Authentication Modules","true","defense-impairment|persistence|credential-access","Linux|macOS","","attack-pattern--06c00069-771a-4d57-8ef5-d3718c1a8771","stix_bundle_loaded"
"T1578.004","Revert Cloud Instance","true","defense-impairment","IaaS","","attack-pattern--0708ae90-d0eb-4938-9a76-d0fc94f6eec1","stix_bundle_loaded"
"T1148","HISTCONTROL","false","stealth","Linux|macOS","","attack-pattern--086952c4-5b90-4185-b573-02bad8e11953","stix_bundle_loaded"
"T1592","Gather Victim Host Information","false","reconnaissance","PRE","","attack-pattern--09312b1a-c3c6-4b45-9844-3ccc78e5d82f","stix_bundle_loaded"
"T1596.003","Digital Certificates","true","reconnaissance","PRE","","attack-pattern--0979abf9-4e26-43ec-9b6e-54efc4e70fca","stix_bundle_loaded"
"T1056.001","Keylogging","true","collection|credential-access","Linux|macOS|Network Devices|Windows","","attack-pattern--09a60ea3-a8d1-4ae5-976e-5783248b72a4","stix_bundle_loaded"
"T1564.012","File/Path Exclusions","true","stealth","Linux|macOS|Windows","","attack-pattern--09b008a9-b4eb-462a-a751-a0eb58050cd9","stix_bundle_loaded"
"T1222.002","Linux and Mac Permissions","true","defense-impairment","Linux|macOS","","attack-pattern--09b130a2-a77e-4af0-a361-f46f9aad1345","stix_bundle_loaded"
"T1110.001","Password Guessing","true","credential-access","Containers|ESXi|IaaS|Identity Provider|Linux|macOS|Network Devices|Office Suite|SaaS|Windows","","attack-pattern--09c4c11e-4fa1-4f8c-8dad-3cf8e69ad119","stix_bundle_loaded"
"T1216.001","PubPrn","true","stealth","Windows","","attack-pattern--09cd431f-eaf4-4d2a-acaf-2a7acfe7ed58","stix_bundle_loaded"
"T1597.002","Purchase Technical Data","true","reconnaissance","PRE","","attack-pattern--0a241b6c-7bb2-48f9-98f7-128145b4d27f","stix_bundle_loaded"
"T1003","OS Credential Dumping","false","credential-access","Linux|macOS|Windows","","attack-pattern--0a3ead4e-6d47-4ccb-854c-a6a4f9d96b22","stix_bundle_loaded"
"T1129","Shared Modules","false","execution","Linux|macOS|Windows","","attack-pattern--0a5231ec-41af-4a35-83d0-6bdf11f28c65","stix_bundle_loaded"
"T1602","Data from Configuration Repository","false","collection","Network Devices","","attack-pattern--0ad7bc5c-235a-4048-944b-3b286676cb74","stix_bundle_loaded"
"T1561.002","Disk Structure Wipe","true","impact","Linux|macOS|Network Devices|Windows","","attack-pattern--0af0ca99-357d-4ba1-805f-674fdfb7bef9","stix_bundle_loaded"
"T1498.001","Direct Network Flood","true","impact","Windows|IaaS|Linux|macOS","","attack-pattern--0bda01d5-4c1d-4062-8ee2-6872334383c3","stix_bundle_loaded"
"T1492","Stored Data Manipulation","false","impact","Linux|macOS|Windows","","attack-pattern--0bf78622-e8d2-41da-a857-731472d61a92","stix_bundle_loaded"
"T1574.007","Path Interception by PATH Environment Variable","true","stealth|execution","Linux|macOS|Windows","","attack-pattern--0c2d00da-7742-49e7-9928-4514e5075d32","stix_bundle_loaded"
"T1213.002","Sharepoint","true","collection","Office Suite|Windows","","attack-pattern--0c4b4fda-9062-47da-98b9-ceae2dcf052a","stix_bundle_loaded"
"T1006","Direct Volume Access","false","stealth","Network Devices|Windows","","attack-pattern--0c8ab3eb-df48-4b9c-ace7-beacaac81cc5","stix_bundle_loaded"
"T1044","File System Permissions Weakness","false","persistence|privilege-escalation","Windows|Linux|macOS","","attack-pattern--0ca7beef-9bbc-4e35-97cf-437384ddce6a","stix_bundle_loaded"
"T1588.007","Artificial Intelligence","true","resource-development","PRE","","attack-pattern--0cc222f5-c3ff-48e6-9f52-3314baf9d37e","stix_bundle_loaded"
"T1666","Modify Cloud Resource Hierarchy","false","defense-impairment","IaaS","","attack-pattern--0ce73446-8722-4086-9d43-514f1d0f669e","stix_bundle_loaded"
"T1564.008","Email Hiding Rules","true","stealth","Windows|Linux|macOS|Office Suite","","attack-pattern--0cf55441-b176-4332-89e7-2c4c7799d0ff","stix_bundle_loaded"
"T1491.002","External Defacement","true","impact","Windows|IaaS|Linux|macOS","","attack-pattern--0cfe31a7-81fc-472c-bc45-e2808d1066a3","stix_bundle_loaded"
"T1027.013","Encrypted/Encoded File","true","stealth","Linux|macOS|Windows","","attack-pattern--0d91b3c0-5e50-47c3-949a-2a796f04d144","stix_bundle_loaded"
"T1171","LLMNR/NBT-NS Poisoning and Relay","false","credential-access","Windows","","attack-pattern--0dbf5f1b-a560-4d51-ac1b-d70caab3e1f0","stix_bundle_loaded"
"T1590.005","IP Addresses","true","reconnaissance","PRE","","attack-pattern--0dda99f0-4701-48ca-9774-8504922e92d3","stix_bundle_loaded"
"T1499.001","OS Exhaustion Flood","true","impact","Linux|macOS|Windows","","attack-pattern--0df05477-c572-4ed6-88a9-47c581f548f7","stix_bundle_loaded"
"T1014","Rootkit","false","stealth","Linux|macOS|Windows","","attack-pattern--0f20e3cb-245b-4a61-8a91-2d93f7cb0e9b","stix_bundle_loaded"
"T1546.013","PowerShell Profile","true","privilege-escalation|persistence","Windows","","attack-pattern--0f2c410d-d740-4ed9-abb1-b8f4a7faf6c3","stix_bundle_loaded"
"T1059.007","JavaScript","true","execution","Linux|macOS|Windows","","attack-pattern--0f4a0c76-ab2d-4cb0-85d3-3f0efb8cba0d","stix_bundle_loaded"
"T1685.003","Modify or Spoof Tool UI","true","defense-impairment","Linux|macOS|Windows","","attack-pattern--0ff4bd68-aebb-4039-9e00-9f92c705edf4","stix_bundle_loaded"
"T1590.002","DNS","true","reconnaissance","PRE","","attack-pattern--0ff59227-8aa8-4c09-bf1f-925605bd07ea","stix_bundle_loaded"
"T1501","Systemd Service","false","persistence","Linux","","attack-pattern--0fff2797-19cb-41ea-a5f1-8a9303b8158e","stix_bundle_loaded"
"T1485.001","Lifecycle-Triggered Deletion","true","impact","IaaS","","attack-pattern--1001e0d6-ee09-4dfc-aa90-e9320ffc8fe4","stix_bundle_loaded"
"T1514","Elevated Execution with Prompt","false","privilege-escalation","macOS","","attack-pattern--101c3a64-9ba5-46c9-b573-5c501053cbca","stix_bundle_loaded"
"T1123","Audio Capture","false","collection","Linux|macOS|Windows","","attack-pattern--1035cdf2-3e5f-446f-a7a7-e8f6d7925967","stix_bundle_loaded"
"T1543","Create or Modify System Process","false","persistence|privilege-escalation","Containers|Linux|macOS|Windows","","attack-pattern--106c0cf6-bf73-4601-9aa8-0945c2715ec5","stix_bundle_loaded"
"T1133","External Remote Services","false","persistence|initial-access","Containers|Linux|macOS|Windows","","attack-pattern--10d51417-ee35-4589-b1ff-b6df1c334e8d","stix_bundle_loaded"
"T1109","Component Firmware","false","stealth|persistence","Windows","","attack-pattern--10d5f3b7-6be6-4da5-9a77-0f1e2bbfcc44","stix_bundle_loaded"
"T1546.006","LC_LOAD_DYLIB Addition","true","privilege-escalation|persistence","macOS","","attack-pattern--10ff21b9-5a01-4268-a1b5-3b55015f1847","stix_bundle_loaded"
"T1539","Steal Web Session Cookie","false","credential-access","Linux|macOS|Office Suite|SaaS|Windows","","attack-pattern--10ffac09-e42d-4f56-ab20-db94c67d76ff","stix_bundle_loaded"
"T1053.007","Container Orchestration Job","true","execution|persistence|privilege-escalation","Containers","","attack-pattern--1126cab1-c700-412f-a510-61f4937bb096","stix_bundle_loaded"
"T1568.002","Domain Generation Algorithms","true","command-and-control","ESXi|Linux|macOS|Windows","","attack-pattern--118f61a5-eb3e-4fb6-931f-2096647f4ecd","stix_bundle_loaded"
"T1036.007","Double File Extension","true","stealth","Windows","","attack-pattern--11f29a39-0942-4d62-92b6-fe236cf3066e","stix_bundle_loaded"
"T1548.002","Bypass User Account Control","true","privilege-escalation","Windows","","attack-pattern--120d5519-3098-4e1c-9191-2aa61232f073","stix_bundle_loaded"
"T1099","Timestomp","false","stealth","Linux|Windows|macOS","","attack-pattern--128c55d3-aeba-469f-bd3e-c8996ab4112a","stix_bundle_loaded"
"T1496.003","SMS Pumping","true","impact","SaaS","","attack-pattern--130d4494-b2d6-4040-bcea-6e59f05222fe","stix_bundle_loaded"
"T1016.001","Internet Connection Discovery","true","discovery","Windows|Linux|macOS|ESXi","","attack-pattern--132d5b37-aac5-4378-a8dc-3127b18a73dc","stix_bundle_loaded"
"T1548.003","Sudo and Sudo Caching","true","privilege-escalation","Linux|macOS","","attack-pattern--1365fe3b-0f50-455d-b4da-266ce31c23b0","stix_bundle_loaded"
"T1685.001","Disable or Modify Windows Event Log","true","defense-impairment","Windows","","attack-pattern--1411e6b8-80a6-4465-9909-54eaa9c67ce0","stix_bundle_loaded"
"T1682","Query Public AI Services","false","reconnaissance","PRE","","attack-pattern--143122a8-fcda-4dd7-aded-5b9387d9c2d6","stix_bundle_loaded"
"T1560.003","Archive via Custom Method","true","collection","Linux|macOS|Windows","","attack-pattern--143c0cbb-a297-4142-9624-87ffc778980b","stix_bundle_loaded"
"T1578","Modify Cloud Compute Infrastructure","false","defense-impairment","IaaS","","attack-pattern--144e007b-e638-431d-a894-45d90c54ab90","stix_bundle_loaded"
"T1584.008","Network Devices","true","resource-development","PRE","","attack-pattern--149b477f-f364-4824-b1b5-aa1d56115869","stix_bundle_loaded"
"T1583.008","Malvertising","true","resource-development","PRE","","attack-pattern--155207c0-7f53-4f13-a06b-0a9907ef5096","stix_bundle_loaded"
"T1069","Permission Groups Discovery","false","discovery","Containers|IaaS|Identity Provider|Linux|macOS|Office Suite|SaaS|Windows","","attack-pattern--15dbf668-795c-41e6-8219-f0447c0e64ce","stix_bundle_loaded"
"T1114","Email Collection","false","collection","Windows|macOS|Linux|Office Suite","","attack-pattern--1608f3e1-598a-42f4-a01a-2e252e81728f","stix_bundle_loaded"
"T1003.002","Security Account Manager","true","credential-access","Windows","","attack-pattern--1644e709-12d2-41e5-a60f-3470991f5011","stix_bundle_loaded"
"T1596.002","WHOIS","true","reconnaissance","PRE","","attack-pattern--166de1c6-2814-4fe5-8438-4e80f76b169f","stix_bundle_loaded"
"T1542.001","System Firmware","true","stealth|persistence","Network Devices|Windows","","attack-pattern--16ab6452-c3c1-497c-a47d-206018ca1ada","stix_bundle_loaded"
"T1594","Search Victim-Owned Websites","false","reconnaissance","PRE","","attack-pattern--16cdd21f-da65-4e4f-bc04-dd7d198c7b26","stix_bundle_loaded"
"T1069.003","Cloud Groups","true","discovery","SaaS|IaaS|Office Suite|Identity Provider","","attack-pattern--16e94db9-b5b1-4cd0-b851-f38fbd0a70f2","stix_bundle_loaded"
"T1574.011","Services Registry Permissions Weakness","true","stealth|execution","Windows","","attack-pattern--17cc750b-e95b-4d7d-9dde-49e0de24148c","stix_bundle_loaded"
"T1596.001","DNS/Passive DNS","true","reconnaissance","PRE","","attack-pattern--17fd695c-b88c-455a-a3d1-43b6cb728532","stix_bundle_loaded"
"T1499.003","Application Exhaustion Flood","true","impact","Windows|IaaS|Linux|macOS","","attack-pattern--18cffc21-3260-437e-80e4-4ab8bf2ba5e9","stix_bundle_loaded"
"T1163","Rc.common","false","persistence","macOS","","attack-pattern--18d4ab39-12ed-4a16-9fdb-ae311bba4a0f","stix_bundle_loaded"
"T1195.001","Compromise Software Dependencies and Development Tools","true","initial-access","Linux|macOS|Windows","","attack-pattern--191cc6af-1bb2-4344-ab5f-28e496638720","stix_bundle_loaded"
"T1588.004","Digital Certificates","true","resource-development","PRE","","attack-pattern--19401639-28d0-4c3c-adcc-bc2ba22f6421","stix_bundle_loaded"
"T1583.002","DNS Server","true","resource-development","PRE","","attack-pattern--197ef1b9-e764-46c3-b96c-23f77985dc81","stix_bundle_loaded"
"T1561","Disk Wipe","false","impact","Linux|macOS|Windows|Network Devices","","attack-pattern--1988cc35-ced8-4dad-b2d1-7628488fa967","stix_bundle_loaded"
"T1071.004","DNS","true","command-and-control","ESXi|Linux|macOS|Network Devices|Windows","","attack-pattern--1996eef1-ced3-4d7f-bf94-33298cabbf72","stix_bundle_loaded"
"T1552.005","Cloud Instance Metadata API","true","credential-access","IaaS","","attack-pattern--19bf235b-8620-4997-b5b4-94e0659ed7c3","stix_bundle_loaded"
"T1555.002","Securityd Memory","true","credential-access","Linux|macOS","","attack-pattern--1a80d097-54df-41d8-9d33-34e755ec5e72","stix_bundle_loaded"
"T1615","Group Policy Discovery","false","discovery","Windows","","attack-pattern--1b20efbf-8063-4fc3-a07d-b575318a301b","stix_bundle_loaded"
"T1542.003","Bootkit","true","stealth|persistence","Linux|Windows","","attack-pattern--1b7b1806-7746-41a1-a35d-e48dae25ddba","stix_bundle_loaded"
"T1025","Data from Removable Media","false","collection","Linux|macOS|Windows","","attack-pattern--1b7ba276-eedc-4951-a762-0ceea2c030ec","stix_bundle_loaded"
"T1116","Code Signing","false","stealth","macOS|Windows","","attack-pattern--1b84d551-6de8-4b96-9930-d177677c3b1d","stix_bundle_loaded"
"T1218.013","Mavinject","true","stealth","Windows","","attack-pattern--1bae753e-8e52-4055-a66d-2ead90303ca9","stix_bundle_loaded"
"T1522","Cloud Instance Metadata API","false","credential-access","IaaS","","attack-pattern--1c2fd73a-e634-44ed-b1b5-9e7cf7404e9f","stix_bundle_loaded"
"T1093","Process Hollowing","false","stealth","Windows","","attack-pattern--1c338d0f-a65e-4073-a5c1-c06878849f21","stix_bundle_loaded"
"T1074.001","Local Data Staging","true","collection","ESXi|Linux|macOS|Windows","","attack-pattern--1c34f7aa-9341-4a48-bfab-af22e51aca6c","stix_bundle_loaded"
"T1036.005","Match Legitimate Resource Name or Location","true","stealth","Containers|ESXi|Linux|macOS|Windows","","attack-pattern--1c4e5d32-1fe9-4116-9d9d-59e3925bd6a2","stix_bundle_loaded"
"T1172","Domain Fronting","false","command-and-control","Linux|macOS|Windows","","attack-pattern--1ce03c65-5946-4ac9-9d4d-66db87e024bd","stix_bundle_loaded"
"T1587.003","Digital Certificates","true","resource-development","PRE","","attack-pattern--1cec9319-743b-4840-bb65-431547bce82a","stix_bundle_loaded"
"T1565.001","Stored Data Manipulation","true","impact","Linux|macOS|Windows","","attack-pattern--1cfcb312-b8d7-47a4-b560-4b16cc677292","stix_bundle_loaded"
"T1110.002","Password Cracking","true","credential-access","Identity Provider|Linux|macOS|Network Devices|Office Suite|Windows","","attack-pattern--1d24cdee-9ea2-4189-b08e-af110bf2435d","stix_bundle_loaded"
"T1178","SID-History Injection","false","privilege-escalation","Windows","","attack-pattern--1df0326d-2fbc-4d08-a16b-48365f1e742d","stix_bundle_loaded"
"T1114.001","Local Email Collection","true","collection","Windows","","attack-pattern--1e9eb839-294b-48cc-b0d3-c45555a2a004","stix_bundle_loaded"
"T1555.001","Keychain","true","credential-access","macOS","","attack-pattern--1eaebf46-e361-4437-bc23-d5d65a3b92e3","stix_bundle_loaded"
"T1547","Boot or Logon Autostart Execution","false","persistence|privilege-escalation","Linux|macOS|Windows|Network Devices","","attack-pattern--1ecb2399-e8ba-4f6b-8ba7-5c27d49405cf","stix_bundle_loaded"
"T1003.004","LSA Secrets","true","credential-access","Windows","","attack-pattern--1ecfdab8-7d59-4c98-95d4-dc41970f57fc","stix_bundle_loaded"
"T1013","Port Monitors","false","persistence|privilege-escalation","Windows","","attack-pattern--1f47e2fd-fa77-4f2f-88ee-e85df308f125","stix_bundle_loaded"
"T1600","Weaken Encryption","false","defense-impairment","Network Devices","","attack-pattern--1f9012ef-1e10-4e48-915e-e03563435fe8","stix_bundle_loaded"
"T1606.002","SAML Tokens","true","credential-access","SaaS|Windows|IaaS|Office Suite|Identity Provider","","attack-pattern--1f9c2bae-b441-4f66-a8af-b65946ee72f2","stix_bundle_loaded"
"T1192","Spearphishing Link","false","initial-access","Windows|macOS|Linux|Office 365|SaaS","","attack-pattern--20138b9d-1aac-4a26-8654-a36b6bbf2bba","stix_bundle_loaded"
"T1036.008","Masquerade File Type","true","stealth","Linux|macOS|Windows","","attack-pattern--208884f1-7b83-4473-ac22-4e1cf6c41471","stix_bundle_loaded"
"T1489","Service Stop","false","impact","ESXi|IaaS|Linux|macOS|Windows","","attack-pattern--20fb2507-d71c-455d-9b6d-6104461cf26b","stix_bundle_loaded"
"T1587.001","Malware","true","resource-development","PRE","","attack-pattern--212306d8-efa4-44c9-8c2d-ed3d2e224aa0","stix_bundle_loaded"
"T1121","Regsvcs/Regasm","false","stealth|execution","Windows","","attack-pattern--215190a9-9f02-4e83-bb5f-e0589965a302","stix_bundle_loaded"
"T1652","Device Driver Discovery","false","discovery","Linux|macOS|Windows","","attack-pattern--215d9700-5881-48b8-8265-6449dbb7195d","stix_bundle_loaded"
"T1206","Sudo Caching","false","privilege-escalation","Linux|macOS","","attack-pattern--2169ba87-1146-4fc7-a118-12b72251db7e","stix_bundle_loaded"
"T1087.002","Domain Account","true","discovery","Linux|macOS|Windows","","attack-pattern--21875073-b0ee-49e3-9077-1e2a885359af","stix_bundle_loaded"
"T1547.014","Active Setup","true","persistence|privilege-escalation","Windows","","attack-pattern--22522668-ddf6-470b-a027-9d6866679f67","stix_bundle_loaded"
"T1564","Hide Artifacts","false","stealth","ESXi|Linux|macOS|Office Suite|Windows","","attack-pattern--22905430-4901-4c2a-84f6-98243cb173f8","stix_bundle_loaded"
"T1559.002","Dynamic Data Exchange","true","execution","Windows","","attack-pattern--232a7e42-cd6e-4902-8fe9-2960f529dd4d","stix_bundle_loaded"
"T1204.002","Malicious File","true","execution","Linux|macOS|Windows","","attack-pattern--232b7f21-adf9-4b42-b936-b9d6f7df856e","stix_bundle_loaded"
"T1591.003","Identify Business Tempo","true","reconnaissance","PRE","","attack-pattern--2339cf19-8f1e-48f7-8a91-0262ba547b6f","stix_bundle_loaded"
"T1685.004","Disable or Modify Linux Audit System Log","true","defense-impairment","Linux","","attack-pattern--23d69d00-80c4-42ff-9dac-dbd0459dad75","stix_bundle_loaded"
"T1063","Security Software Discovery","false","discovery","macOS|Windows","","attack-pattern--241814ae-de3f-4656-b49e-f9a80764d4b7","stix_bundle_loaded"
"T1071.005","Publish/Subscribe Protocols","true","command-and-control","macOS|Linux|Windows|Network Devices","","attack-pattern--241f9ea8-f6ae-4f38-92f5-cef5b7e539dd","stix_bundle_loaded"
"T1592.001","Hardware","true","reconnaissance","PRE","","attack-pattern--24286c33-d4a4-4419-85c2-1d094a896c26","stix_bundle_loaded"
"T1080","Taint Shared Content","false","lateral-movement","Windows|SaaS|Linux|macOS|Office Suite","","attack-pattern--246fd3c7-f5e3-466d-8787-4c13d9e3b61c","stix_bundle_loaded"
"T1484.002","Trust Modification","true","defense-impairment|privilege-escalation","Identity Provider|Windows","","attack-pattern--24769ab5-14bd-4f4e-a752-cfb185da53ee","stix_bundle_loaded"
"T1213.006","Databases","true","collection","IaaS|Linux|macOS|SaaS|Windows","","attack-pattern--248d3fe1-7fe1-4d71-91c7-8bb7ef35cad3","stix_bundle_loaded"
"T1573.001","Symmetric Cryptography","true","command-and-control","ESXi|Linux|macOS|Network Devices|Windows","","attack-pattern--24bfaeba-cb0d-4525-b3dc-507c77ecec41","stix_bundle_loaded"
"T1087.001","Local Account","true","discovery","ESXi|Linux|macOS|Windows","","attack-pattern--25659dd6-ea12-45c4-97e6-381e3e4b593e","stix_bundle_loaded"
"T1167","Securityd Memory","false","credential-access","macOS","","attack-pattern--2715c335-1bf2-4efe-9f18-0691317ff83b","stix_bundle_loaded"
"T1586.001","Social Media Accounts","true","resource-development","PRE","","attack-pattern--274770e0-2612-4ccf-a678-ef8e7bad365d","stix_bundle_loaded"
"T1176.001","Browser Extensions","true","persistence","Linux|Windows|macOS","","attack-pattern--278716b1-61ce-4a74-8d17-891d0c494101","stix_bundle_loaded"
"T1527","Application Access Token","false","stealth|lateral-movement","SaaS|Office 365","","attack-pattern--27960489-4e7f-461d-a62a-f5c0cb521e4a","stix_bundle_loaded"
"T1562.009","Safe Mode Boot","true","stealth","Windows","","attack-pattern--28170e17-8384-415c-8486-2e6b294cb803","stix_bundle_loaded"
"T1180","Screensaver","false","persistence","Windows","","attack-pattern--2892b9ee-ca9f-4723-b332-0dc6e843a8ae","stix_bundle_loaded"
"T1542.005","TFTP Boot","true","stealth|persistence","Network Devices","","attack-pattern--28abec6c-4443-4b03-8206-07f2e264a6b4","stix_bundle_loaded"
"T1686.003","Windows Host Firewall","true","defense-impairment","Windows","","attack-pattern--291ede6c-1473-454c-b614-5ac5ea63c987","stix_bundle_loaded"
"T1543.003","Windows Service","true","persistence|privilege-escalation","Windows","","attack-pattern--2959d63f-73fd-46a1-abd2-109d7dcede32","stix_bundle_loaded"
"T1568.001","Fast Flux DNS","true","command-and-control","Linux|macOS|Windows|ESXi","","attack-pattern--29ba5a15-3b7b-4732-b817-65ea8f6468e6","stix_bundle_loaded"
"T1497.001","System Checks","true","stealth|discovery","Linux|macOS|Windows","","attack-pattern--29be378d-262d-4e99-b00d-852d573628e6","stix_bundle_loaded"
"T1053.003","Cron","true","execution|persistence|privilege-escalation","Linux|macOS|ESXi","","attack-pattern--2acf44aa-542f-4366-b4eb-55ef5747759c","stix_bundle_loaded"
"T1069.002","Domain Groups","true","discovery","Linux|macOS|Windows","","attack-pattern--2aed01ad-3df3-4410-a8cb-11ea4ded587c","stix_bundle_loaded"
"T1588.006","Vulnerabilities","true","resource-development","PRE","","attack-pattern--2b5aa86b-a0df-4382-848d-30abea443327","stix_bundle_loaded"
"T1566.002","Spearphishing Link","true","initial-access","Identity Provider|Linux|macOS|Office Suite|SaaS|Windows","","attack-pattern--2b742742-28c3-4e1b-bab7-8350d6300fa7","stix_bundle_loaded"
"T1165","Startup Items","false","persistence|privilege-escalation","macOS","","attack-pattern--2ba5aa71-9d15-4b22-b726-56af06d9ad2f","stix_bundle_loaded"
"T1070.002","Clear Linux or Mac System Logs","true","stealth","Linux|macOS","","attack-pattern--2bce5b30-7014-4a5d-ade7-12913fe6ac36","stix_bundle_loaded"
"T1499.004","Application or System Exploitation","true","impact","Windows|IaaS|Linux|macOS","","attack-pattern--2bee5ffb-7a7a-4119-b1f2-158151b19ac0","stix_bundle_loaded"
"T1137","Office Application Startup","false","persistence","Windows|Office Suite","","attack-pattern--2c4d4e92-0ccf-4a97-b54c-86d662988a53","stix_bundle_loaded"
"T1218.004","InstallUtil","true","stealth","Windows","","attack-pattern--2cd950a6-16c4-404a-aa01-044322395107","stix_bundle_loaded"
"T1598.003","Spearphishing Link","true","reconnaissance","PRE","","attack-pattern--2d3f5b3c-54ca-4f4d-bb1f-849346d31230","stix_bundle_loaded"
"T1021.004","SSH","true","lateral-movement","ESXi|Linux|macOS","","attack-pattern--2db31dcd-54da-405d-acef-b9129b816ed6","stix_bundle_loaded"
"T1098.003","Additional Cloud Roles","true","persistence|privilege-escalation","IaaS|Identity Provider|Office Suite|SaaS","","attack-pattern--2dbbdcd5-92cf-44c0-aea2-fe24783a6bc3","stix_bundle_loaded"
"T1547.012","Print Processors","true","persistence|privilege-escalation","Windows","","attack-pattern--2de47683-f398-448f-b947-9abcc3e32fad","stix_bundle_loaded"
"T1089","Disabling Security Tools","false","stealth","Linux|macOS|Windows","","attack-pattern--2e0dd10b-676d-4964-acd0-8a404c92b044","stix_bundle_loaded"
"T1487","Disk Structure Wipe","false","impact","Windows|macOS|Linux","","attack-pattern--2e114e45-2c50-404c-804a-3af9564d240e","stix_bundle_loaded"
"T1566.001","Spearphishing Attachment","true","initial-access","Linux|macOS|Windows","","attack-pattern--2e34237d-8574-43f6-aace-ae2915de8597","stix_bundle_loaded"
"T1214","Credentials in Registry","false","credential-access","Windows","","attack-pattern--2edd9d6a-5674-4326-a600-ba56de467286","stix_bundle_loaded"
"T1027.008","Stripped Payloads","true","stealth","Linux|macOS|Network Devices|Windows","","attack-pattern--2f41939b-54c3-41d6-8f8b-35f1ec18ed97","stix_bundle_loaded"
"T1559.001","Component Object Model","true","execution","Windows","","attack-pattern--2f6b4ed7-fef1-44ba-bcb8-1b4beb610b64","stix_bundle_loaded"
"T1574.001","DLL","true","stealth|execution","Windows","","attack-pattern--2fee9321-3e71-4cf4-af24-d4d40d355b34","stix_bundle_loaded"
"T1119","Automated Collection","false","collection","IaaS|Linux|macOS|Office Suite|SaaS|Windows","","attack-pattern--30208d3e-0d6b-43c8-883e-44462a514619","stix_bundle_loaded"
"T1689","Downgrade Attack","false","defense-impairment","macOS|Windows|Linux","","attack-pattern--30904c16-39f9-41c6-b01a-500eb8878442","stix_bundle_loaded"
"T1115","Clipboard Data","false","collection","Linux|macOS|Windows","","attack-pattern--30973a08-aed9-4edf-8604-9084ce1b5c4f","stix_bundle_loaded"
"T1003.007","Proc Filesystem","true","credential-access","Linux","","attack-pattern--3120b9fa-23b8-4500-ae73-09494f607b7d","stix_bundle_loaded"
"T1583.005","Botnet","true","resource-development","PRE","","attack-pattern--31225cd3-cd46-4575-b287-c2c14011c074","stix_bundle_loaded"
"T1555.005","Password Managers","true","credential-access","Linux|macOS|Windows","","attack-pattern--315f51f0-6b03-4c1e-bfb2-84740afb8e21","stix_bundle_loaded"
"T1103","AppInit DLLs","false","persistence|privilege-escalation","Windows","","attack-pattern--317fefa6-46c7-4062-adb6-2008cf6bcb41","stix_bundle_loaded"
"T1553.001","Gatekeeper Bypass","true","defense-impairment","macOS","","attack-pattern--31a0a2ac-c67c-4a7e-b9ed-6a96477d4e8e","stix_bundle_loaded"
"T1675","ESXi Administration Command","false","execution","ESXi","","attack-pattern--31e5011f-090e-45be-9bb6-17a1c5e8219b","stix_bundle_loaded"
"T1608.004","Drive-by Target","true","resource-development","PRE","","attack-pattern--31fe0ba2-62fd-4fd9-9293-4043d84f7fe9","stix_bundle_loaded"
"T1007","System Service Discovery","false","discovery","Linux|macOS|Windows","","attack-pattern--322bad5a-1c49-4d23-ab79-76d641794afa","stix_bundle_loaded"
"T1040","Network Sniffing","false","credential-access|discovery","IaaS|Linux|macOS|Network Devices|Windows","","attack-pattern--3257eb21-f9a7-4430-8de1-d8b6e288f529","stix_bundle_loaded"
"T1017","Application Deployment Software","false","lateral-movement","Linux|macOS|Windows","","attack-pattern--327f3cc5-eea1-42d4-a6cd-ed34b7ce8f61","stix_bundle_loaded"
"T1553.002","Code Signing","true","defense-impairment","macOS|Windows","","attack-pattern--32901740-b42c-4fdd-bc02-345b5dc57082","stix_bundle_loaded"
"T1530","Data from Cloud Storage","false","collection","IaaS|Office Suite|SaaS","","attack-pattern--3298ce88-1628-43b1-87d9-0b5336b193d7","stix_bundle_loaded"
"T1565.003","Runtime Data Manipulation","true","impact","Linux|macOS|Windows","","attack-pattern--32ad5c86-2bcf-47d8-8fdc-d7f3d79a7490","stix_bundle_loaded"
"T1552.002","Credentials in Registry","true","credential-access","Windows","","attack-pattern--341e222a-a6e3-4f6f-b69c-831d792b1580","stix_bundle_loaded"
"T1135","Network Share Discovery","false","discovery","Linux|macOS|Windows","","attack-pattern--3489cfc5-640f-4bb3-a103-9137b97de79f","stix_bundle_loaded"
"T1120","Peripheral Device Discovery","false","discovery","Linux|macOS|Windows","","attack-pattern--348f1eef-964b-4eb6-bb53-69b3dcb0c643","stix_bundle_loaded"
"T1036.009","Break Process Trees","true","stealth","Linux|macOS","","attack-pattern--34a80bc4-80f2-46e6-94ff-f3265a4b657c","stix_bundle_loaded"
"T1590.004","Network Topology","true","reconnaissance","PRE","","attack-pattern--34ab90a3-05f6-4259-8f21-621081fdaba5","stix_bundle_loaded"
"T1587.002","Code Signing Certificates","true","resource-development","PRE","","attack-pattern--34b3f738-bd64-40e5-a112-29b0542bc8bf","stix_bundle_loaded"
"T1222.001","Windows Permissions","true","defense-impairment","Windows","","attack-pattern--34e793de-0274-4982-9c1a-246ed1c19dee","stix_bundle_loaded"
"T1137.006","Add-ins","true","persistence","Windows|Office Suite","","attack-pattern--34f1d81d-fe88-4f97-bd3b-a3164536255d","stix_bundle_loaded"
"T1685.002","Disable or Modify Cloud Log","true","defense-impairment","IaaS|SaaS|Identity Provider|Office Suite","","attack-pattern--34ff60a3-a3f8-42e4-bed0-af9a2cb563d7","stix_bundle_loaded"
"T1505.002","Transport Agent","true","persistence","Linux|Windows","","attack-pattern--35187df2-31ed-43b6-a1f5-2f1d3d58d3f1","stix_bundle_loaded"
"T1082","System Information Discovery","false","discovery","ESXi|IaaS|Linux|macOS|Network Devices|Windows","","attack-pattern--354a7f88-63fb-41b5-a801-ce3b377b36f1","stix_bundle_loaded"
"T1071","Application Layer Protocol","false","command-and-control","Linux|macOS|Windows|Network Devices|ESXi","","attack-pattern--355be19c-ffc9-46d5-8d50-d6a036c675b6","stix_bundle_loaded"
"T1574.014","AppDomainManager","true","stealth|execution","Windows","","attack-pattern--356662f7-e315-4759-86c9-6214e2a50ff8","stix_bundle_loaded"
"T1074.002","Remote Data Staging","true","collection","ESXi|IaaS|Linux|macOS|Windows","","attack-pattern--359b00ad-9425-420b-bba5-6de8d600cbc0","stix_bundle_loaded"
"T1098.006","Additional Container Cluster Roles","true","persistence|privilege-escalation","Containers","","attack-pattern--35d30338-5bfa-41b0-a170-ec06dfd75f64","stix_bundle_loaded"
"T1053","Scheduled Task/Job","false","execution|persistence|privilege-escalation","Containers|ESXi|Linux|macOS|Network Devices|Windows","","attack-pattern--35dd844a-b219-4e2b-a6bb-efa9a75995a9","stix_bundle_loaded"
"T1218.007","Msiexec","true","stealth","Windows","","attack-pattern--365be77f-fc0e-42ee-bac8-4faf806d9336","stix_bundle_loaded"
"T1162","Login Item","false","persistence","macOS","","attack-pattern--36675cd3-fe00-454c-8516-aebecacbe9d9","stix_bundle_loaded"
"T1590.003","Network Trust Dependencies","true","reconnaissance","PRE","","attack-pattern--36aa137f-5166-41f8-b2f0-a4cfa1b4133e","stix_bundle_loaded"
"T1498.002","Reflection Amplification","true","impact","Windows|IaaS|Linux|macOS","","attack-pattern--36b2a1d7-e09e-49bf-b45e-477076c2ec01","stix_bundle_loaded"
"T1556.002","Password Filter DLL","true","defense-impairment|persistence|credential-access","Windows","","attack-pattern--3731fbcd-0e43-47ae-ae6c-d15e510f0d42","stix_bundle_loaded"
"T1505.005","Terminal Services DLL","true","persistence","Windows","","attack-pattern--379809f6-2fac-42c1-bd2e-e9dee70b27f8","stix_bundle_loaded"
"T1059.002","AppleScript","true","execution","macOS","","attack-pattern--37b11151-1776-4f8f-b328-30939fbf2ceb","stix_bundle_loaded"
"T1176","Software Extensions","false","persistence","Linux|macOS|Windows","","attack-pattern--389735f1-f21c-4208-b8f0-f8031e7169b8","stix_bundle_loaded"
"T1499.002","Service Exhaustion Flood","true","impact","Windows|IaaS|Linux|macOS","","attack-pattern--38eb0c22-6caf-46ce-8869-5964bd735858","stix_bundle_loaded"
"T1195.003","Compromise Hardware Supply Chain","true","initial-access","Linux|macOS|Windows","","attack-pattern--39131305-9282-45e4-ac3b-591d2d4fc3ef","stix_bundle_loaded"
"T1106","Native API","false","execution","Linux|macOS|Windows","","attack-pattern--391d824f-0ef1-47a0-b0ee-c59a75e27670","stix_bundle_loaded"
"T1558.005","Ccache Files","true","credential-access","Linux|macOS","","attack-pattern--394220d9-8efc-4252-9040-664f7b115be6","stix_bundle_loaded"
"T1070.007","Clear Network Connection History and Configurations","true","stealth","Linux|macOS|Windows|Network Devices","","attack-pattern--3975dbb5-0e1e-4f5b-bae1-cf2ab84b46dc","stix_bundle_loaded"
"T1558.004","AS-REP Roasting","true","credential-access","Windows","","attack-pattern--3986e7fd-a8e9-4ecb-bfc6-55920855912b","stix_bundle_loaded"
"T1058","Service Registry Permissions Weakness","false","persistence|privilege-escalation","Windows","","attack-pattern--39a130e1-6ab7-434a-8bd2-418e7d9d6427","stix_bundle_loaded"
"T1584.003","Virtual Private Server","true","resource-development","PRE","","attack-pattern--39cc9f64-cf74-4a48-a4d8-fe98c54a02e0","stix_bundle_loaded"
"T1059.010","AutoHotKey & AutoIT","true","execution","Windows","","attack-pattern--3a32740a-11b0-4bcf-b0a9-3abd0f6d3cd5","stix_bundle_loaded"
"T1600.001","Reduce Key Space","true","defense-impairment","Network Devices","","attack-pattern--3a40f208-a9c1-4efa-a598-4003c3681fb8","stix_bundle_loaded"
"T1070.003","Clear Command History","true","stealth","ESXi|Linux|macOS|Network Devices|Windows","","attack-pattern--3aef9463-9a7a-43ba-8957-a867e07c1e6a","stix_bundle_loaded"
"T1202","Indirect Command Execution","false","stealth","Windows","","attack-pattern--3b0e52ce-517a-4614-a523-1bd5deef6c5e","stix_bundle_loaded"
"T1024","Custom Cryptographic Protocol","false","command-and-control","Linux|macOS|Windows","","attack-pattern--3b3cbbe0-6ed3-4334-b543-3ddfd8c5642d","stix_bundle_loaded"
"T1536","Revert Cloud Instance","false","stealth","IaaS","","attack-pattern--3b4121aa-fc8b-40c8-ac4f-afcb5838b72c","stix_bundle_loaded"
"T1091","Replication Through Removable Media","false","lateral-movement|initial-access","Windows","","attack-pattern--3b744087-9945-4a6f-91e8-9dbceda417a4","stix_bundle_loaded"
"T1005","Data from Local System","false","collection","ESXi|Linux|macOS|Network Devices|Windows","","attack-pattern--3c4a2599-71ee-4405-ba1e-0e28414b4bc5","stix_bundle_loaded"
"T1140","Deobfuscate/Decode Files or Information","false","stealth","ESXi|Linux|macOS|Windows","","attack-pattern--3ccef7ae-cb5e-48f6-8302-897105fbf55c","stix_bundle_loaded"
"T1137.005","Outlook Rules","true","persistence","Windows|Office Suite","","attack-pattern--3d1b9d7e-3921-4d25-845a-7d9f15c0da44","stix_bundle_loaded"
"T1562","Impair Defenses","false","stealth","Windows|IaaS|Linux|macOS|Containers|Network Devices|Identity Provider|Office Suite|ESXi","","attack-pattern--3d333250-30e4-4a82-9edc-756c68afc529","stix_bundle_loaded"
"T1586.003","Cloud Accounts","true","resource-development","PRE","","attack-pattern--3d52e51e-f6db-4719-813c-48002a99f43a","stix_bundle_loaded"
"T1586.002","Email Accounts","true","resource-development","PRE","","attack-pattern--3dc8c101-d4db-4f4d-8150-1b5a76ca5f1b","stix_bundle_loaded"
"T1098.007","Additional Local or Domain Groups","true","persistence|privilege-escalation","Windows|macOS|Linux","","attack-pattern--3e6831b2-bf4c-4ae6-b328-2e7c6633b291","stix_bundle_loaded"
"T1608.001","Upload Malware","true","resource-development","PRE","","attack-pattern--3ee16395-03f0-4690-a32e-69ce9ada0f9e","stix_bundle_loaded"
"T1195","Supply Chain Compromise","false","initial-access","Linux|Windows|macOS|SaaS","","attack-pattern--3f18edba-28f4-4bb9-82c3-8aa60dcac5f7","stix_bundle_loaded"
"T1190","Exploit Public-Facing Application","false","initial-access","Containers|ESXi|IaaS|Linux|macOS|Network Devices|Windows","","attack-pattern--3f886f2a-874f-4333-b794-aa6075009b1c","stix_bundle_loaded"
"T1558","Steal or Forge Kerberos Tickets","false","credential-access","Linux|macOS|Windows","","attack-pattern--3fc01293-ef5e-41c6-86ce-61f10706b64a","stix_bundle_loaded"
"T1555","Credentials from Password Stores","false","credential-access","IaaS|Linux|macOS|Windows","","attack-pattern--3fc9b85a-2862-4363-a64d-d692e3ffbee0","stix_bundle_loaded"
"T1567","Exfiltration Over Web Service","false","exfiltration","ESXi|Linux|macOS|Office Suite|SaaS|Windows","","attack-pattern--40597f16-0963-4249-bf4c-ac93b7fb9807","stix_bundle_loaded"
"T1219","Remote Access Tools","false","command-and-control","Linux|macOS|Windows","","attack-pattern--4061e78c-1284-44b4-9116-73e4ac3912f7","stix_bundle_loaded"
"T1583.001","Domains","true","resource-development","PRE","","attack-pattern--40f5caa0-4cb7-4117-89fc-d421bb493df3","stix_bundle_loaded"
"T1560.002","Archive via Library","true","collection","Linux|macOS|Windows","","attack-pattern--41868330-6ee2-4d0f-b743-9f2294c3c9b6","stix_bundle_loaded"
"T1055.003","Thread Execution Hijacking","true","stealth|privilege-escalation","Windows","","attack-pattern--41d9846c-f6af-4302-a654-24bba2729bc6","stix_bundle_loaded"
"T1684","Social Engineering","false","stealth","Linux|macOS|Office Suite|SaaS|Windows","","attack-pattern--41e4d77a-6275-4976-9e35-785985598519","stix_bundle_loaded"
"T1079","Multilayer Encryption","false","command-and-control","Linux|macOS|Windows","","attack-pattern--428ca9f8-0e33-442a-be87-f869cb4cf73e","stix_bundle_loaded"
"T1036","Masquerading","false","stealth","Containers|ESXi|Linux|macOS|Windows","","attack-pattern--42e8de7b-37b2-4258-905a-6897815e58e0","stix_bundle_loaded"
"T1546.011","Application Shimming","true","privilege-escalation|persistence","Windows","","attack-pattern--42fe883a-21ea-4cfb-b94a-78b6476dcc83","stix_bundle_loaded"
"T1552","Unsecured Credentials","false","credential-access","Windows|SaaS|IaaS|Linux|macOS|Containers|Network Devices|Office Suite|Identity Provider","","attack-pattern--435dfb86-2697-4867-85b5-2fef496c0517","stix_bundle_loaded"
"T1547.010","Port Monitors","true","persistence|privilege-escalation","Windows","","attack-pattern--43881e51-ac74-445b-b4c6-f9f9e9bf23fe","stix_bundle_loaded"
"T1070.008","Clear Mailbox Data","true","stealth","Linux|macOS|Office Suite|Windows","","attack-pattern--438c967d-3996-4870-bfc2-3954752a1927","stix_bundle_loaded"
"T1037.002","Login Hook","true","persistence|privilege-escalation","macOS","","attack-pattern--43ba2b05-cf72-4b6c-8243-03a4aba41ee0","stix_bundle_loaded"
"T1659","Content Injection","false","initial-access|command-and-control","Linux|macOS|Windows","","attack-pattern--43c9bc06-715b-42db-972f-52d25c09a20c","stix_bundle_loaded"
"T1055","Process Injection","false","stealth|privilege-escalation","Linux|macOS|Windows","","attack-pattern--43e7dc91-05b2-474c-b9ac-2ed4fe101f4d","stix_bundle_loaded"
"T1567.004","Exfiltration Over Webhook","true","exfiltration","ESXi|Linux|macOS|Office Suite|SaaS|Windows","","attack-pattern--43f2776f-b4bd-4118-94b8-fee47e69676d","stix_bundle_loaded"
"T1139","Bash History","false","credential-access","Linux|macOS","","attack-pattern--44dca04b-808d-46ca-b25f-d85236d4b9f8","stix_bundle_loaded"
"T1205","Traffic Signaling","false","stealth|persistence|command-and-control","Linux|macOS|Network Devices|Windows","","attack-pattern--451a9977-d255-43c9-b431-66de80130c8c","stix_bundle_loaded"
"T1021.008","Direct Cloud VM Connections","true","lateral-movement","IaaS","","attack-pattern--45241b9e-9bbc-4826-a2cc-78855e51ca09","stix_bundle_loaded"
"T1503","Credentials from Web Browsers","false","credential-access","Linux|macOS|Windows","","attack-pattern--4579d9c9-d5b9-45e0-9848-0104637b579f","stix_bundle_loaded"
"T1218","System Binary Proxy Execution","false","stealth","Linux|macOS|Windows","","attack-pattern--457c7820-d331-465a-915e-42f85500ccc4","stix_bundle_loaded"
"T1153","Source","false","execution","Linux|macOS","","attack-pattern--45d84c8b-c1e2-474d-a14d-69b5de0a2bc0","stix_bundle_loaded"
"T1038","DLL Search Order Hijacking","false","persistence|privilege-escalation|stealth","Windows","","attack-pattern--46944654-fcc1-4f63-9dad-628102376586","stix_bundle_loaded"
"T1050","New Service","false","persistence|privilege-escalation","Windows","","attack-pattern--478aa214-2ca7-4ec0-9978-18798e514790","stix_bundle_loaded"
"T1070.006","Timestomp","true","stealth","ESXi|Linux|macOS|Windows","","attack-pattern--47f2d673-ca62-47e9-929b-1b0be9657611","stix_bundle_loaded"
"T1557.004","Evil Twin","true","credential-access|collection","Network Devices","","attack-pattern--48b836c6-e4ca-435a-82a3-29c03e5b492e","stix_bundle_loaded"
"T1620","Reflective Code Loading","false","stealth","Linux|macOS|Windows","","attack-pattern--4933e63b-9b77-476e-ab29-761bc5b7d15a","stix_bundle_loaded"
"T1016.002","Wi-Fi Discovery","true","discovery","Linux|Windows|macOS","","attack-pattern--494ab9f0-36e0-4b06-b10d-57285b040a06","stix_bundle_loaded"
"T1480.002","Mutual Exclusion","true","stealth","Linux|macOS|Windows","","attack-pattern--49fca0d2-685d-41eb-8bd4-05451cc3a742","stix_bundle_loaded"
"T1564.011","Ignore Process Interrupts","true","stealth","Linux|macOS|Windows","","attack-pattern--4a2975db-414e-4c0c-bd92-775987514b4b","stix_bundle_loaded"
"T1611","Escape to Host","false","privilege-escalation","Windows|Linux|Containers|ESXi","","attack-pattern--4a5b7ade-8bb5-4853-84ed-23f262002665","stix_bundle_loaded"
"T1518.002","Backup Software Discovery","true","discovery","Windows|macOS|Linux","","attack-pattern--4a6cfdae-1417-40c7-a84e-f59d21c58266","stix_bundle_loaded"
"T1547.009","Shortcut Modification","true","persistence|privilege-escalation","Windows","","attack-pattern--4ab929c6-ee2d-4fb5-aab4-b14be2ed7179","stix_bundle_loaded"
"T1010","Application Window Discovery","false","discovery","Linux|macOS|Windows","","attack-pattern--4ae4f953-fe58-4cc8-a327-33257e30a830","stix_bundle_loaded"
"T1569.003","Systemctl","true","execution","Linux","","attack-pattern--4b46767d-4a61-4f30-995e-c19a75c2e536","stix_bundle_loaded"
"T1032","Standard Cryptographic Protocol","false","command-and-control","Linux|macOS|Windows","","attack-pattern--4b74a1d4-b0e9-4ef1-93f1-14ecc6e2f5b5","stix_bundle_loaded"
"T1087.003","Email Account","true","discovery","Windows|Office Suite","","attack-pattern--4bc31b94-045b-4752-8920-aebaebdb6470","stix_bundle_loaded"
"T1062","Hypervisor","false","persistence","Windows","","attack-pattern--4be89c7c-ace6-4876-9377-c8d54cef3d63","stix_bundle_loaded"
"T1497.003","Time Based Checks","true","stealth|discovery","Linux|macOS|Windows","","attack-pattern--4bed873f-0b7d-41d4-b93a-b6905d1f90b0","stix_bundle_loaded"
"T1182","AppCert DLLs","false","persistence|privilege-escalation","Windows","","attack-pattern--4bf5845d-a814-4490-bc5c-ccdee6043025","stix_bundle_loaded"
"T1218.003","CMSTP","true","stealth","Windows","","attack-pattern--4cbc6a62-9e34-4f94-8a19-5c1a11392a49","stix_bundle_loaded"
"T1563.001","SSH Hijacking","true","lateral-movement","Linux|macOS","","attack-pattern--4d2a5b3e-340d-4600-9123-309dd63c9bf8","stix_bundle_loaded"
"T1562.002","Disable Windows Event Logging","true","stealth","Windows","","attack-pattern--4eb28bed-d11a-4641-9863-c2ac017d910a","stix_bundle_loaded"
"T1029","Scheduled Transfer","false","exfiltration","Linux|macOS|Windows","","attack-pattern--4eeaf8a9-c86b-4954-a663-9555fb406466","stix_bundle_loaded"
"T1021.002","SMB/Windows Admin Shares","true","lateral-movement","Windows","","attack-pattern--4f9ca633-15c5-463c-9724-bdcd54fde541","stix_bundle_loaded"
"T1525","Implant Internal Image","false","persistence","IaaS|Containers","","attack-pattern--4fd8a28b-4b3a-4cd6-a8cf-85ba5f824a7f","stix_bundle_loaded"
"T1572","Protocol Tunneling","false","command-and-control","ESXi|Linux|macOS|Windows","","attack-pattern--4fe28b27-b13c-453e-a386-c2ef362a573b","stix_bundle_loaded"
"T1218.002","Control Panel","true","stealth","Windows","","attack-pattern--4ff5d6a8-c062-4c68-a778-36fc5edd564f","stix_bundle_loaded"
"T1599.001","Network Address Translation Traversal","true","defense-impairment","Network Devices","","attack-pattern--4ffc1794-ec3b-45be-9e52-42dbcb2af2de","stix_bundle_loaded"
"T1608.002","Upload Tool","true","resource-development","PRE","","attack-pattern--506f6f49-7045-4156-9007-7474cb44ad6d","stix_bundle_loaded"
"T1547.005","Security Support Provider","true","persistence|privilege-escalation","Windows","","attack-pattern--5095a853-299c-4876-abd7-ac0050fb5462","stix_bundle_loaded"
"T1036.011","Overwrite Process Arguments","true","stealth","Linux","","attack-pattern--514dc7b3-0b80-4382-80a9-2e2d294f5019","stix_bundle_loaded"
"T1004","Winlogon Helper DLL","false","persistence","Windows","","attack-pattern--514ede4c-78b3-4d78-a38b-daddf6217a79","stix_bundle_loaded"
"T1009","Binary Padding","false","stealth","Linux|macOS|Windows","","attack-pattern--519630c5-f03f-4882-825c-3af924935817","stix_bundle_loaded"
"T1550","Use Alternate Authentication Material","false","lateral-movement","Containers|IaaS|Identity Provider|Linux|Office Suite|SaaS|Windows","","attack-pattern--51a14c76-dd3b-440b-9c20-2bf91d25a814","stix_bundle_loaded"
"T1076","Remote Desktop Protocol","false","lateral-movement","Windows","","attack-pattern--51dea151-0898-4a45-967c-3ebee0420484","stix_bundle_loaded"
"T1597.001","Threat Intel Vendors","true","reconnaissance","PRE","","attack-pattern--51e54974-a541-4fb6-a61b-0518e4c6de41","stix_bundle_loaded"
"T1011","Exfiltration Over Other Network Medium","false","exfiltration","Linux|macOS|Windows","","attack-pattern--51ea26b1-ff1e-4faa-b1a0-1114cd298c87","stix_bundle_loaded"
"T1602.002","Network Device Configuration Dump","true","collection","Network Devices","","attack-pattern--52759bf1-fe12-4052-ace6-c5b0cf7dd7fd","stix_bundle_loaded"
"T1589","Gather Victim Identity Information","false","reconnaissance","PRE","","attack-pattern--5282dd9a-d26d-4e16-88b7-7c0f4553daf4","stix_bundle_loaded"
"T1131","Authentication Package","false","persistence","Windows","","attack-pattern--52d40641-c480-4ad5-81a3-c80ccaddf82d","stix_bundle_loaded"
"T1181","Extra Window Memory Injection","false","stealth|privilege-escalation","Windows","","attack-pattern--52f3d5a6-8a0f-4f82-977e-750abf90d0b0","stix_bundle_loaded"
"T1562.004","Disable or Modify System Firewall","true","stealth","ESXi|Linux|macOS|Network Devices|Windows","","attack-pattern--5372c5fe-f424-4def-bcd5-d3a8e770f07b","stix_bundle_loaded"
"T1560","Archive Collected Data","false","collection","Linux|macOS|Windows","","attack-pattern--53ac20cd-aca3-406e-9aa0-9fc7fdc60a5a","stix_bundle_loaded"
"T1152","Launchctl","false","stealth|execution|persistence","macOS","","attack-pattern--53bfc8bf-8f76-4cd7-8958-49a884ddb3ee","stix_bundle_loaded"
"T1553.003","SIP and Trust Provider Hijacking","true","defense-impairment","Windows","","attack-pattern--543fceb5-cb92-40cb-aacf-6913d4db58bc","stix_bundle_loaded"
"T1483","Domain Generation Algorithms","false","command-and-control","Linux|macOS|Windows","","attack-pattern--54456690-84de-4538-9101-643e26437e09","stix_bundle_loaded"
"T1185","Browser Session Hijacking","false","collection","Windows","","attack-pattern--544b0346-29ad-41e1-a808-501bb4193f47","stix_bundle_loaded"
"T1021","Remote Services","false","lateral-movement","Linux|macOS|Windows|IaaS|ESXi","","attack-pattern--54a649ff-439a-41a4-9856-8d144a2551ba","stix_bundle_loaded"
"T1071.003","Mail Protocols","true","command-and-control","Linux|macOS|Network Devices|Windows","","attack-pattern--54b4c251-1f0e-4eba-ba6b-dbc7a6f6f06b","stix_bundle_loaded"
"T1556.007","Hybrid Identity","true","defense-impairment|persistence|credential-access","IaaS|Identity Provider|Office Suite|SaaS|Windows","","attack-pattern--54ca26f3-c172-4231-93e5-ccebcac2161f","stix_bundle_loaded"
"T1595.002","Vulnerability Scanning","true","reconnaissance","PRE","","attack-pattern--5502c4e9-24ef-4d5f-8ee9-9e906c2f82c4","stix_bundle_loaded"
"T1059.009","Cloud API","true","execution","IaaS|Identity Provider|Office Suite|SaaS","","attack-pattern--55bb4471-ff1f-43b4-88c1-c9384ec47abf","stix_bundle_loaded"
"T1596","Search Open Technical Databases","false","reconnaissance","PRE","","attack-pattern--55fc4df0-b42c-479a-b860-7a6761bcaad0","stix_bundle_loaded"
"T1218.015","Electron Applications","true","stealth","Linux|macOS|Windows","","attack-pattern--561ae9aa-c28a-4144-9eec-e7027a14c8c3","stix_bundle_loaded"
"T1562.012","Disable or Modify Linux Audit System","true","stealth","Linux","","attack-pattern--562e9b64-7239-493d-80f4-2bff900d9054","stix_bundle_loaded"
"T1207","Rogue Domain Controller","false","defense-impairment","Windows","","attack-pattern--564998d8-ab3e-4123-93fb-eccaa6b9714a","stix_bundle_loaded"
"T1553.006","Code Signing Policy Modification","true","defense-impairment","macOS|Windows","","attack-pattern--565275d5-fcc3-4b66-b4e7-928e4cac6b8c","stix_bundle_loaded"
"T1610","Deploy Container","false","execution","Containers","","attack-pattern--56e0d8b8-3e25-49dd-9050-3aa252f5aa92","stix_bundle_loaded"
"T1107","File Deletion","false","stealth","Linux|macOS|Windows","","attack-pattern--56fca983-1cf1-4fd1-bda0-5e170a37ab59","stix_bundle_loaded"
"T1145","Private Keys","false","credential-access","Linux|macOS|Windows","","attack-pattern--56ff457d-5e39-492b-974c-dfd2b8603ffe","stix_bundle_loaded"
"T1112","Modify Registry","false","defense-impairment|persistence","Windows","","attack-pattern--57340c81-c025-4189-8fa0-fc7ede51bae4","stix_bundle_loaded"
"T1543.004","Launch Daemon","true","persistence|privilege-escalation","macOS","","attack-pattern--573ad264-1371-4ae0-8482-d2673b719dba","stix_bundle_loaded"
"T1580","Cloud Infrastructure Discovery","false","discovery","IaaS","","attack-pattern--57a3d31a-d04f-4663-b2da-7df8ec3f8c9d","stix_bundle_loaded"
"T1555.003","Credentials from Web Browsers","true","credential-access","Linux|macOS|Windows","","attack-pattern--58a3e6aa-4453-4cc8-a51f-4befe80b31a8","stix_bundle_loaded"
"T1574.008","Path Interception by Search Order Hijacking","true","stealth|execution","Windows","","attack-pattern--58af3705-8740-4c68-9329-ec015a7013c2","stix_bundle_loaded"
"T1491","Defacement","false","impact","Windows|IaaS|Linux|macOS|ESXi","","attack-pattern--5909f20f-3c39-4795-be06-ef1ea40d350b","stix_bundle_loaded"
"T1535","Unused/Unsupported Cloud Regions","false","stealth","IaaS","","attack-pattern--59bd0dec-f8b2-4b9a-9141-37a1e6899761","stix_bundle_loaded"
"T1557.003","DHCP Spoofing","true","credential-access|collection","Linux|Windows|macOS","","attack-pattern--59ff91cd-1430-4075-8563-e6f15f4f9ff5","stix_bundle_loaded"
"T1155","AppleScript","false","execution","macOS","","attack-pattern--5ad95aaa-49c1-4784-821d-2e83f47b079b","stix_bundle_loaded"
"T1563","Remote Service Session Hijacking","false","lateral-movement","Linux|macOS|Windows","","attack-pattern--5b0ad6f8-6a16-4966-a4ef-d09ea6e2a9f5","stix_bundle_loaded"
"T1564.013","Bind Mounts","true","stealth","Linux","","attack-pattern--5bd41255-a224-4425-a2e2-e9d293eafe1c","stix_bundle_loaded"
"T1027.001","Binary Padding","true","stealth","Linux|macOS|Windows","","attack-pattern--5bfccc3f-2326-4112-86cc-c1ece9d8a2b5","stix_bundle_loaded"
"T1505.003","Web Shell","true","persistence","Linux|macOS|Network Devices|Windows","","attack-pattern--5d0d3609-d06d-49e1-b9c9-b544e0c618cb","stix_bundle_loaded"
"T1484.001","Group Policy Modification","true","defense-impairment|privilege-escalation","Windows","","attack-pattern--5d2be8b9-d24c-4e98-83bf-2f5f79477163","stix_bundle_loaded"
"T1685.006","Clear Linux or Mac System Logs","true","defense-impairment","Linux|macOS","","attack-pattern--5e29d64d-2b14-4f92-875e-4c9c498e213c","stix_bundle_loaded"
"T1217","Browser Information Discovery","false","discovery","Linux|macOS|Windows","","attack-pattern--5e4a2073-9643-44cb-a0b5-e7f4048446c7","stix_bundle_loaded"
"T1552.004","Private Keys","true","credential-access","Linux|macOS|Network Devices|Windows","","attack-pattern--60b508a1-6a5e-46b1-821a-9f7b78752abf","stix_bundle_loaded"
"T1583.004","Server","true","resource-development","PRE","","attack-pattern--60c4b628-4807-4b0b-bbf5-fdac8643c337","stix_bundle_loaded"
"T1021.006","Windows Remote Management","true","lateral-movement","Windows","","attack-pattern--60d0c01d-e2bf-49dd-a453-f8a9c9fa6f65","stix_bundle_loaded"
"T1011.001","Exfiltration Over Bluetooth","true","exfiltration","Linux|macOS|Windows","","attack-pattern--613d08bc-e8f4-4791-80b0-c8b974340dfd","stix_bundle_loaded"
"T1078.001","Default Accounts","true","stealth|persistence|privilege-escalation|initial-access","Containers|ESXi|IaaS|Identity Provider|Linux|macOS|Network Devices|Office Suite|SaaS|Windows","","attack-pattern--6151cbea-819b-455a-9fa6-99a1cc58797d","stix_bundle_loaded"
"T1547.003","Time Providers","true","persistence|privilege-escalation","Windows","","attack-pattern--61afc315-860c-4364-825d-0d62b2e91edc","stix_bundle_loaded"
"T1183","Image File Execution Options Injection","false","privilege-escalation|persistence|stealth","Windows","","attack-pattern--62166220-e498-410f-a90a-19d4339d4e99","stix_bundle_loaded"
"T1085","Rundll32","false","stealth|execution","Windows","","attack-pattern--62b8c999-dcc0-4755-bd69-09442d9359f5","stix_bundle_loaded"
"T1031","Modify Existing Service","false","persistence","Windows","","attack-pattern--62dfd1ca-52d5-483c-a84b-d6e80bf94b7b","stix_bundle_loaded"
"T1546.005","Trap","true","privilege-escalation|persistence","macOS|Linux","","attack-pattern--63220765-d418-44de-8fae-694b3912317d","stix_bundle_loaded"
"T1574.006","Dynamic Linker Hijacking","true","stealth|execution","Linux|macOS","","attack-pattern--633a100c-b2c9-41bf-9be5-905c1b16c825","stix_bundle_loaded"
"T1136.001","Local Account","true","persistence","Containers|ESXi|Linux|macOS|Network Devices|Windows","","attack-pattern--635cbe30-392d-4e27-978e-66774357c762","stix_bundle_loaded"
"T1681","Search Threat Vendor Data","false","reconnaissance","PRE","","attack-pattern--63b24abc-5702-4745-b1e4-ac70b20a43f2","stix_bundle_loaded"
"T1674","Input Injection","false","execution","Windows|macOS|Linux","","attack-pattern--63e3d25c-d57d-407d-8e6a-2cecd71f90be","stix_bundle_loaded"
"T1092","Communication Through Removable Media","false","command-and-control","Linux|macOS|Windows","","attack-pattern--64196062-5210-42c3-9a02-563a0d1797ef","stix_bundle_loaded"
"T1070.001","Clear Windows Event Logs","true","stealth","Windows","","attack-pattern--6495ae23-3ab4-43c5-a94f-5638a2c31fd2","stix_bundle_loaded"
"T1585.002","Email Accounts","true","resource-development","PRE","","attack-pattern--65013dd2-bc61-43e3-afb5-a14c4fa7437a","stix_bundle_loaded"
"T1557.001","Name Resolution Poisoning and SMB Relay","true","credential-access|collection","Windows","","attack-pattern--650c784b-7504-4df7-ab2c-4ea882384d1e","stix_bundle_loaded"
"T1222","File and Directory Permissions Modification","false","defense-impairment","ESXi|Linux|macOS|Windows","","attack-pattern--65917ae0-b854-4139-83fe-bf2441cf0196","stix_bundle_loaded"
"T1003.001","LSASS Memory","true","credential-access","Windows","","attack-pattern--65f2d882-3f41-4d48-8a06-29af77ec9f90","stix_bundle_loaded"
"T1053.001","At (Linux)","true","execution|persistence|privilege-escalation","Linux","","attack-pattern--6636bc83-0611-45a6-b74f-1f3daf635b8e","stix_bundle_loaded"
"T1176.002","IDE Extensions","true","persistence","Linux|macOS|Windows","","attack-pattern--66b34be7-6915-4b83-8d5a-b0f0592b5e41","stix_bundle_loaded"
"T1179","Hooking","false","persistence|privilege-escalation|credential-access","Windows","","attack-pattern--66f73398-8394-4711-85e5-34c8540b22a5","stix_bundle_loaded"
"T1595","Active Scanning","false","reconnaissance","PRE","","attack-pattern--67073dde-d720-45ae-83da-b12d5e73ca3b","stix_bundle_loaded"
"T1027.016","Junk Code Insertion","true","stealth","Linux|macOS|Windows","","attack-pattern--671cd17f-a765-48fd-adc4-dad1941b1ae3","stix_bundle_loaded"
"T1547.011","Plist Modification","true","persistence|privilege-escalation","macOS","","attack-pattern--6747daa2-3533-4e78-8fb8-446ebb86448a","stix_bundle_loaded"
"T1548","Abuse Elevation Control Mechanism","false","privilege-escalation","Linux|macOS|Windows|IaaS|Office Suite|Identity Provider","","attack-pattern--67720091-eee3-4d2d-ae16-8264567f6f5b","stix_bundle_loaded"
"T1134.002","Create Process with Token","true","stealth|privilege-escalation","Windows","","attack-pattern--677569f9-a8b0-459e-ab24-7f18091fa7bf","stix_bundle_loaded"
"T1548.001","Setuid and Setgid","true","privilege-escalation","Linux|macOS","","attack-pattern--6831414d-bb70-42b7-8030-d4e06b2660c9","stix_bundle_loaded"
"T1547.004","Winlogon Helper DLL","true","persistence|privilege-escalation","Windows","","attack-pattern--6836813e-8ec8-4375-b459-abb388cb1a35","stix_bundle_loaded"
"T1019","System Firmware","false","persistence","Windows","","attack-pattern--6856ddd6-2df3-4379-8b87-284603c189c3","stix_bundle_loaded"
"T1021.003","Distributed Component Object Model","true","lateral-movement","Windows","","attack-pattern--68a0c5ed-bee2-4513-830d-5b0d650139bd","stix_bundle_loaded"
"T1042","Change Default File Association","false","persistence","Windows","","attack-pattern--68c96494-1a50-403e-8844-69a6af278c68","stix_bundle_loaded"
"T1117","Regsvr32","false","stealth|execution","Windows","","attack-pattern--68f7e3a1-f09f-4164-9a62-16b648a0dd5a","stix_bundle_loaded"
"T1110.003","Password Spraying","true","credential-access","Containers|ESXi|IaaS|Identity Provider|Linux|Network Devices|Office Suite|SaaS|Windows|macOS","","attack-pattern--692074ae-bb62-4a5e-a735-02cb6bde458c","stix_bundle_loaded"
"T1090.002","External Proxy","true","command-and-control","ESXi|Linux|macOS|Network Devices|Windows","","attack-pattern--69b8fd78-40e8-4600-ae4d-662c9d7afdb3","stix_bundle_loaded"
"T1056.003","Web Portal Capture","true","collection|credential-access","Linux|macOS|Windows","","attack-pattern--69e5226d-05dc-4f15-95d7-44f5ed78d06e","stix_bundle_loaded"
"T1589.002","Email Addresses","true","reconnaissance","PRE","","attack-pattern--69f897fd-12a9-4c89-ad6a-46d2f3c38262","stix_bundle_loaded"
"T1164","Re-opened Applications","false","persistence","macOS","","attack-pattern--6a3be63a-64c5-4678-a036-03ff8fc35300","stix_bundle_loaded"
"T1054","Indicator Blocking","false","stealth","Windows","","attack-pattern--6a5848a8-6201-4a2c-8a6a-ca5af8c6f3df","stix_bundle_loaded"
"T1598.004","Spearphishing Voice","true","reconnaissance","PRE","","attack-pattern--6a5d222a-a7e0-4656-b110-782c33098289","stix_bundle_loaded"
"T1683.001","Written Content","true","resource-development","PRE","","attack-pattern--6a6f9892-c46a-46db-b331-c09a99200fcf","stix_bundle_loaded"
"T1108","Redundant Access","false","stealth|persistence","Windows|SaaS|IaaS|Linux|macOS|Office Suite|Identity Provider","","attack-pattern--6aabc5ec-eae6-422c-8311-38d45ee9838a","stix_bundle_loaded"
"T1193","Spearphishing Attachment","false","initial-access","Windows|macOS|Linux","","attack-pattern--6aac77c4-eaf2-4366-8c13-ce50ab951f38","stix_bundle_loaded"
"T1003.005","Cached Domain Credentials","true","credential-access","Windows|Linux","","attack-pattern--6add2ab5-2711-4e9d-87c8-7a0be8531530","stix_bundle_loaded"
"T1098.004","SSH Authorized Keys","true","persistence|privilege-escalation","ESXi|IaaS|Linux|macOS|Network Devices","","attack-pattern--6b57dc31-b814-4a03-8706-28bc20d739c4","stix_bundle_loaded"
"T1673","Virtual Machine Discovery","false","discovery","ESXi|Linux|macOS|Windows","","attack-pattern--6bc7f9aa-b91f-4b23-84b8-5e756eba68eb","stix_bundle_loaded"
"T1215","Kernel Modules and Extensions","false","persistence","Linux|macOS","","attack-pattern--6be14413-578e-46c1-8304-310762b3ecd5","stix_bundle_loaded"
"T1101","Security Support Provider","false","persistence","Windows","","attack-pattern--6c174520-beea-43d9-aac6-28fb77f3e446","stix_bundle_loaded"
"T1590.006","Network Security Appliances","true","reconnaissance","PRE","","attack-pattern--6c2957f9-502a-478c-b1dd-d626c0659413","stix_bundle_loaded"
"T1546.012","Image File Execution Options Injection","true","privilege-escalation|persistence","Windows","","attack-pattern--6d4a7fb3-5a24-42be-ae61-6728a2b581f6","stix_bundle_loaded"
"T1218.008","Odbcconf","true","stealth","Windows","","attack-pattern--6e3bd510-6b33-41a4-af80-2d80f3ee0071","stix_bundle_loaded"
"T1593.002","Search Engines","true","reconnaissance","PRE","","attack-pattern--6e561441-8431-4773-a9b8-ccf28ef6a968","stix_bundle_loaded"
"T1177","LSASS Driver","false","execution|persistence","Windows","","attack-pattern--6e6845c2-347a-4a6f-a2d1-b74a18ebd352","stix_bundle_loaded"
"T1591.002","Business Relationships","true","reconnaissance","PRE","","attack-pattern--6ee2dc99-91ad-4534-a7d8-a649358c331f","stix_bundle_loaded"
"T1548.005","Temporary Elevated Cloud Access","true","privilege-escalation","IaaS|Office Suite|Identity Provider","","attack-pattern--6fa224c7-5091-4595-bf15-3fc9fe2f2c7c","stix_bundle_loaded"
"T1125","Video Capture","false","collection","Linux|macOS|Windows","","attack-pattern--6faf650d-bf31-4eb4-802d-1000cf38efaf","stix_bundle_loaded"
"T1144","Gatekeeper Bypass","false","stealth","macOS","","attack-pattern--6fb6408c-0db3-41d9-a3a1-a32e5f16454e","stix_bundle_loaded"
"T1045","Software Packing","false","stealth","Windows|macOS","","attack-pattern--6ff403bc-93e3-48be-8687-e102fdba8c88","stix_bundle_loaded"
"T1055.013","Process Doppelgänging","true","stealth|privilege-escalation","Windows","","attack-pattern--7007935a-a8a7-4c0b-bd98-4e85be8ed197","stix_bundle_loaded"
"T1016","System Network Configuration Discovery","false","discovery","ESXi|Linux|macOS|Network Devices|Windows","","attack-pattern--707399d6-ab3e-4963-9315-d9d3818cd6a0","stix_bundle_loaded"
"T1578.003","Delete Cloud Instance","true","defense-impairment","IaaS","","attack-pattern--70857657-bd0b-4695-ad3e-b13f92cac1b4","stix_bundle_loaded"
"T1593.003","Code Repositories","true","reconnaissance","PRE","","attack-pattern--70910fbd-58dc-4c1c-8c48-814d11fcd022","stix_bundle_loaded"
"T1574.005","Executable Installer File Permissions Weakness","true","stealth|execution","Windows","","attack-pattern--70d81154-b187-45f9-8ec5-295d01255979","stix_bundle_loaded"
"T1546.008","Accessibility Features","true","privilege-escalation|persistence","Windows","","attack-pattern--70e52b04-2a0c-4cea-9d18-7149f1df9dc5","stix_bundle_loaded"
"T1496.002","Bandwidth Hijacking","true","impact","Linux|Windows|macOS|IaaS|Containers","","attack-pattern--718cb208-6446-4572-a2f0-9c799c60091e","stix_bundle_loaded"
"T1504","PowerShell Profile","false","persistence|privilege-escalation","Windows","","attack-pattern--723e3a2b-ca0d-4daa-ada8-82ea35d3733a","stix_bundle_loaded"
"T1198","SIP and Trust Provider Hijacking","false","stealth|persistence","Windows","","attack-pattern--72b5ef57-325c-411b-93ca-a3ca6fa17e31","stix_bundle_loaded"
"T1087","Account Discovery","false","discovery","ESXi|IaaS|Identity Provider|Linux|macOS|Office Suite|SaaS|Windows","","attack-pattern--72b74d71-8169-42aa-92e0-e7b04b9f5a08","stix_bundle_loaded"
"T1090","Proxy","false","command-and-control","ESXi|Linux|macOS|Network Devices|Windows","","attack-pattern--731f4f55-b6d0-41d1-a7a9-072a66389aea","stix_bundle_loaded"
"T1059","Command and Scripting Interpreter","false","execution","Containers|ESXi|IaaS|Identity Provider|Linux|macOS|Network Devices|Office Suite|SaaS|Windows","","attack-pattern--7385dfaf-6886-4229-9ecd-6fd678040830","stix_bundle_loaded"
"T1204.005","Malicious Library","true","execution","Linux|macOS|Windows","","attack-pattern--73b24a10-6bf4-4af1-a81e-67b8bcb6c4e6","stix_bundle_loaded"
"T1562.006","Indicator Blocking","true","stealth","Windows|macOS|Linux|ESXi","","attack-pattern--74d2a63f-3c7b-4852-92da-02d8fbab16da","stix_bundle_loaded"
"T1685.005","Clear Windows Event Logs","true","defense-impairment","Windows","","attack-pattern--75b9a4d2-d4e2-4ca1-9aab-1badd9e05fd0","stix_bundle_loaded"
"T1136.002","Domain Account","true","persistence","Linux|macOS|Windows","","attack-pattern--7610cada-1499-41a4-b3dd-46467b68d177","stix_bundle_loaded"
"T1564.014","Extended Attributes","true","stealth","Linux|macOS","","attack-pattern--762e6f29-a62f-4d96-91ed-d0073181431f","stix_bundle_loaded"
"T1589.003","Employee Names","true","reconnaissance","PRE","","attack-pattern--76551c52-b111-4884-bc47-ff3e728f0156","stix_bundle_loaded"
"T1677","Poisoned Pipeline Execution","false","execution","SaaS","","attack-pattern--7655ac3b-dfde-49c5-a967-242856174434","stix_bundle_loaded"
"T1482","Domain Trust Discovery","false","discovery","Windows","","attack-pattern--767dbf9e-df3f-45cb-8998-4903ab5f80c0","stix_bundle_loaded"
"T1558.001","Golden Ticket","true","credential-access","Windows","","attack-pattern--768dce68-8d0d-477a-b01d-0eea98b963a1","stix_bundle_loaded"
"T1175","Component Object Model and Distributed COM","false","lateral-movement|execution","Windows","","attack-pattern--772bc7a8-a157-42cc-8728-d648e25c7fe7","stix_bundle_loaded"
"T1020","Automated Exfiltration","false","exfiltration","Linux|macOS|Network Devices|Windows","","attack-pattern--774a3188-6ba9-4dc4-879d-d54ee48a5ce9","stix_bundle_loaded"
"T1592.004","Client Configurations","true","reconnaissance","PRE","","attack-pattern--774ad5bb-2366-4c13-a8a9-65e50b292e7c","stix_bundle_loaded"
"T1562.007","Disable or Modify Cloud Firewall","true","stealth","IaaS","","attack-pattern--77532a55-c283-4cd2-bc5d-2d0b65e9d88c","stix_bundle_loaded"
"T1219.001","IDE Tunneling","true","command-and-control","Linux|macOS|Windows","","attack-pattern--77e29a47-e263-4f11-8692-e5012f44dbac","stix_bundle_loaded"
"T1036.002","Right-to-Left Override","true","stealth","Linux|macOS|Windows","","attack-pattern--77eae145-55db-4519-8ae5-77b0c7215d69","stix_bundle_loaded"
"T1588.001","Malware","true","resource-development","PRE","","attack-pattern--7807d3a4-a885-4639-a786-c1ed41484970","stix_bundle_loaded"
"T1027.017","SVG Smuggling","true","stealth","Linux|macOS|Windows","","attack-pattern--78b9e70d-1605-459c-b23d-e3a25036968c","stix_bundle_loaded"
"T1542.002","Component Firmware","true","stealth|persistence","Windows|Linux|macOS","","attack-pattern--791481f8-e96a-41be-b089-a088763083d4","stix_bundle_loaded"
"T1070","Indicator Removal","false","stealth","Containers|ESXi|Linux|macOS|Network Devices|Office Suite|Windows","","attack-pattern--799ace7f-e227-4411-baa0-8868704f2a69","stix_bundle_loaded"
"T1048.001","Exfiltration Over Symmetric Encrypted Non-C2 Protocol","true","exfiltration","Linux|macOS|Windows|ESXi","","attack-pattern--79a4052e-1a89-4b09-aea6-51f1d11fe19c","stix_bundle_loaded"
"T1137.001","Office Template Macros","true","persistence","Office Suite|Windows","","attack-pattern--79a47ad0-fc3b-4821-9f01-a026b1ddba21","stix_bundle_loaded"
"T1583.003","Virtual Private Server","true","resource-development","PRE","","attack-pattern--79da0971-3147-4af6-a4f5-e8cd447cd795","stix_bundle_loaded"
"T1213.001","Confluence","true","collection","SaaS","","attack-pattern--7ad38ef1-381a-406d-872a-38b136eb5ecc","stix_bundle_loaded"
"T1550.003","Pass the Ticket","true","lateral-movement","Windows","","attack-pattern--7b211ac6-c815-4189-93a9-ab415deca926","stix_bundle_loaded"
"T1609","Container Administration Command","false","execution","Containers","","attack-pattern--7b50a1d3-4ca7-45d1-989d-a6503f04bfe1","stix_bundle_loaded"
"T1083","File and Directory Discovery","false","discovery","ESXi|Linux|macOS|Network Devices|Windows","","attack-pattern--7bc57495-ea59-4380-be31-a64af124ef18","stix_bundle_loaded"
"T1568","Dynamic Resolution","false","command-and-control","ESXi|Linux|macOS|Windows","","attack-pattern--7bd9c723-2f78-4309-82c5-47cad406572b","stix_bundle_loaded"
"T1036.004","Masquerade Task or Service","true","stealth","Linux|macOS|Windows","","attack-pattern--7bdca9d5-d500-4d7d-8c52-5fd47baf4c0c","stix_bundle_loaded"
"T1055.004","Asynchronous Procedure Call","true","stealth|privilege-escalation","Windows","","attack-pattern--7c0f17c9-1af6-4628-9cbd-9e45482dd605","stix_bundle_loaded"
"T1020.001","Traffic Duplication","true","exfiltration","Network Devices|IaaS","","attack-pattern--7c46b364-8496-4234-8a56-f7e6727e21e1","stix_bundle_loaded"
"T1138","Application Shimming","false","persistence|privilege-escalation","Windows","","attack-pattern--7c93aa74-4bc0-4a9e-90ea-f25f86301566","stix_bundle_loaded"
"T1647","Plist File Modification","false","defense-impairment","macOS","","attack-pattern--7d20fff9-8751-404e-badd-ccd71bda0236","stix_bundle_loaded"
"T1127.003","JamPlus","true","stealth|execution","Windows","","attack-pattern--7d356151-a69d-404e-896b-71618952702a","stix_bundle_loaded"
"T1546.009","AppCert DLLs","true","privilege-escalation|persistence","Windows","","attack-pattern--7d57b371-10c2-45e5-b3cc-83a8fb380e4c","stix_bundle_loaded"
"T1191","CMSTP","false","stealth|execution","Windows","","attack-pattern--7d6f590f-544b-45b4-9a42-e0805f342af3","stix_bundle_loaded"
"T1188","Multi-hop Proxy","false","command-and-control","Linux|macOS|Windows","","attack-pattern--7d751199-05fa-4a72-920f-85df4506c76c","stix_bundle_loaded"
"T1114.003","Email Forwarding Rule","true","collection","Linux|macOS|Office Suite|Windows","","attack-pattern--7d77a07d-02fe-4e88-8bd9-e9c008c01bf0","stix_bundle_loaded"
"T1074","Data Staged","false","collection","ESXi|IaaS|Linux|macOS|Windows","","attack-pattern--7dd95ff6-712e-4056-9626-312ea4ab4c5e","stix_bundle_loaded"
"T1649","Steal or Forge Authentication Certificates","false","credential-access","Windows|Linux|macOS|Identity Provider","","attack-pattern--7de1f7ac-5d0c-4c9c-8873-627202205331","stix_bundle_loaded"
"T1098.005","Device Registration","true","persistence|privilege-escalation","Windows|Identity Provider","","attack-pattern--7decb26c-715c-40cf-b7e0-026f7d7cc215","stix_bundle_loaded"
"T1049","System Network Connections Discovery","false","discovery","ESXi|IaaS|Linux|macOS|Network Devices|Windows","","attack-pattern--7e150503-88e7-4861-866b-ff1ac82c4475","stix_bundle_loaded"
"T1584","Compromise Infrastructure","false","resource-development","PRE","","attack-pattern--7e3beebd-8bfe-4e7b-a892-e44ab06a75f9","stix_bundle_loaded"
"T1553.005","Mark-of-the-Web Bypass","true","defense-impairment","Windows","","attack-pattern--7e7c2fba-7cca-486c-9582-4c1bb2851961","stix_bundle_loaded"
"T1600.002","Disable Crypto Hardware","true","defense-impairment","Network Devices","","attack-pattern--7efba77e-3bc4-4ca5-8292-d8201dcd64b5","stix_bundle_loaded"
"T1542","Pre-OS Boot","false","stealth|persistence","Linux|macOS|Network Devices|Windows","","attack-pattern--7f0ca133-88c4-40c6-a62f-b3083a7fbc2e","stix_bundle_loaded"
"T1064","Scripting","false","stealth|execution","Linux|macOS|Windows","","attack-pattern--7fd87010-3a00-4da3-b905-410525e8ec44","stix_bundle_loaded"
"T1612","Build Image on Host","false","stealth","Containers","","attack-pattern--800f9819-7007-4540-a520-40e655876800","stix_bundle_loaded"
"T1051","Shared Webroot","false","lateral-movement","Windows","","attack-pattern--804c042c-cfe6-449e-bc1a-ba0a998a70db","stix_bundle_loaded"
"T1055.002","Portable Executable Injection","true","stealth|privilege-escalation","Windows","","attack-pattern--806a49c4-970d-43f9-9acc-ac0ee11e6662","stix_bundle_loaded"
"T1218.012","Verclsid","true","stealth","Windows","","attack-pattern--808e6329-ca91-4b87-ac2d-8eadc5f8f327","stix_bundle_loaded"
"T1586","Compromise Accounts","false","resource-development","PRE","","attack-pattern--81033c3b-16a4-46e4-8fed-9b030dd03c4a","stix_bundle_loaded"
"T1569.001","Launchctl","true","execution","macOS","","attack-pattern--810aa4ad-61c9-49cb-993f-daa06199421d","stix_bundle_loaded"
"T1584.005","Botnet","true","resource-development","PRE","","attack-pattern--810d8072-afb6-4a56-9ee7-86379ac4a6f3","stix_bundle_loaded"
"T1059.008","Network Device CLI","true","execution","Network Devices","","attack-pattern--818302b2-d640-477b-bf88-873120ce85c4","stix_bundle_loaded"
"T1552.003","Shell History","true","credential-access","Linux|macOS|Windows","","attack-pattern--8187bd2a-866f-4457-9009-86b0ddedffa3","stix_bundle_loaded"
"T1562.010","Downgrade Attack","true","stealth","Windows|Linux|macOS","","attack-pattern--824add00-99a1-4b15-9a2d-6c5683b7b497","stix_bundle_loaded"
"T1559.003","XPC Services","true","execution","macOS","","attack-pattern--8252f135-ed26-4ce1-ae61-f26e94429a19","stix_bundle_loaded"
"T1497","Virtualization/Sandbox Evasion","false","stealth|discovery","Linux|macOS|Windows","","attack-pattern--82caa33e-d11a-433a-94ea-9b5a5fbef81d","stix_bundle_loaded"
"T1102","Web Service","false","command-and-control","ESXi|Linux|macOS|Windows","","attack-pattern--830c9528-df21-472c-8c14-a036bf17d665","stix_bundle_loaded"
"T1552.001","Credentials In Files","true","credential-access","Containers|IaaS|Linux|macOS|Windows","","attack-pattern--837f9164-50af-4ac0-8219-379d8a74cefc","stix_bundle_loaded"
"T1568.003","DNS Calculation","true","command-and-control","ESXi|Linux|macOS|Windows","","attack-pattern--83a766f8-1501-4b3a-a2de-2e2849e8dfc1","stix_bundle_loaded"
"T1218.005","Mshta","true","stealth","Windows","","attack-pattern--840a987a-99bd-4a80-a5c9-0cb2baa6cade","stix_bundle_loaded"
"T1547.015","Login Items","true","persistence|privilege-escalation","macOS","","attack-pattern--84601337-6a55-4ad7-9c35-79e0d1ea2ab3","stix_bundle_loaded"
"T1608","Stage Capabilities","false","resource-development","PRE","","attack-pattern--84771bc3-f6a0-403e-b144-01af70e5fda0","stix_bundle_loaded"
"T1608.005","Link Target","true","resource-development","PRE","","attack-pattern--84ae8255-b4f4-4237-b5c5-e717405a9701","stix_bundle_loaded"
"T1104","Multi-Stage Channels","false","command-and-control","Linux|macOS|Windows|ESXi","","attack-pattern--84e02621-8fdf-470f-bd58-993bb6a89d91","stix_bundle_loaded"
"T1657","Financial Theft","false","impact","Linux|macOS|Office Suite|SaaS|Windows","","attack-pattern--851e071f-208d-4c79-adc6-5974c85c78f3","stix_bundle_loaded"
"T1480","Execution Guardrails","false","stealth","ESXi|Linux|macOS|Windows","","attack-pattern--853c4192-4311-43e1-bfbb-b11b14911852","stix_bundle_loaded"
"T1619","Cloud Storage Object Discovery","false","discovery","IaaS","","attack-pattern--8565825b-21c8-4518-b75e-cbc4c717a156","stix_bundle_loaded"
"T1606.001","Web Cookies","true","credential-access","Linux|macOS|Windows|SaaS|IaaS","","attack-pattern--861b8fd2-57f3-4ee1-ab5d-c19c3b8c7a4a","stix_bundle_loaded"
"T1654","Log Enumeration","false","discovery","ESXi|IaaS|Linux|macOS|Windows","","attack-pattern--866d0d6d-02c6-42bd-aa2f-02907fdc0969","stix_bundle_loaded"
"T1134.001","Token Impersonation/Theft","true","stealth|privilege-escalation","Windows","","attack-pattern--86850eff-2729-40c3-b85e-c4af26da4a2d","stix_bundle_loaded"
"T1567.001","Exfiltration to Code Repository","true","exfiltration","ESXi|Linux|macOS|Windows","","attack-pattern--86a96bf6-cf8b-411c-aaeb-8959944d64f7","stix_bundle_loaded"
"T1021.007","Cloud Services","true","lateral-movement","IaaS|Identity Provider|Office Suite|SaaS","","attack-pattern--8861073d-d1b8-4941-82ce-dce621d398f0","stix_bundle_loaded"
"T1205.001","Port Knocking","true","stealth|persistence|command-and-control","Linux|macOS|Network Devices|Windows","","attack-pattern--8868cb5b-d575-4a60-acb2-07d37389a2fd","stix_bundle_loaded"
"T1027.012","LNK Icon Smuggling","true","stealth","Windows","","attack-pattern--887274fc-2d63-4bdc-82f3-fae56d1d5fdc","stix_bundle_loaded"
"T1583.006","Web Services","true","resource-development","PRE","","attack-pattern--88d31120-5bc7-4ce3-a9c0-7cf147be8e54","stix_bundle_loaded"
"T1528","Steal Application Access Token","false","credential-access","Containers|IaaS|Identity Provider|Office Suite|SaaS","","attack-pattern--890c9858-598c-401d-a4d5-c67ebcdd703a","stix_bundle_loaded"
"T1598.002","Spearphishing Attachment","true","reconnaissance","PRE","","attack-pattern--8982a661-d84c-48c0-b4ec-1db29c6cf3bc","stix_bundle_loaded"
"T1098.001","Additional Cloud Credentials","true","persistence|privilege-escalation","IaaS|Identity Provider|SaaS","","attack-pattern--8a2f40cf-8325-47f9-96e4-b1ca4c7389bd","stix_bundle_loaded"
"T1204","User Execution","false","execution","Linux|Windows|macOS|IaaS|Containers","","attack-pattern--8c32eb4d-805f-4fc5-bf60-c4d476c131b5","stix_bundle_loaded"
"T1491.001","Internal Defacement","true","impact","ESXi|Linux|macOS|Windows","","attack-pattern--8c41090b-aa47-4331-986b-8c9a51a91103","stix_bundle_loaded"
"T1564.002","Hidden Users","true","stealth","Linux|macOS|Windows","","attack-pattern--8c4aef43-48d5-49aa-b2af-c0cd58d30c3d","stix_bundle_loaded"
"T1134.003","Make and Impersonate Token","true","stealth|privilege-escalation","Windows","","attack-pattern--8cdeb020-e31e-4f88-a582-f53dcfbda819","stix_bundle_loaded"
"T1552.006","Group Policy Preferences","true","credential-access","Windows","","attack-pattern--8d7bd4f5-3a89-4453-9c82-2c8894d5655e","stix_bundle_loaded"
"T1196","Control Panel Items","false","stealth|execution","Windows","","attack-pattern--8df54627-376c-487c-a09c-7d2b5620f56e","stix_bundle_loaded"
"T1048.002","Exfiltration Over Asymmetric Encrypted Non-C2 Protocol","true","exfiltration","ESXi|Linux|macOS|Windows","","attack-pattern--8e350c1d-ac79-4b5c-bd4e-7476d7e84ec5","stix_bundle_loaded"
"T1087.004","Cloud Account","true","discovery","IaaS|Identity Provider|Office Suite|SaaS","","attack-pattern--8f104855-e5b7-4077-b1f5-bc3103b41abe","stix_bundle_loaded"
"T1683.002","Audio-Visual Content","true","resource-development","PRE","","attack-pattern--8f452cb4-cbf4-4522-8b11-448787be95c4","stix_bundle_loaded"
"T1057","Process Discovery","false","discovery","ESXi|Linux|macOS|Network Devices|Windows","","attack-pattern--8f4a33ec-8b1f-4b80-a2f6-642b2e479580","stix_bundle_loaded"
"T1562.003","Impair Command History Logging","true","stealth","ESXi|Linux|macOS|Network Devices|Windows","","attack-pattern--8f504411-cb96-4dac-a537-8d2bb7679c59","stix_bundle_loaded"
"T1053.004","Launchd","true","execution|persistence|privilege-escalation","macOS","","attack-pattern--8faedf87-dceb-4c35-b2a2-7286f59a3bc3","stix_bundle_loaded"
"T1556.008","Network Provider DLL","true","defense-impairment|persistence|credential-access","Windows","","attack-pattern--90c4a591-d02d-490b-92aa-619d9701ac04","stix_bundle_loaded"
"T1546.003","Windows Management Instrumentation Event Subscription","true","privilege-escalation|persistence","Windows","","attack-pattern--910906dd-8c0a-475a-9cc1-5e029e2fad58","stix_bundle_loaded"
"T1596.004","CDNs","true","reconnaissance","PRE","","attack-pattern--91177e6d-b616-4a03-ba4b-f3b32f7dda75","stix_bundle_loaded"
"T1497.002","User Activity Based Checks","true","stealth|discovery","Linux|macOS|Windows","","attack-pattern--91541e7e-b969-40c6-bbd8-1b5352ec2938","stix_bundle_loaded"
"T1141","Input Prompt","false","credential-access","macOS|Windows","","attack-pattern--91ce1ede-107f-4d8b-bf4c-735e8789c94b","stix_bundle_loaded"
"T1496.004","Cloud Service Hijacking","true","impact","SaaS","","attack-pattern--924d273c-be0d-4d8d-af58-2dddb15ef1e2","stix_bundle_loaded"
"T1585.003","Cloud Accounts","true","resource-development","PRE","","attack-pattern--926d8cfd-1d0d-4da2-ab49-3ca10ec3f3b5","stix_bundle_loaded"
"T1072","Software Deployment Tools","false","execution|lateral-movement","Linux|macOS|Network Devices|SaaS|Windows","","attack-pattern--92a78814-b191-47ca-909c-1ccfe3777414","stix_bundle_loaded"
"T1041","Exfiltration Over C2 Channel","false","exfiltration","ESXi|Linux|macOS|Windows","","attack-pattern--92d7da27-2d91-488e-a00c-059dc162766d","stix_bundle_loaded"
"T1134.004","Parent PID Spoofing","true","stealth|privilege-escalation","Windows","","attack-pattern--93591901-3172-4e94-abf8-6034ab26f44a","stix_bundle_loaded"
"T1591","Gather Victim Org Information","false","reconnaissance","PRE","","attack-pattern--937e4772-8441-4e4a-8bf0-8d447d667e23","stix_bundle_loaded"
"T1060","Registry Run Keys / Startup Folder","false","persistence","Windows","","attack-pattern--9422fc14-1c43-410d-ab0f-a709b76c72dc","stix_bundle_loaded"
"T1606","Forge Web Credentials","false","credential-access","SaaS|Windows|macOS|Linux|IaaS|Office Suite|Identity Provider","","attack-pattern--94cb00a4-b295-4d06-aa2b-5653b9c1be9c","stix_bundle_loaded"
"T1621","Multi-Factor Authentication Request Generation","false","credential-access","Windows|Linux|macOS|IaaS|SaaS|Office Suite|Identity Provider","","attack-pattern--954a1639-f2d6-407d-aef3-4917622ca493","stix_bundle_loaded"
"T1554","Compromise Host Software Binary","false","persistence","ESXi|Linux|macOS|Windows","","attack-pattern--960c3c86-1480-4d72-b4e0-8c242e84a5c5","stix_bundle_loaded"
"T1552.008","Chat Messages","true","credential-access","SaaS|Office Suite","","attack-pattern--9664ad0e-789e-40ac-82e2-d7b17fbe8fb3","stix_bundle_loaded"
"T1059.001","PowerShell","true","execution","Windows","","attack-pattern--970a3432-3237-47ad-bcca-7d8cbb217736","stix_bundle_loaded"
"T1023","Shortcut Modification","false","persistence","Windows","","attack-pattern--970cdb5c-02fb-4c38-b17e-d6327cf3c810","stix_bundle_loaded"
"T1546.001","Change Default File Association","true","privilege-escalation|persistence","Windows","","attack-pattern--98034fef-d9fb-4667-8dc4-2eab6231724c","stix_bundle_loaded"
"T1055.014","VDSO Hijacking","true","stealth|privilege-escalation","Linux","","attack-pattern--98be40f2-c86b-4ade-b6fc-4964932040e5","stix_bundle_loaded"
"T1026","Multiband Communication","false","command-and-control","Linux|macOS|Windows","","attack-pattern--99709758-2b96-48f2-a68a-ad7fbd828091","stix_bundle_loaded"
"T1071.002","File Transfer Protocols","true","command-and-control","ESXi|Linux|macOS|Network Devices|Windows","","attack-pattern--9a60a291-8960-4387-8a4a-2ab5c18bb50b","stix_bundle_loaded"
"T1679","Selective Exclusion","false","stealth","Windows","","attack-pattern--9b00925a-7c4b-4e53-bfc8-9a6a806fde03","stix_bundle_loaded"
"T1122","Component Object Model Hijacking","false","stealth|persistence","Windows","","attack-pattern--9b52fca7-1a36-4da0-b62d-da5bd83b4d69","stix_bundle_loaded"
"T1015","Accessibility Features","false","persistence|privilege-escalation","Windows","","attack-pattern--9b99b83a-1aac-4e29-b975-b374950551a3","stix_bundle_loaded"
"T1212","Exploitation for Credential Access","false","credential-access","Linux|Windows|macOS|Identity Provider","","attack-pattern--9c306d8d-cde7-4b4c-b6e8-d0bb16caca36","stix_bundle_loaded"
"T1546.014","Emond","true","privilege-escalation|persistence","macOS","","attack-pattern--9c45eaa3-8604-4780-8988-b5074dbb9ecd","stix_bundle_loaded"
"T1102.003","One-Way Communication","true","command-and-control","Linux|macOS|Windows|ESXi","","attack-pattern--9c99724c-a483-4d60-ad9d-7f004e42e8e8","stix_bundle_loaded"
"T1590","Gather Victim Network Information","false","reconnaissance","PRE","","attack-pattern--9d48cab2-7929-4812-ad22-f536665f0109","stix_bundle_loaded"
"T1210","Exploitation of Remote Services","false","lateral-movement","Linux|Windows|macOS|ESXi","","attack-pattern--9db0cf3a-a3c9-4012-8268-123b9db6fd82","stix_bundle_loaded"
"T1502","Parent PID Spoofing","false","stealth|privilege-escalation","Windows","","attack-pattern--9ddc2534-e91c-4dab-a8f6-43dab81e8142","stix_bundle_loaded"
"T1142","Keychain","false","credential-access","macOS","","attack-pattern--9e09ddb2-1746-4448-9cad-7f8b41777d6d","stix_bundle_loaded"
"T1534","Internal Spearphishing","false","lateral-movement","Linux|macOS|Office Suite|SaaS|Windows","","attack-pattern--9e7452df-5144-4b6e-b04a-b66dd4016747","stix_bundle_loaded"
"T1169","Sudo","false","privilege-escalation","Linux|macOS","","attack-pattern--9e80ddfb-ce32-4961-a778-ca6a10cfae72","stix_bundle_loaded"
"T1574.010","Services File Permissions Weakness","true","stealth|execution","Windows","","attack-pattern--9e8b28c9-35fe-48ac-a14d-e6cc032dcbcd","stix_bundle_loaded"
"T1547.001","Registry Run Keys / Startup Folder","true","persistence|privilege-escalation","Windows","","attack-pattern--9efb1ea7-c37b-4595-9640-b7680cd84279","stix_bundle_loaded"
"T1199","Trusted Relationship","false","initial-access","IaaS|Identity Provider|Linux|macOS|Office Suite|SaaS|Windows","","attack-pattern--9fa07bef-9c81-421e-a8e5-ad4366c5a925","stix_bundle_loaded"
"T1136.003","Cloud Account","true","persistence","IaaS|SaaS|Office Suite|Identity Provider","","attack-pattern--a009cb25-4801-4116-9105-80a91cf15c1b","stix_bundle_loaded"
"T1069.001","Local Groups","true","discovery","Linux|macOS|Windows","","attack-pattern--a01bf75f-00b2-4568-a58f-565ff9bf202b","stix_bundle_loaded"
"T1149","LC_MAIN Hijacking","false","stealth","macOS","","attack-pattern--a0a189c8-d3bd-4991-bf6f-153d185ee373","stix_bundle_loaded"
"T1593","Search Open Websites/Domains","false","reconnaissance","PRE","","attack-pattern--a0e6614a-7740-4b24-bd65-f1bde09fc365","stix_bundle_loaded"
"T1562.013","Disable or Modify Network Device Firewall","true","stealth","Network Devices","","attack-pattern--a0f84e1d-d25c-4dd1-bb26-3c0e68471530","stix_bundle_loaded"
"T1098","Account Manipulation","false","persistence|privilege-escalation","Containers|ESXi|IaaS|Identity Provider|Linux|macOS|Network Devices|Office Suite|SaaS|Windows","","attack-pattern--a10641f4-87b4-45a3-a906-92a149cb2c27","stix_bundle_loaded"
"T1170","Mshta","false","stealth|execution","Windows","","attack-pattern--a127c32c-cbb0-4f9d-be07-881a792408ec","stix_bundle_loaded"
"T1048","Exfiltration Over Alternative Protocol","false","exfiltration","ESXi|IaaS|Linux|macOS|Network Devices|Office Suite|SaaS|Windows","","attack-pattern--a19e86f8-1c0a-4fea-8407-23b73d615776","stix_bundle_loaded"
"T1547.006","Kernel Modules and Extensions","true","persistence|privilege-escalation","macOS|Linux","","attack-pattern--a1b52199-c8c5-438a-9ded-656f1d0888c6","stix_bundle_loaded"
"T1678","Delay Execution","false","stealth","Linux|macOS|Windows","","attack-pattern--a1df809c-7d0e-459f-8fe5-25474bab770b","stix_bundle_loaded"
"T1056.002","GUI Input Capture","true","collection|credential-access","Linux|macOS|Windows","","attack-pattern--a2029942-0a85-4947-b23c-ca434698171d","stix_bundle_loaded"
"T1097","Pass the Ticket","false","lateral-movement","Windows","","attack-pattern--a257ed11-ff3b-4216-8c9d-3938ef57064c","stix_bundle_loaded"
"T1686.002","Network Device Firewall","true","defense-impairment","Network Devices","","attack-pattern--a29aa77c-a88d-4f19-bab9-7751941b2e2d","stix_bundle_loaded"
"T1588.002","Tool","true","resource-development","PRE","","attack-pattern--a2fdce72-04b2-409a-ac10-cc1695f4fce0","stix_bundle_loaded"
"T1052.001","Exfiltration over USB","true","exfiltration","Linux|Windows|macOS","","attack-pattern--a3e1e6c5-9c74-4fc0-a16c-a9d228c17829","stix_bundle_loaded"
"T1574.013","KernelCallbackTable","true","stealth|execution","Windows","","attack-pattern--a4657bc9-d22f-47d2-a7b7-dd6ec33f3dde","stix_bundle_loaded"
"T1597","Search Closed Sources","false","reconnaissance","PRE","","attack-pattern--a51eb150-93b1-484b-a503-e51453b127a4","stix_bundle_loaded"
"T1053.006","Systemd Timers","true","execution|persistence|privilege-escalation","Linux","","attack-pattern--a542bac9-7bc1-4da7-9a09-96f69e23cc21","stix_bundle_loaded"
"T1566","Phishing","false","initial-access","Identity Provider|Linux|macOS|Office Suite|SaaS|Windows","","attack-pattern--a62a8db3-f23a-4d8f-afd6-9dbc77e7813b","stix_bundle_loaded"
"T1061","Graphical User Interface","false","execution","Linux|macOS|Windows","","attack-pattern--a6525aec-acc4-47fe-92f9-b9b4de4b9228","stix_bundle_loaded"
"T1542.004","ROMMONkit","true","stealth|persistence","Network Devices","","attack-pattern--a6557c75-798f-42e4-be70-ab4502e0a3bc","stix_bundle_loaded"
"T1218.001","Compiled HTML File","true","stealth","Windows","","attack-pattern--a6937325-9321-4e2e-bb2b-3ed2d40b2a9d","stix_bundle_loaded"
"T1496.001","Compute Hijacking","true","impact","Windows|IaaS|Linux|macOS|Containers","","attack-pattern--a718a0c8-5768-41a1-9958-a1cc3f995e99","stix_bundle_loaded"
"T1070.005","Network Share Connection Removal","true","stealth","Windows","","attack-pattern--a750a9f6-0bde-4bb3-9aae-1e2786e9780c","stix_bundle_loaded"
"T1090.003","Multi-hop Proxy","true","command-and-control","ESXi|Linux|macOS|Network Devices|Windows","","attack-pattern--a782ebe2-daba-42c7-bc82-e8e9d923162d","stix_bundle_loaded"
"T1110","Brute Force","false","credential-access","Containers|ESXi|IaaS|Identity Provider|Linux|macOS|Network Devices|Office Suite|SaaS|Windows","","attack-pattern--a93494bb-4b80-4ea1-8695-3236a49916fd","stix_bundle_loaded"
"T1059.004","Unix Shell","true","execution","ESXi|Linux|macOS|Network Devices","","attack-pattern--a9d4b653-6915-42af-98b2-5758c4ceee56","stix_bundle_loaded"
"T1137.003","Outlook Forms","true","persistence","Windows|Office Suite","","attack-pattern--a9e2cea0-c805-4bf8-9e31-f5f0513a3634","stix_bundle_loaded"
"T1219.003","Remote Access Hardware","true","command-and-control","Linux|macOS|Windows","","attack-pattern--a9fb6b3f-4a3c-4703-a4f1-f55f83d1e017","stix_bundle_loaded"
"T1157","Dylib Hijacking","false","persistence|privilege-escalation","macOS","","attack-pattern--aa8bfbc9-78dc-41a4-a03b-7453e0fdccda","stix_bundle_loaded"
"T1562.001","Disable or Modify Tools","true","stealth","Containers|IaaS|Linux|macOS|Network Devices|Windows","","attack-pattern--ac08589e-ee59-4935-8667-d845e38fe579","stix_bundle_loaded"
"T1565","Data Manipulation","false","impact","Linux|macOS|Windows","","attack-pattern--ac9e6b22-11bf-45d7-9181-c1cb08360931","stix_bundle_loaded"
"T1559","Inter-Process Communication","false","execution","Linux|macOS|Windows","","attack-pattern--acd0ba37-7ba9-4cc5-ac61-796586cd856d","stix_bundle_loaded"
"T1001","Data Obfuscation","false","command-and-control","ESXi|Linux|macOS|Windows","","attack-pattern--ad255bfe-a9e6-4b52-a258-8d3462abe842","stix_bundle_loaded"
"T1039","Data from Network Shared Drive","false","collection","Linux|macOS|Windows","","attack-pattern--ae676644-d2d2-41b7-af7e-9bed1b55898c","stix_bundle_loaded"
"T1584.006","Web Services","true","resource-development","PRE","","attack-pattern--ae797531-3219-49a4-bccf-324ad7a4c7b2","stix_bundle_loaded"
"T1601","Modify System Image","false","defense-impairment","Network Devices","","attack-pattern--ae7f3575-0a5e-427e-991b-fe03ad44c754","stix_bundle_loaded"
"T1574","Hijack Execution Flow","false","stealth|execution","Linux|macOS|Windows","","attack-pattern--aedfca76-3b30-4866-b2aa-0f1d7fd1e4b6","stix_bundle_loaded"
"T1036.012","Browser Fingerprint","true","stealth","Linux|macOS|Windows","","attack-pattern--afac5dbc-4383-4fb6-9ba6-45b25d49e530","stix_bundle_loaded"
"T1059.011","Lua","true","execution","Linux|Network Devices|Windows|macOS","","attack-pattern--afddee82-3385-4682-ad90-eeced33f2d07","stix_bundle_loaded"
"T1027.005","Indicator Removal from Tools","true","stealth","Linux|macOS|Windows","","attack-pattern--b0533c6e-8fea-4788-874f-b799cacc4b92","stix_bundle_loaded"
"T1204.003","Malicious Image","true","execution","IaaS|Containers","","attack-pattern--b0c74ef9-c61e-4986-88cb-78da98a355ec","stix_bundle_loaded"
"T1543.005","Container Service","true","persistence|privilege-escalation","Containers","","attack-pattern--b0e54bf7-835e-4f44-bd8e-62f431b9b76a","stix_bundle_loaded"
"T1078","Valid Accounts","false","stealth|persistence|privilege-escalation|initial-access","Containers|ESXi|IaaS|Identity Provider|Linux|macOS|Network Devices|Office Suite|SaaS|Windows","","attack-pattern--b17a1a56-e99c-403c-8948-561df0cffe81","stix_bundle_loaded"
"T1571","Non-Standard Port","false","command-and-control","ESXi|Linux|macOS|Windows","","attack-pattern--b18eae87-b469-4e14-b454-b171b416bc18","stix_bundle_loaded"
"T1585.001","Social Media Accounts","true","resource-development","PRE","","attack-pattern--b1ccd744-3f78-4a0e-9bb2-2002057f7928","stix_bundle_loaded"
"T1073","DLL Side-Loading","false","stealth","Windows","","attack-pattern--b2001907-166b-4d71-bb3c-9d26c871de09","stix_bundle_loaded"
"T1055.012","Process Hollowing","true","stealth|privilege-escalation","Windows","","attack-pattern--b200542e-e877-4395-875b-cf1a44537ca4","stix_bundle_loaded"
"T1068","Exploitation for Privilege Escalation","false","privilege-escalation","Containers|Linux|macOS|Windows","","attack-pattern--b21c3b2d-02e6-45b1-980b-e69051040839","stix_bundle_loaded"
"T1564.009","Resource Forking","true","stealth","macOS","","attack-pattern--b22e5153-ac28-4cc6-865c-2054e36285cb","stix_bundle_loaded"
"T1531","Account Access Removal","false","impact","Linux|macOS|Windows|SaaS|IaaS|Office Suite|ESXi","","attack-pattern--b24e2a20-3b3d-4bf0-823b-1ed765398fb0","stix_bundle_loaded"
"T1110.004","Credential Stuffing","true","credential-access","Containers|ESXi|IaaS|Identity Provider|Linux|macOS|Network Devices|Office Suite|SaaS|Windows","","attack-pattern--b2d03cea-aec1-45ca-9744-9ee583c1e1cc","stix_bundle_loaded"
"T1208","Kerberoasting","false","credential-access","Windows","","attack-pattern--b39d03cb-7b98-41c4-a878-c40c1a913dc0","stix_bundle_loaded"
"T1027","Obfuscated Files or Information","false","stealth","ESXi|Linux|macOS|Network Devices|Windows","","attack-pattern--b3d682b6-98f2-4fb0-aa3b-b4df007ca70a","stix_bundle_loaded"
"T1556.006","Multi-Factor Authentication","true","defense-impairment|persistence|credential-access","IaaS|Identity Provider|Linux|macOS|Office Suite|SaaS|Windows","","attack-pattern--b4409cd8-0da9-46e1-a401-a241afd4d1cc","stix_bundle_loaded"
"T1114.002","Remote Email Collection","true","collection","Office Suite|Windows","","attack-pattern--b4694861-542c-48ea-9eb1-10d356e7140a","stix_bundle_loaded"
"T1505.004","IIS Components","true","persistence","Windows","","attack-pattern--b46a801b-fd98-491c-a25a-bca25d6e3001","stix_bundle_loaded"
"T1036.001","Invalid Code Signature","true","stealth","macOS|Windows","","attack-pattern--b4b7458f-81f2-4d38-84be-1c5ba0167a52","stix_bundle_loaded"
"T1683","Generate Content","false","resource-development","PRE","","attack-pattern--b512fb8a-18dd-4bfc-bbad-acbaaeb7dde3","stix_bundle_loaded"
"T1564.006","Run Virtual Instance","true","stealth","ESXi|Linux|macOS|Windows","","attack-pattern--b5327dd1-6bf9-4785-a199-25bcbd1f4a9d","stix_bundle_loaded"
"T1154","Trap","false","execution|persistence","Linux|macOS","","attack-pattern--b53dbcc6-147d-48bb-9df4-bcb8bb808ff6","stix_bundle_loaded"
"T1027.014","Polymorphic Code","true","stealth","Linux|macOS|Windows","","attack-pattern--b577dfc1-0177-4522-8d5a-782127c8592b","stix_bundle_loaded"
"T1201","Password Policy Discovery","false","discovery","Windows|Linux|macOS|IaaS|Network Devices|Identity Provider|SaaS|Office Suite","","attack-pattern--b6075259-dba3-44e9-87c7-e954f37ec0d5","stix_bundle_loaded"
"T1546","Event Triggered Execution","false","privilege-escalation|persistence","Linux|macOS|Windows|SaaS|IaaS|Office Suite","","attack-pattern--b6301b64-ef57-4cce-bb0b-77026f14a8db","stix_bundle_loaded"
"T1546.004","Unix Shell Configuration Modification","true","privilege-escalation|persistence","Linux|macOS","","attack-pattern--b63a34e8-0a61-4c97-a23b-bf8a2ed812e2","stix_bundle_loaded"
"T1187","Forced Authentication","false","credential-access","Windows","","attack-pattern--b77cf5f3-6060-475d-bd60-40ccbf28fdc2","stix_bundle_loaded"
"T1134.005","SID-History Injection","true","stealth|privilege-escalation","Windows","","attack-pattern--b7dc639b-24cd-482d-a7f1-8897eda21023","stix_bundle_loaded"
"T1599","Network Boundary Bridging","false","defense-impairment","Network Devices","","attack-pattern--b8017880-4b1e-42de-ad10-ae7ac6705166","stix_bundle_loaded"
"T1486","Data Encrypted for Impact","false","impact","ESXi|IaaS|Linux|macOS|Windows","","attack-pattern--b80d107d-fa0d-4b60-9684-b0433e8bdba0","stix_bundle_loaded"
"T1488","Disk Content Wipe","false","impact","Linux|macOS|Windows","","attack-pattern--b82f7d37-b826-4ec9-9391-8e121c78aed7","stix_bundle_loaded"
"T1690","Prevent Command History Logging","false","defense-impairment","ESXi|Linux|macOS|Network Devices|Windows","","attack-pattern--b831f51c-d22f-4724-bbab-60d056bd1150","stix_bundle_loaded"
"T1553","Subvert Trust Controls","false","defense-impairment","Linux|macOS|Windows","","attack-pattern--b83e166d-13d7-4b52-8677-dff90c548fd7","stix_bundle_loaded"
"T1548.004","Elevated Execution with Prompt","true","privilege-escalation","macOS","","attack-pattern--b84903f0-c7d5-435d-a69e-de47cc3578c0","stix_bundle_loaded"
"T1592.003","Firmware","true","reconnaissance","PRE","","attack-pattern--b85f6ce5-81e8-4f36-aff2-3df9d02a9c9d","stix_bundle_loaded"
"T1573","Encrypted Channel","false","command-and-control","ESXi|Linux|macOS|Network Devices|Windows","","attack-pattern--b8902400-e6c5-4ba2-95aa-2d35b442b118","stix_bundle_loaded"
"T1174","Password Filter DLL","false","credential-access","Windows","","attack-pattern--b8c5c9dd-a662-479d-9428-ae745872537c","stix_bundle_loaded"
"T1547.002","Authentication Package","true","persistence|privilege-escalation","Windows","","attack-pattern--b8cfed42-6a8a-4989-ad72-541af74475ec","stix_bundle_loaded"
"T1218.010","Regsvr32","true","stealth","Windows","","attack-pattern--b97f1d35-4249-4486-a6b5-ee60ccf24fab","stix_bundle_loaded"
"T1002","Data Compressed","false","exfiltration","Linux|Windows|macOS","","attack-pattern--b9f5dbe2-4c55-4fc5-af2e-d42c1d182ec4","stix_bundle_loaded"
"T1567.003","Exfiltration to Text Storage Sites","true","exfiltration","Linux|macOS|Windows|ESXi","","attack-pattern--ba04e672-da86-4e69-aa15-0eca5db25f43","stix_bundle_loaded"
"T1081","Credentials in Files","false","credential-access","Windows|IaaS|Linux|macOS","","attack-pattern--ba8e391f-14b5-496f-81f2-2d5ecd646c1c","stix_bundle_loaded"
"T1592.002","Software","true","reconnaissance","PRE","","attack-pattern--baf60e1a-afe5-4d31-830f-1b1ba2351884","stix_bundle_loaded"
"T1128","Netsh Helper DLL","false","persistence","Windows","","attack-pattern--bb0e0cb5-f3e4-4118-a4cb-6bf13bfbc9f2","stix_bundle_loaded"
"T1056","Input Capture","false","collection|credential-access","Linux|macOS|Network Devices|Windows","","attack-pattern--bb5a00de-e086-4859-a231-fa793f6797e2","stix_bundle_loaded"
"T1566.004","Spearphishing Voice","true","initial-access","Linux|macOS|Windows|Identity Provider","","attack-pattern--bb5e59c4-abe7-40c7-8196-e373cb1e5974","stix_bundle_loaded"
"T1587.004","Exploits","true","resource-development","PRE","","attack-pattern--bbc3cba7-84ae-410d-b18b-16750731dfa2","stix_bundle_loaded"
"T1685","Disable or Modify Tools","false","defense-impairment","Containers|ESXi|IaaS|Linux|macOS|Network Devices|Windows","","attack-pattern--bbde9781-60aa-4b8a-a911-895b0c1b3872","stix_bundle_loaded"
"T1593.001","Social Media","true","reconnaissance","PRE","","attack-pattern--bbe5b322-e2af-4a5e-9625-a4e62bf84ed3","stix_bundle_loaded"
"T1213.004","Customer Relationship Management Software","true","collection","SaaS","","attack-pattern--bbfbb096-6561-4d7d-aa2c-a5ee8e44c696","stix_bundle_loaded"
"T1546.015","Component Object Model Hijacking","true","privilege-escalation|persistence","Windows","","attack-pattern--bc0f5e80-91c0-4e04-9fbb-e4e332c85dae","stix_bundle_loaded"
"T1589.001","Credentials","true","reconnaissance","PRE","","attack-pattern--bc76d0a4-db11-4551-9ac4-01a469cfb161","stix_bundle_loaded"
"T1195.002","Compromise Software Supply Chain","true","initial-access","Linux|Windows|macOS","","attack-pattern--bd369cd9-abb8-41ce-b5bb-fff23ee86c00","stix_bundle_loaded"
"T1036.003","Rename Legitimate Utilities","true","stealth","Linux|macOS|Windows","","attack-pattern--bd5b58a4-a52d-4a29-bc0d-3f1d3968eb6b","stix_bundle_loaded"
"T1102.002","Bidirectional Communication","true","command-and-control","ESXi|Linux|macOS|Windows","","attack-pattern--be055942-6e63-49d7-9fa1-9cb7d8a8f3f4","stix_bundle_loaded"
"T1203","Exploitation for Client Execution","false","execution","Linux|macOS|Windows","","attack-pattern--be2dcee9-a7a7-4e38-afd6-21b31ecc3d63","stix_bundle_loaded"
"T1595.003","Wordlist Scanning","true","reconnaissance","PRE","","attack-pattern--bed04f7d-e48a-4e76-bd0f-4c57fe31fc46","stix_bundle_loaded"
"T1667","Email Bombing","false","impact","Linux|Office Suite|Windows|macOS","","attack-pattern--bed81616-3dde-4685-be6e-ba9820f9a7ed","stix_bundle_loaded"
"T1562.011","Spoof Security Alerting","true","stealth","Windows|macOS|Linux","","attack-pattern--bef8aaee-961d-4359-a308-4c2182bcedff","stix_bundle_loaded"
"T1137.004","Outlook Home Page","true","persistence","Windows|Office Suite","","attack-pattern--bf147104-abf9-4221-95d1-e81585859441","stix_bundle_loaded"
"T1573.002","Asymmetric Cryptography","true","command-and-control","ESXi|Linux|macOS|Network Devices|Windows","","attack-pattern--bf176076-b789-408e-8cba-7275e81c0ada","stix_bundle_loaded"
"T1567.002","Exfiltration to Cloud Storage","true","exfiltration","ESXi|Linux|macOS|Windows","","attack-pattern--bf1b6176-597c-4600-bfcd-ac989670f96b","stix_bundle_loaded"
"T1570","Lateral Tool Transfer","false","lateral-movement","ESXi|Linux|macOS|Windows","","attack-pattern--bf90d72c-c00b-45e3-b3aa-68560560d4c5","stix_bundle_loaded"
"T1574.009","Path Interception by Unquoted Path","true","stealth|execution","Windows","","attack-pattern--bf96a5a3-3bce-43b7-8597-88545984c07b","stix_bundle_loaded"
"T1608.003","Install Digital Certificate","true","resource-development","PRE","","attack-pattern--c071d8c1-3b3a-4f22-9407-ca4e96921069","stix_bundle_loaded"
"T1168","Local Job Scheduling","false","persistence|execution","Linux|macOS","","attack-pattern--c0a384a4-9a25-40e1-97b6-458388474bc8","stix_bundle_loaded"
"T1166","Setuid and Setgid","false","privilege-escalation|persistence","Linux|macOS","","attack-pattern--c0df6533-30ee-4a4a-9c6d-17af5abdf0b2","stix_bundle_loaded"
"T1037.005","Startup Items","true","persistence|privilege-escalation","macOS","","attack-pattern--c0dfe7b0-b873-4618-9ff8-53e31f70907f","stix_bundle_loaded"
"T1100","Web Shell","false","persistence|privilege-escalation","Linux|Windows|macOS","","attack-pattern--c16e5409-ee53-4d79-afdc-4099dc9292df","stix_bundle_loaded"
"T1186","Process Doppelgänging","false","stealth","Windows","","attack-pattern--c1a452f3-6499-4c12-b7e9-a6a0a102af76","stix_bundle_loaded"
"T1184","SSH Hijacking","false","lateral-movement","Linux|macOS","","attack-pattern--c1b11bf7-c68e-4fbf-a95b-28efbe7953bb","stix_bundle_loaded"
"T1614.001","System Language Discovery","true","discovery","Linux|macOS|Windows","","attack-pattern--c1b68a96-3c48-49ea-a6c0-9b27359f9c19","stix_bundle_loaded"
"T1095","Non-Application Layer Protocol","false","command-and-control","ESXi|Linux|macOS|Network Devices|Windows","","attack-pattern--c21d5a77-d422-4a69-acd7-2c53c1faa34b","stix_bundle_loaded"
"T1075","Pass the Hash","false","lateral-movement","Windows","","attack-pattern--c23b740b-a42b-47a1-aec2-9d48ddd547ff","stix_bundle_loaded"
"T1059.013","Container CLI/API","true","execution","Containers","","attack-pattern--c283d88f-8c23-4318-9da5-3d50cecad756","stix_bundle_loaded"
"T1027.003","Steganography","true","stealth","Linux|macOS|Windows","","attack-pattern--c2e147a9-d1a8-4074-811a-d8789202d916","stix_bundle_loaded"
"T1584.002","DNS Server","true","resource-development","PRE","","attack-pattern--c2f59d25-87fe-44aa-8f83-e8e59d077bf5","stix_bundle_loaded"
"T1671","Cloud Application Integration","false","persistence","Office Suite|SaaS","","attack-pattern--c31aebd6-c9b5-420f-ba2a-5853bbf897fa","stix_bundle_loaded"
"T1001.003","Protocol or Service Impersonation","true","command-and-control","ESXi|Linux|macOS|Windows","","attack-pattern--c325b232-d5bc-4dde-a3ec-71f3db9e8adc","stix_bundle_loaded"
"T1012","Query Registry","false","discovery","Windows","","attack-pattern--c32f7008-9fea-41f7-8366-5eb9b74bd896","stix_bundle_loaded"
"T1030","Data Transfer Size Limits","false","exfiltration","Linux|macOS|Windows|ESXi","","attack-pattern--c3888c54-775d-4b2f-b759-75a2ececcbfd","stix_bundle_loaded"
"T1028","Windows Remote Management","false","execution|lateral-movement","Windows","","attack-pattern--c3bce4f4-9795-46c6-976e-8676300bbc39","stix_bundle_loaded"
"T1550.004","Web Session Cookie","true","lateral-movement","IaaS|Office Suite|SaaS","","attack-pattern--c3c8c916-2f3c-4e71-94b2-240bdfc996f0","stix_bundle_loaded"
"T1078.002","Domain Accounts","true","stealth|persistence|privilege-escalation|initial-access","ESXi|Linux|macOS|Windows","","attack-pattern--c3d4bdd9-2cfe-4a80-9d0c-07a29ecdce8f","stix_bundle_loaded"
"T1218.009","Regsvcs/Regasm","true","stealth","Windows","","attack-pattern--c48a67ee-b657-45c1-91bf-6cdbe27205f8","stix_bundle_loaded"
"T1034","Path Interception","false","persistence|privilege-escalation","Windows","","attack-pattern--c4ad009b-6e13-4419-8d21-918a1652de02","stix_bundle_loaded"
"T1546.018","Python Startup Hooks","true","persistence|privilege-escalation","Linux|macOS|Windows","","attack-pattern--c5087385-9b7c-4488-9923-d9e370bf08df","stix_bundle_loaded"
"T1506","Web Session Cookie","false","stealth|lateral-movement","Office 365|SaaS","","attack-pattern--c5e31fb5-fcbd-48a4-af8c-5a6ed5b932e5","stix_bundle_loaded"
"T1553.004","Install Root Certificate","true","defense-impairment","Linux|macOS|Windows","","attack-pattern--c615231b-f253-4f58-9d47-d5b4cbdb6839","stix_bundle_loaded"
"T1037.003","Network Logon Script","true","persistence|privilege-escalation","Windows","","attack-pattern--c63a348e-ffc2-486a-b9d9-d7f11ec54d99","stix_bundle_loaded"
"T1499","Endpoint Denial of Service","false","impact","Windows|Linux|macOS|Containers|IaaS","","attack-pattern--c675646d-e204-4aa8-978d-e3d6d65885c4","stix_bundle_loaded"
"T1027.004","Compile After Delivery","true","stealth","Linux|macOS|Windows","","attack-pattern--c726e0a2-a57a-4b7b-a973-d0f013246617","stix_bundle_loaded"
"T1688","Safe Mode Boot","false","defense-impairment","Windows","","attack-pattern--c7660f19-f8c5-4ae3-a5e5-24381c270376","stix_bundle_loaded"
"T1065","Uncommonly Used Port","false","command-and-control","Linux|macOS|Windows","","attack-pattern--c848fcf7-6b62-4bde-8216-b6c157d48da0","stix_bundle_loaded"
"T1614","System Location Discovery","false","discovery","IaaS|Linux|macOS|Windows","","attack-pattern--c877e33f-1df6-40d6-b1e7-ce70f16f4979","stix_bundle_loaded"
"T1564.007","VBA Stomping","true","stealth","Linux|macOS|Windows","","attack-pattern--c898c4b5-bf36-4e6e-a4ad-5b8c4c13e35b","stix_bundle_loaded"
"T1197","BITS Jobs","false","stealth|persistence|execution","Windows","","attack-pattern--c8e87b83-edbb-48d4-9295-4974897525b7","stix_bundle_loaded"
"T1127.001","MSBuild","true","stealth|execution","Windows","","attack-pattern--c92e3d68-2349-49e4-a341-7edca2deff96","stix_bundle_loaded"
"T1656","Impersonation","false","stealth","Linux|macOS|Office Suite|SaaS|Windows","","attack-pattern--c9e0c59e-162e-40a4-b8b1-78fab4329ada","stix_bundle_loaded"
"T1578.005","Modify Cloud Compute Configurations","true","defense-impairment","IaaS","","attack-pattern--ca00366b-83a1-4c7b-a0ce-8ff950a7c87f","stix_bundle_loaded"
"T1088","Bypass User Account Control","false","stealth|privilege-escalation","Windows","","attack-pattern--ca1a3f50-5ebd-41f8-8320-2c7d6a6e88be","stix_bundle_loaded"
"T1494","Runtime Data Manipulation","false","impact","Linux|macOS|Windows","","attack-pattern--ca205a36-c1ad-488b-aa6c-ab34bdd3a36b","stix_bundle_loaded"
"T1090.004","Domain Fronting","true","command-and-control","Linux|macOS|Windows|ESXi","","attack-pattern--ca9d3402-ada3-484d-876a-d717bd6e05f2","stix_bundle_loaded"
"T1557.002","ARP Cache Poisoning","true","credential-access|collection","Linux|Windows|macOS","","attack-pattern--cabe189c-a0e3-4965-a473-dcff00f17213","stix_bundle_loaded"
"T1562.008","Disable or Modify Cloud Logs","true","stealth","IaaS|SaaS|Office Suite|Identity Provider","","attack-pattern--cacc40da-4c9e-462c-80d5-fd70a178b12d","stix_bundle_loaded"
"T1518.001","Security Software Discovery","true","discovery","IaaS|Linux|macOS|Windows","","attack-pattern--cba37adb-d6fb-4610-b069-dd04c0643384","stix_bundle_loaded"
"T1564.003","Hidden Window","true","stealth","Linux|macOS|Windows","","attack-pattern--cbb66055-0325-4111-aca0-40547b6ad5b0","stix_bundle_loaded"
"T1493","Transmitted Data Manipulation","false","impact","Linux|macOS|Windows","","attack-pattern--cc1e737c-236c-4e3b-83ba-32039a626ef8","stix_bundle_loaded"
"T1127.002","ClickOnce","true","stealth|execution","Windows","","attack-pattern--cc279e50-df85-4c8e-be80-6dc2eda8849c","stix_bundle_loaded"
"T1059.006","Python","true","execution","ESXi|Linux|macOS|Windows","","attack-pattern--cc3502b5-30cc-4473-ad48-42d51a6ef6d1","stix_bundle_loaded"
"T1070.010","Relocate Malware","true","stealth","Linux|macOS|Network Devices|Windows","","attack-pattern--cc36eeae-2209-4e63-89d3-c97e19edf280","stix_bundle_loaded"
"T1591.004","Identify Roles","true","reconnaissance","PRE","","attack-pattern--cc723aff-ec88-40e3-a224-5af9fd983cc4","stix_bundle_loaded"
"T1132","Data Encoding","false","command-and-control","ESXi|Linux|macOS|Windows","","attack-pattern--cc7b8c4e-9be0-47ca-b0bb-83915ec3ee2f","stix_bundle_loaded"
"T1546.010","AppInit DLLs","true","privilege-escalation|persistence","Windows","","attack-pattern--cc89ecbd-3d33-4a41-bcca-001e702d18fd","stix_bundle_loaded"
"T1598","Phishing for Information","false","reconnaissance","PRE","","attack-pattern--cca0ccb6-a068-4574-a722-b1556f86833a","stix_bundle_loaded"
"T1496","Resource Hijacking","false","impact","Windows|IaaS|Linux|macOS|Containers|SaaS","","attack-pattern--cd25c1b4-935c-4f0e-ba8d-552f28bc4783","stix_bundle_loaded"
"T1684.001","Impersonation","true","stealth","Linux|macOS|Office Suite|SaaS|Windows","","attack-pattern--cd92d2b8-ce43-4666-9472-f1b4b9f4f8be","stix_bundle_loaded"
"T1585","Establish Accounts","false","resource-development","PRE","","attack-pattern--cdfc5f0a-9bb9-4352-b896-553cfa2d8fd8","stix_bundle_loaded"
"T1588","Obtain Capabilities","false","resource-development","PRE","","attack-pattern--ce0687a0-e692-4b77-964a-0784a8e54ff1","stix_bundle_loaded"
"T1546.002","Screensaver","true","privilege-escalation|persistence","Windows","","attack-pattern--ce4b7013-640e-48a9-b501-d0025a95f4bf","stix_bundle_loaded"
"T1147","Hidden Users","false","stealth","macOS","","attack-pattern--ce73ea43-8e77-47ba-9c11-5e9c9c58b9ff","stix_bundle_loaded"
"T1556.009","Conditional Access Policies","true","defense-impairment|persistence|credential-access","IaaS|Identity Provider","","attack-pattern--ceaeb6d8-95ee-4da2-9d42-dc6aa6ca43ae","stix_bundle_loaded"
"T1578.002","Create Cloud Instance","true","defense-impairment","IaaS","","attack-pattern--cf1c2504-433f-4c4e-a1f8-91de45a0318c","stix_bundle_loaded"
"T1500","Compile After Delivery","false","stealth","Linux|macOS|Windows","","attack-pattern--cf7b3a06-8b42-4c33-bbe9-012120027925","stix_bundle_loaded"
"T1555.006","Cloud Secrets Management Stores","true","credential-access","IaaS","","attack-pattern--cfb525cc-5494-401d-a82b-2539ca46a561","stix_bundle_loaded"
"T1213.003","Code Repositories","true","collection","SaaS","","attack-pattern--cff94884-3b1c-4987-a70b-6d5643c621c3","stix_bundle_loaded"
"T1565.002","Transmitted Data Manipulation","true","impact","Linux|macOS|Windows","","attack-pattern--d0613359-5781-4fd2-b5be-c269270be1f6","stix_bundle_loaded"
"T1003.008","/etc/passwd and /etc/shadow","true","credential-access","Linux","","attack-pattern--d0b4fcdb-d67d-4ed2-99ce-788b12f8c0f4","stix_bundle_loaded"
"T1543.001","Launch Agent","true","persistence|privilege-escalation","macOS","","attack-pattern--d10cbd34-42e3-45c0-84d2-535a09849584","stix_bundle_loaded"
"T1569","System Services","false","execution","Windows|macOS|Linux","","attack-pattern--d157f9d2-d09a-4efa-bb2a-64963f94e253","stix_bundle_loaded"
"T1059.003","Windows Command Shell","true","execution","Windows","","attack-pattern--d1fcf083-a721-4223-aedf-bf8960798d62","stix_bundle_loaded"
"T1055.009","Proc Memory","true","stealth|privilege-escalation","Linux","","attack-pattern--d201d4cc-214d-4a74-a1ba-b3fa09fd4591","stix_bundle_loaded"
"T1223","Compiled HTML File","false","stealth|execution","Windows","","attack-pattern--d21a2069-23d5-4043-ad6d-64f6b644cb1a","stix_bundle_loaded"
"T1650","Acquire Access","false","resource-development","PRE","","attack-pattern--d21bb61f-08ad-4dc1-b001-81ca6cb79954","stix_bundle_loaded"
"T1601.001","Patch System Image","true","defense-impairment","Network Devices","","attack-pattern--d245808a-7086-4310-984a-a84aaaa43f8f","stix_bundle_loaded"
"T1558.002","Silver Ticket","true","credential-access","Windows","","attack-pattern--d273434a-448e-4598-8e14-607f4a0d5e27","stix_bundle_loaded"
"T1213","Data from Information Repositories","false","collection","Linux|Windows|macOS|SaaS|IaaS|Office Suite","","attack-pattern--d28ef391-8ed4-45dc-bc4a-2f43abf54416","stix_bundle_loaded"
"T1070.009","Clear Persistence","true","stealth","ESXi|Linux|macOS|Windows","","attack-pattern--d2c4e5ea-dbdf-4113-805a-b1e2a337fb33","stix_bundle_loaded"
"T1059.012","Hypervisor CLI","true","execution","ESXi","","attack-pattern--d2d642da-61ff-4211-b4df-7923c9ca220c","stix_bundle_loaded"
"T1146","Clear Command History","false","stealth","Linux|macOS","","attack-pattern--d3046a90-580c-4004-8208-66915bc29830","stix_bundle_loaded"
"T1555.004","Windows Credential Manager","true","credential-access","Windows","","attack-pattern--d336b553-5da9-46ca-98a8-0b23f49fb447","stix_bundle_loaded"
"T1036.010","Masquerade Account Name","true","stealth","Containers|IaaS|Identity Provider|Linux|macOS|Office Suite|SaaS|Windows","","attack-pattern--d349c66e-18e1-4d8b-a2d7-65af7cbd2ba0","stix_bundle_loaded"
"T1519","Emond","false","persistence|privilege-escalation","macOS","","attack-pattern--d376668f-b208-42de-b1f5-fdfe0ad4b753","stix_bundle_loaded"
"T1194","Spearphishing via Service","false","initial-access","Windows|macOS|Linux","","attack-pattern--d3df754e-997b-4cf9-97d4-70feb3120847","stix_bundle_loaded"
"T1200","Hardware Additions","false","initial-access","Windows|Linux|macOS","","attack-pattern--d40239b3-05ff-46d8-9bdd-b46d13463ef9","stix_bundle_loaded"
"T1219.002","Remote Desktop Software","true","command-and-control","Linux|macOS|Windows","","attack-pattern--d4287702-e2f7-4946-bdfa-2c7f5aaa5032","stix_bundle_loaded"
"T1505","Server Software Component","false","persistence","Windows|Linux|macOS|Network Devices|ESXi","","attack-pattern--d456de47-a16f-4e46-8980-e67478a12dcb","stix_bundle_loaded"
"T1485","Data Destruction","false","impact","Containers|ESXi|IaaS|Linux|macOS|Windows","","attack-pattern--d45a3d09-b3cf-48f4-9f0f-f521ee5cb05c","stix_bundle_loaded"
"T1132.002","Non-Standard Encoding","true","command-and-control","ESXi|Linux|macOS|Windows","","attack-pattern--d467bc38-284b-4a00-96ac-125f447799fc","stix_bundle_loaded"
"T1556.001","Domain Controller Authentication","true","defense-impairment|persistence|credential-access","Windows","","attack-pattern--d4b96d2c-1032-4b22-9235-2b5b649d0605","stix_bundle_loaded"
"T1537","Transfer Data to Cloud Account","false","exfiltration","IaaS|Office Suite|SaaS","","attack-pattern--d4bdbdea-eaec-4071-b4f9-5105e12ea4b6","stix_bundle_loaded"
"T1027.006","HTML Smuggling","true","stealth","Linux|macOS|Windows","","attack-pattern--d4dc46e3-5ba5-45b9-8204-010867cacfcb","stix_bundle_loaded"
"T1556.005","Reversible Encryption","true","defense-impairment|persistence|credential-access","Windows","","attack-pattern--d50955c2-272d-4ac8-95da-10c29dda1c48","stix_bundle_loaded"
"T1027.010","Command Obfuscation","true","stealth","Linux|macOS|Windows","","attack-pattern--d511a6f6-4a33-41d5-bc95-c343875d1377","stix_bundle_loaded"
"T1130","Install Root Certificate","false","stealth","Linux|Windows|macOS","","attack-pattern--d519cfd5-f3a8-43a9-a846-ed0bb40672b1","stix_bundle_loaded"
"T1022","Data Encrypted","false","exfiltration","Linux|macOS|Windows","","attack-pattern--d54416bd-0803-41ca-870a-ce1af7c05638","stix_bundle_loaded"
"T1070.004","File Deletion","true","stealth","ESXi|Linux|macOS|Windows","","attack-pattern--d63a3fb8-9452-4e9d-a60a-54be68d5998c","stix_bundle_loaded"
"T1189","Drive-by Compromise","false","initial-access","Identity Provider|Linux|macOS|Windows","","attack-pattern--d742a578-d70e-4d0e-96a6-02a9c30204e6","stix_bundle_loaded"
"T1498","Network Denial of Service","false","impact","Windows|IaaS|Linux|macOS|Containers","","attack-pattern--d74c4a7e-ffbf-432f-9365-7ebf1f787cab","stix_bundle_loaded"
"T1651","Cloud Administration Command","false","execution","IaaS","","attack-pattern--d94b3ae9-8059-4989-8e9f-ea0f601f80a7","stix_bundle_loaded"
"T1546.016","Installer Packages","true","privilege-escalation|persistence","Linux|macOS|Windows","","attack-pattern--da051493-ae9c-4b1b-9760-c009c46c9b56","stix_bundle_loaded"
"T1595.001","Scanning IP Blocks","true","reconnaissance","PRE","","attack-pattern--db8f5003-3b20-48f0-9b76-123e44208120","stix_bundle_loaded"
"T1158","Hidden Files and Directories","false","stealth|persistence","Linux|macOS|Windows","","attack-pattern--dc27c2ec-c5f9-4228-ba57-d67b590bda93","stix_bundle_loaded"
"T1221","Template Injection","false","stealth","Windows","","attack-pattern--dc31fe1e-d722-49da-8f5f-92c7b5aff534","stix_bundle_loaded"
"T1037.004","RC Scripts","true","persistence|privilege-escalation","macOS|Linux|Network Devices|ESXi","","attack-pattern--dca670cf-eeec-438f-8185-fd959d9ef211","stix_bundle_loaded"
"T1134","Access Token Manipulation","false","stealth|privilege-escalation","Windows","","attack-pattern--dcaa092b-7de9-4a21-977f-7fcb77e89c48","stix_bundle_loaded"
"T1209","Time Providers","false","persistence","Windows","","attack-pattern--dce31a00-1e90-4655-b0f9-e2e71a748a87","stix_bundle_loaded"
"T1111","Multi-Factor Authentication Interception","false","credential-access","Linux|macOS|Windows","","attack-pattern--dd43c543-bb85-4a6f-aa6e-160d90d06a49","stix_bundle_loaded"
"T1159","Launch Agent","false","persistence","macOS","","attack-pattern--dd901512-6e37-4155-943b-453e3777b125","stix_bundle_loaded"
"T1027.002","Software Packing","true","stealth","Linux|macOS|Windows","","attack-pattern--deb98323-e13f-4b0c-8d94-175379069062","stix_bundle_loaded"
"T1584.007","Serverless","true","resource-development","PRE","","attack-pattern--df1bc34d-1634-4c93-b89e-8120994fce77","stix_bundle_loaded"
"T1071.001","Web Protocols","true","command-and-control","ESXi|Linux|macOS|Network Devices|Windows","","attack-pattern--df8b2a25-8bdf-4856-953c-a04372b1c161","stix_bundle_loaded"
"T1059.005","Visual Basic","true","execution","Linux|macOS|Windows","","attack-pattern--dfd7cc1d-e1d8-4394-a198-97c4cab8aa67","stix_bundle_loaded"
"T1564.005","Hidden File System","true","stealth","Linux|macOS|Windows","","attack-pattern--dfebc3b7-d19d-450b-81c7-6dafe4184c04","stix_bundle_loaded"
"T1543.002","Systemd Service","true","persistence|privilege-escalation","Linux","","attack-pattern--dfefe2ed-4389-4318-8762-f0272b350a1b","stix_bundle_loaded"
"T1668","Exclusive Control","false","persistence","Linux|macOS|Windows","","attack-pattern--dff263cc-328e-42b4-afbc-1fee8b6a8913","stix_bundle_loaded"
"T1563.002","RDP Hijacking","true","lateral-movement","Windows","","attack-pattern--e0033c16-a07e-48aa-8204-7c3ca669998c","stix_bundle_loaded"
"T1136","Create Account","false","persistence","Windows|IaaS|Linux|macOS|Network Devices|Containers|SaaS|Office Suite|Identity Provider|ESXi","","attack-pattern--e01be9c5-e763-4caf-aeb7-000b416aef67","stix_bundle_loaded"
"T1547.013","XDG Autostart Entries","true","persistence|privilege-escalation","Linux","","attack-pattern--e0232cb0-ded5-4c2e-9dc7-2893142a5c11","stix_bundle_loaded"
"T1584.004","Server","true","resource-development","PRE","","attack-pattern--e196b5c5-8118-4a1c-ab8a-936586ce3db5","stix_bundle_loaded"
"T1672","Email Spoofing","false","stealth","Office Suite|Windows|macOS|Linux","","attack-pattern--e1c2db92-7ae3-4e6a-90b4-157c1c1565cb","stix_bundle_loaded"
"T1526","Cloud Service Discovery","false","discovery","IaaS|Identity Provider|Office Suite|SaaS","","attack-pattern--e24fcba8-2557-4442-a139-1ee2f2e784db","stix_bundle_loaded"
"T1204.004","Malicious Copy and Paste","true","execution","Linux|macOS|Windows","","attack-pattern--e261a979-f354-41a8-963e-6cadac27c4bf","stix_bundle_loaded"
"T1151","Space after Filename","false","stealth|execution","Linux|macOS","","attack-pattern--e2907cea-4b43-4ed7-a570-0fdf0fbeea00","stix_bundle_loaded"
"T1018","Remote System Discovery","false","discovery","ESXi|Linux|macOS|Network Devices|Windows","","attack-pattern--e358d692-23c0-4a31-9eb6-ecc13a8d7735","stix_bundle_loaded"
"T1046","Network Service Discovery","false","discovery","Containers|IaaS|Linux|macOS|Network Devices|Windows","","attack-pattern--e3a12395-188d-4051-9a16-ea8e14d07b88","stix_bundle_loaded"
"T1590.001","Domain Properties","true","reconnaissance","PRE","","attack-pattern--e3b168bd-fcd7-439e-9382-2e6c2f63514d","stix_bundle_loaded"
"T1518","Software Discovery","false","discovery","ESXi|IaaS|Linux|macOS|Windows","","attack-pattern--e3b6daca-e963-4a69-aee6-ed4fd653ad58","stix_bundle_loaded"
"T1538","Cloud Service Dashboard","false","discovery","IaaS|SaaS|Office Suite|Identity Provider","","attack-pattern--e49920b0-6c54-40c1-9571-73723653205f","stix_bundle_loaded"
"T1055.005","Thread Local Storage","true","stealth|privilege-escalation","Windows","","attack-pattern--e49ee9d2-0d98-44ef-85e5-5d3100065744","stix_bundle_loaded"
"T1622","Debugger Evasion","false","stealth|discovery","Linux|macOS|Windows","","attack-pattern--e4dc8c01-417f-458d-9ee0-bb0617c1b391","stix_bundle_loaded"
"T1036.006","Space after Filename","true","stealth","Linux|macOS","","attack-pattern--e51137a5-1cdc-499e-911a-abaedaa5ac86","stix_bundle_loaded"
"T1547.007","Re-opened Applications","true","persistence|privilege-escalation","macOS","","attack-pattern--e5cc9e7a-e61a-46a1-b869-55fb6eab058e","stix_bundle_loaded"
"T1608.006","SEO Poisoning","true","resource-development","PRE","","attack-pattern--e5d550f3-2202-4634-85f2-4a200a1d49b3","stix_bundle_loaded"
"T1550.002","Pass the Hash","true","lateral-movement","Windows","","attack-pattern--e624264c-033a-424d-9fd7-fc9c3bbdb03e","stix_bundle_loaded"
"T1052","Exfiltration Over Physical Medium","false","exfiltration","Linux|macOS|Windows","","attack-pattern--e6415f09-df0e-48de-9aba-928c902b7549","stix_bundle_loaded"
"T1574.002","DLL Side-Loading","true","stealth|execution","Windows","","attack-pattern--e64c62cf-9cd7-4a14-94ec-cdaac43ab44b","stix_bundle_loaded"
"T1105","Ingress Tool Transfer","false","command-and-control","ESXi|Linux|macOS|Network Devices|Windows","","attack-pattern--e6919abc-99f9-4c6c-95a5-14761e7b2add","stix_bundle_loaded"
"T1216.002","SyncAppvPublishingServer","true","stealth","Windows","","attack-pattern--e6f19759-dde3-47fc-99cc-d9f5fa4ade60","stix_bundle_loaded"
"T1098.002","Additional Email Delegate Permissions","true","persistence|privilege-escalation","Windows|Office Suite","","attack-pattern--e74de37c-a829-446c-937d-56a44f0e9306","stix_bundle_loaded"
"T1588.003","Code Signing Certificates","true","resource-development","PRE","","attack-pattern--e7cbc1de-1f79-48ee-abfd-da1241c65a15","stix_bundle_loaded"
"T1126","Network Share Connection Removal","false","stealth","Windows","","attack-pattern--e7eab98d-ae11-4491-bd28-a53ba875865a","stix_bundle_loaded"
"T1648","Serverless Execution","false","execution","SaaS|IaaS|Office Suite","","attack-pattern--e848506b-8484-4410-8017-3d235a52f5b3","stix_bundle_loaded"
"T1548.006","TCC Manipulation","true","privilege-escalation","macOS","","attack-pattern--e8a0a025-3601-4755-abfb-8d08283329fb","stix_bundle_loaded"
"T1084","Windows Management Instrumentation Event Subscription","false","persistence","Windows","","attack-pattern--e906ae4d-1d3a-4675-be23-22f7311c0da4","stix_bundle_loaded"
"T1160","Launch Daemon","false","persistence|privilege-escalation","macOS","","attack-pattern--e99ec083-abdd-48de-ad87-4dbf6f8ba2a4","stix_bundle_loaded"
"T1027.018","Invisible Unicode","true","stealth","Linux|macOS|Windows","","attack-pattern--e9b75bb0-b5ec-42c8-b728-f4f424d9c39e","stix_bundle_loaded"
"T1055.008","Ptrace System Calls","true","stealth|privilege-escalation","Linux","","attack-pattern--ea016b56-ae0e-47fe-967a-cc0ad51af67f","stix_bundle_loaded"
"T1653","Power Settings","false","persistence","Windows|Linux|macOS|Network Devices","","attack-pattern--ea071aa0-8f17-416f-ab0d-2bab7e79003d","stix_bundle_loaded"
"T1027.007","Dynamic API Resolution","true","stealth","Windows","","attack-pattern--ea4c2f9c-9df1-477c-8c42-6da1118f2ac4","stix_bundle_loaded"
"T1021.001","Remote Desktop Protocol","true","lateral-movement","Windows","","attack-pattern--eb062747-2193-45de-8fa2-e62549c37ddf","stix_bundle_loaded"
"T1037.001","Logon Script (Windows)","true","persistence|privilege-escalation","Windows","","attack-pattern--eb125d40-0b2d-41ac-a71a-3229241c2cd3","stix_bundle_loaded"
"T1055.015","ListPlanting","true","stealth|privilege-escalation","Windows","","attack-pattern--eb2cb5cb-ae87-4de0-8c35-da2a17aafb99","stix_bundle_loaded"
"T1665","Hide Infrastructure","false","command-and-control","ESXi|Linux|macOS|Network Devices|Windows","","attack-pattern--eb897572-8979-4242-a089-56f294f4c91d","stix_bundle_loaded"
"T1484","Domain or Tenant Policy Modification","false","defense-impairment|privilege-escalation","Windows|Identity Provider","","attack-pattern--ebb42bbe-62d7-47d7-a55f-3b08b61d792d","stix_bundle_loaded"
"T1220","XSL Script Processing","false","stealth","Windows","","attack-pattern--ebbe170d-aa74-4946-8511-9921243415a3","stix_bundle_loaded"
"T1596.005","Scan Databases","true","reconnaissance","PRE","","attack-pattern--ec4be82f-940c-4dcb-87fe-2bbdd17c692f","stix_bundle_loaded"
"T1564.001","Hidden Files and Directories","true","stealth","Linux|macOS|Windows","","attack-pattern--ec8fc7e2-b356-455c-8db5-2e37be158e7d","stix_bundle_loaded"
"T1578.001","Create Snapshot","true","defense-impairment","IaaS","","attack-pattern--ed2e45f9-d338-4eb2-8ce5-3a2e03323bc1","stix_bundle_loaded"
"T1591.001","Determine Physical Locations","true","reconnaissance","PRE","","attack-pattern--ed730f20-0e44-48b9-85f8-0e2adeb76867","stix_bundle_loaded"
"T1137.002","Office Test","true","persistence","Windows|Office Suite","","attack-pattern--ed7efd4d-ce28-4a19-a8e6-c58011eb2c7a","stix_bundle_loaded"
"T1587","Develop Capabilities","false","resource-development","PRE","","attack-pattern--edadea33-549c-4ed1-9783-8f5a5853cbdf","stix_bundle_loaded"
"T1173","Dynamic Data Exchange","false","execution","Windows","","attack-pattern--edbe24e9-aec4-4994-ac75-6a6bc7f1ddd0","stix_bundle_loaded"
"T1003.003","NTDS","true","credential-access","Windows","","attack-pattern--edf91964-b26e-4b4a-9600-ccacd7d7df24","stix_bundle_loaded"
"T1686.001","Cloud Firewall","true","defense-impairment","IaaS","","attack-pattern--ee474564-64be-4b83-a958-53f238f49b01","stix_bundle_loaded"
"T1602.001","SNMP (MIB Dump)","true","collection","Network Devices","","attack-pattern--ee7ff928-801c-4f34-8a99-3df965e581a5","stix_bundle_loaded"
"T1686","Disable or Modify System Firewall","false","defense-impairment","ESXi|Linux|macOS|Network Devices|Windows","","attack-pattern--eec096b8-c207-43df-b6c1-11523861e452","stix_bundle_loaded"
"T1001.002","Steganography","true","command-and-control","Linux|macOS|Windows|ESXi","","attack-pattern--eec23884-3fa1-4d8a-ac50-6f104d51e235","stix_bundle_loaded"
"T1204.001","Malicious Link","true","execution","Linux|macOS|Windows","","attack-pattern--ef67e13e-5598-4adc-bdb2-998225874fa9","stix_bundle_loaded"
"T1550.001","Application Access Token","true","lateral-movement","Containers|IaaS|Identity Provider|Office Suite|SaaS","","attack-pattern--f005e783-57d4-4837-88ad-dbe7faee1c51","stix_bundle_loaded"
"T1547.008","LSASS Driver","true","persistence|privilege-escalation","Windows","","attack-pattern--f0589bc3-a6ae-425a-a3d5-5659bfee07f4","stix_bundle_loaded"
"T1569.002","Service Execution","true","execution","Windows","","attack-pattern--f1951e8a-500e-4a26-8803-76d95c4554b4","stix_bundle_loaded"
"T1078.004","Cloud Accounts","true","stealth|persistence|privilege-escalation|initial-access","IaaS|Identity Provider|Office Suite|SaaS","","attack-pattern--f232fa7a-025c-4d43-abc7-318e81a73d65","stix_bundle_loaded"
"T1480.001","Environmental Keying","true","stealth","Linux|Windows|macOS","","attack-pattern--f244b8dd-af6c-4391-a497-fc03627ce995","stix_bundle_loaded"
"T1008","Fallback Channels","false","command-and-control","ESXi|Linux|macOS|Windows","","attack-pattern--f24faf46-3b26-4dbb-98f2-63460498e433","stix_bundle_loaded"
"T1680","Local Storage Discovery","false","discovery","ESXi|IaaS|Linux|macOS|Windows","","attack-pattern--f2514ae4-4e9b-4f26-a5ba-c4ae85fe93c3","stix_bundle_loaded"
"T1564.004","NTFS File Attributes","true","stealth","Windows","","attack-pattern--f2857333-11d4-45bf-b064-2c28d8525be5","stix_bundle_loaded"
"T1558.003","Kerberoasting","true","credential-access","Windows","","attack-pattern--f2877f7f-9a4c-4251-879f-1224e3006bee","stix_bundle_loaded"
"T1096","NTFS File Attributes","false","stealth","Windows","","attack-pattern--f2d44246-91f1-478a-b6c8-1227e0ca109d","stix_bundle_loaded"
"T1003.006","DCSync","true","credential-access","Windows","","attack-pattern--f303a39a-6255-4b89-aecc-18c4d8ca7163","stix_bundle_loaded"
"T1124","System Time Discovery","false","discovery","ESXi|Linux|macOS|Network Devices|Windows","","attack-pattern--f3c544dc-673c-4ef3-accb-53229f1ae077","stix_bundle_loaded"
"T1053.002","At","true","execution|persistence|privilege-escalation","Windows|Linux|macOS","","attack-pattern--f3d95a1f-bba2-44ce-9af7-37866cd63fd0","stix_bundle_loaded"
"T1035","Service Execution","false","execution","Windows","","attack-pattern--f44731de-ea9f-406d-9b83-30ecbb9b4392","stix_bundle_loaded"
"T1055.001","Dynamic-link Library Injection","true","stealth|privilege-escalation","Windows","","attack-pattern--f4599aa0-4f85-4a32-80ea-fc39dc965945","stix_bundle_loaded"
"T1086","PowerShell","false","execution","Windows","","attack-pattern--f4882e23-8aa7-4b12-b28a-b349c12ee9e0","stix_bundle_loaded"
"T1588.005","Exploits","true","resource-development","PRE","","attack-pattern--f4b843c1-7e92-4701-8fed-ce82f8be2636","stix_bundle_loaded"
"T1556","Modify Authentication Process","false","defense-impairment|persistence|credential-access","IaaS|Identity Provider|Linux|macOS|Network Devices|Office Suite|SaaS|Windows","","attack-pattern--f4c1826f-a322-41cd-9557-562100848c84","stix_bundle_loaded"
"T1546.017","Udev Rules","true","persistence|privilege-escalation","Linux","","attack-pattern--f4c3f644-ab33-433d-8648-75cc03a95792","stix_bundle_loaded"
"T1056.004","Credential API Hooking","true","collection|credential-access","Windows|Linux|macOS","","attack-pattern--f5946b5e-9408-485f-a7f7-b5efc88909b6","stix_bundle_loaded"
"T1495","Firmware Corruption","false","impact","Linux|macOS|Network Devices|Windows","","attack-pattern--f5bb433e-bdf6-4781-84bc-35e97e43be89","stix_bundle_loaded"
"T1490","Inhibit System Recovery","false","impact","Containers|ESXi|IaaS|Linux|macOS|Network Devices|Windows","","attack-pattern--f5d8eed6-48a9-4cdf-a3d7-d1ffa99c3d2a","stix_bundle_loaded"
"T1546.007","Netsh Helper DLL","true","privilege-escalation|persistence","Windows","","attack-pattern--f63fe421-b1d1-45c0-b8a7-02cd16ff2bed","stix_bundle_loaded"
"T1566.003","Spearphishing via Service","true","initial-access","Linux|macOS|Windows","","attack-pattern--f6ad61ee-65f3-4bd0-a3f5-2f0accb36317","stix_bundle_loaded"
"T1090.001","Internal Proxy","true","command-and-control","ESXi|Linux|macOS|Network Devices|Windows","","attack-pattern--f6dacc85-b37d-458e-b58d-74fc4bbf5755","stix_bundle_loaded"
"T1216","System Script Proxy Execution","false","stealth","Windows","","attack-pattern--f6fe9070-7a65-49ea-ae72-76292f42cebe","stix_bundle_loaded"
"T1094","Custom Command and Control Protocol","false","command-and-control","Linux|macOS|Windows","","attack-pattern--f72eb8a8-cd4c-461d-a814-3f862befbf00","stix_bundle_loaded"
"T1102.001","Dead Drop Resolver","true","command-and-control","ESXi|Linux|macOS|Windows","","attack-pattern--f7827069-0bf2-4764-af4f-23fae0d181b7","stix_bundle_loaded"
"T1118","InstallUtil","false","stealth|execution","Windows","","attack-pattern--f792d02f-813d-402b-86a5-ab98cb391d3b","stix_bundle_loaded"
"T1001.001","Junk Data","true","command-and-control","ESXi|Linux|macOS|Windows","","attack-pattern--f7c0689c-4dbd-489b-81be-7cb7c7079ade","stix_bundle_loaded"
"T1598.001","Spearphishing Service","true","reconnaissance","PRE","","attack-pattern--f870408c-b1cd-49c7-a5c7-0ef0fc496cc6","stix_bundle_loaded"
"T1043","Commonly Used Port","false","command-and-control","Linux|macOS|Windows","","attack-pattern--f879d51c-5476-431c-aedf-f14d207e4d1e","stix_bundle_loaded"
"T1505.006","vSphere Installation Bundles","true","persistence","ESXi","","attack-pattern--f8ba7d61-11c5-4130-bafd-7c3ff5fbf4b5","stix_bundle_loaded"
"T1552.007","Container API","true","credential-access","Containers","","attack-pattern--f8ef3a62-3f44-40a4-abca-761ab235c436","stix_bundle_loaded"
"T1584.001","Domains","true","resource-development","PRE","","attack-pattern--f9cc4d06-775f-4ee1-b401-4e2cc0da30ba","stix_bundle_loaded"
"T1505.001","SQL Stored Procedures","true","persistence","Windows|Linux","","attack-pattern--f9e9365a-9ca2-4d9c-8e7c-050d73d1101a","stix_bundle_loaded"
"T1556.004","Network Device Authentication","true","defense-impairment|persistence|credential-access","Network Devices","","attack-pattern--fa44a152-ac48-441e-a524-dd7b04b8adcd","stix_bundle_loaded"
"T1561.001","Disk Content Wipe","true","impact","Linux|macOS|Network Devices|Windows","","attack-pattern--fb640c43-aa6b-431e-a961-a279010424ac","stix_bundle_loaded"
"T1213.005","Messaging Applications","true","collection","Office Suite|SaaS","","attack-pattern--fb75213f-cfb0-40bf-a02f-3bad93d6601e","stix_bundle_loaded"
"T1048.003","Exfiltration Over Unencrypted Non-C2 Protocol","true","exfiltration","ESXi|Linux|macOS|Network Devices|Windows","","attack-pattern--fb8d023d-45be-47e9-bc51-f56bcae6435b","stix_bundle_loaded"
"T1027.015","Compression","true","stealth","Linux|macOS|Windows","","attack-pattern--fbd91bfc-75c2-4f0c-8116-3b4e722906b3","stix_bundle_loaded"
"T1574.004","Dylib Hijacking","true","stealth|execution","macOS","","attack-pattern--fc742192-19e3-466c-9eb5-964a97b29490","stix_bundle_loaded"
"T1601.002","Downgrade System Image","true","defense-impairment","Network Devices","","attack-pattern--fc74ba38-dc98-461f-8611-b3dbf9978e3d","stix_bundle_loaded"
"T1684.002","Email Spoofing","true","stealth","Linux|macOS|Office Suite|Windows","","attack-pattern--fcf5bccf-be7a-48ff-b7a7-8d6019279301","stix_bundle_loaded"
"T1078.003","Local Accounts","true","stealth|persistence|privilege-escalation|initial-access","Containers|ESXi|Linux|macOS|Network Devices|Windows","","attack-pattern--fdc47f44-dd32-4b99-af5f-209f556f63c2","stix_bundle_loaded"
"T1669","Wi-Fi Networks","false","initial-access","Linux|Network Devices|Windows|macOS","","attack-pattern--fde016f6-211a-41c8-a4ab-301f1e419c62","stix_bundle_loaded"
"T1211","Exploitation for Stealth","false","stealth","Linux|Windows|macOS|SaaS|IaaS","","attack-pattern--fe926152-f431-4baf-956c-4ad3cb0bf23b","stix_bundle_loaded"
"T1127","Trusted Developer Utilities Proxy Execution","false","stealth|execution","Windows","","attack-pattern--ff25900d-76d5-449b-a351-8824e62fc81b","stix_bundle_loaded"
"T1529","System Shutdown/Reboot","false","impact","ESXi|Linux|macOS|Network Devices|Windows","","attack-pattern--ff73aa03-0090-4464-83ac-f89e233c02bc","stix_bundle_loaded"
"T1218.014","MMC","true","stealth","Windows","","attack-pattern--ffbcfdb0-de22-4106-9ed3-fc23c8a01407","stix_bundle_loaded"
"T1564.010","Process Argument Spoofing","true","stealth","Windows","","attack-pattern--ffe59ad3-ad9b-4b9f-b74f-5beb3c309dc1","stix_bundle_loaded"
"T1077","Windows Admin Shares","false","lateral-movement","Windows","","attack-pattern--ffe742ed-9100-4686-9e00-c331da544787","stix_bundle_loaded"
"T1574.012","COR_PROFILER","true","stealth|execution","Windows","","attack-pattern--ffeb0780-356e-4261-b036-cfb6bd234335","stix_bundle_loaded"
"T1603","Scheduled Task/Job","false","execution|persistence","Android|iOS","","attack-pattern--00290ac5-551e-44aa-bbd8-c4b913488a6d","stix_bundle_loaded"
"T1540","Code Injection","false","persistence|privilege-escalation|defense-evasion","Android|iOS","","attack-pattern--039bc59c-ecc7-4997-b2b4-4ab728bd91aa","stix_bundle_loaded"
"T1638","Adversary-in-the-Middle","false","collection","Android|iOS","","attack-pattern--08e22979-d320-48ed-8711-e7bf94aabb13","stix_bundle_loaded"
"T1626","Abuse Elevation Control Mechanism","false","privilege-escalation","Android","","attack-pattern--08ea902d-ecb5-47ed-a453-2798057bb2d3","stix_bundle_loaded"
"T1663","Remote Access Software","false","command-and-control","Android|iOS","","attack-pattern--0b761f2b-197a-40f2-b100-8152cb957c0c","stix_bundle_loaded"
"T1454","Malicious SMS Message","false","collection","Android","","attack-pattern--0bcc4ec1-a897-49a9-a9ff-c00df1d1209d","stix_bundle_loaded"
"T1470","Obtain Device Cloud Backups","false","remote-service-effects","Android|iOS","","attack-pattern--0c71033e-401e-4b97-9309-7a7c95e43a5d","stix_bundle_loaded"
"T1630.001","Uninstall Malicious Application","true","defense-evasion","Android","","attack-pattern--0cdd66ad-26ac-4338-a764-4972a1e17ee3","stix_bundle_loaded"
"T1630","Indicator Removal on Host","false","defense-evasion","iOS|Android","","attack-pattern--0d4e3bbb-7af5-4c88-a215-0c0906bc1e8d","stix_bundle_loaded"
"T1474","Supply Chain Compromise","false","initial-access","Android|iOS","","attack-pattern--0d95940f-9583-4e0f-824c-a42c1be47fad","stix_bundle_loaded"
"T1430.002","Impersonate SS7 Nodes","true","collection|discovery","Android|iOS","","attack-pattern--0f4fb01b-d57a-4375-b7a2-342c9d3248f7","stix_bundle_loaded"
"T1655.001","Match Legitimate Name or Location","true","defense-evasion","Android|iOS","","attack-pattern--114fed8b-7eed-4136-8b9c-411c5c7fff4b","stix_bundle_loaded"
"T1636","Protected User Data","false","collection","Android|iOS","","attack-pattern--11c2c2b7-1fd4-408f-bc2e-fe772ef9df5e","stix_bundle_loaded"
"T1521.002","Asymmetric Cryptography","true","command-and-control","Android|iOS","","attack-pattern--16d73b64-5681-4ea0-9af4-4ad86f7c96e8","stix_bundle_loaded"
"T1418","Software Discovery","false","discovery","Android|iOS","","attack-pattern--198ce408-1470-45ee-b47f-7056050d4fc2","stix_bundle_loaded"
"T1424","Process Discovery","false","discovery","Android|iOS","","attack-pattern--1b51f5bc-b97a-498a-8dbd-bc6b1901bf19","stix_bundle_loaded"
"T1636.002","Call Log","true","collection","Android|iOS","","attack-pattern--1d1b1558-c833-482e-aabb-d07ef6eae63d","stix_bundle_loaded"
"T1418.001","Security Software Discovery","true","discovery","Android|iOS","","attack-pattern--1d44f529-6fe6-489f-8a01-6261ac43f05e","stix_bundle_loaded"
"T1631.001","Ptrace System Calls","true","defense-evasion|privilege-escalation","Android|iOS","","attack-pattern--1ff89c1b-7615-4fe8-b9cb-63aaf52e6dee","stix_bundle_loaded"
"T1629","Impair Defenses","false","defense-evasion","Android","","attack-pattern--20b0931a-8952-42ca-975f-775bad295f1a","stix_bundle_loaded"
"T1453","Abuse Accessibility Features","false","collection|credential-access","Android","","attack-pattern--2204c371-6100-4ae0-82f3-25c07c29772a","stix_bundle_loaded"
"T1428","Exploitation of Remote Services","false","lateral-movement","Android|iOS","","attack-pattern--22379609-a99f-4a01-bd7e-70f3e105859d","stix_bundle_loaded"
"T1437.001","Web Protocols","true","command-and-control","Android|iOS","","attack-pattern--2282a98b-5049-4f61-9381-55baca7c1add","stix_bundle_loaded"
"T1635","Steal Application Access Token","false","credential-access","Android|iOS","","attack-pattern--233fe2c0-cb41-4765-b454-e0087597fbce","stix_bundle_loaded"
"T1628.002","User Evasion","true","defense-evasion","Android","","attack-pattern--24a77e53-0751-46fc-b207-99378fb35c08","stix_bundle_loaded"
"T1633","Virtualization/Sandbox Evasion","false","defense-evasion","Android|iOS","","attack-pattern--27d18e87-8f32-4be1-b456-39b90454360f","stix_bundle_loaded"
"T1579","Keychain","false","credential-access","iOS","","attack-pattern--27f483c6-6666-44fa-8532-ffd5fc7dab38","stix_bundle_loaded"
"T1661","Application Versioning","false","initial-access|defense-evasion","Android|iOS","","attack-pattern--28fdd23d-aee3-4afe-bc3f-5f1f52929258","stix_bundle_loaded"
"T1413","Access Sensitive Data in Device Logs","false","collection|credential-access","Android","","attack-pattern--29e07491-8947-43a3-8d4e-9a787c45f3d3","stix_bundle_loaded"
"T1623","Command and Scripting Interpreter","false","execution","Android|iOS","","attack-pattern--29f1f56c-7b7a-4c14-9e39-59577ea2743c","stix_bundle_loaded"
"T1629.003","Disable or Modify Tools","true","defense-evasion","Android","","attack-pattern--2aa78dfd-cb6f-4c70-9408-137cfd96be49","stix_bundle_loaded"
"T1544","Ingress Tool Transfer","false","command-and-control","Android|iOS","","attack-pattern--2bb20118-e6c0-41dc-a07c-283ea4dd0fb8","stix_bundle_loaded"
"T1637","Dynamic Resolution","false","command-and-control","Android|iOS","","attack-pattern--2ccc3d39-9598-4d32-9657-42e1c7095d26","stix_bundle_loaded"
"T1477","Exploit via Radio Interfaces","false","initial-access","Android|iOS","","attack-pattern--2d646840-f6f5-4619-a5a8-29c8316bbac5","stix_bundle_loaded"
"T1423","Network Service Scanning","false","discovery","Android|iOS","","attack-pattern--2de38279-043e-47e8-aaad-1b07af6d0790","stix_bundle_loaded"
"T1618","User Evasion","false","defense-evasion","Android","","attack-pattern--2f0e8d80-4b8b-4f4a-b5cc-132afe7e057d","stix_bundle_loaded"
"T1646","Exfiltration Over C2 Channel","false","exfiltration","Android|iOS","","attack-pattern--32063d7f-0a39-440d-a4a3-2694488f96cc","stix_bundle_loaded"
"T1636.005","Accounts","true","collection","Android|iOS","","attack-pattern--337e1136-a6d3-4465-a5c5-fdc658117747","stix_bundle_loaded"
"T1404","Exploitation for Privilege Escalation","false","privilege-escalation","Android|iOS","","attack-pattern--351c0927-2fc1-4a2c-ad84-cbbee7eb8172","stix_bundle_loaded"
"T1616","Call Control","false","collection|impact|command-and-control","Android","","attack-pattern--351ddf79-2d3a-41b4-9bef-82ea5d3ccd69","stix_bundle_loaded"
"T1639.001","Exfiltration Over Unencrypted Non-C2 Protocol","true","exfiltration","Android|iOS","","attack-pattern--37047267-3e56-453c-833e-d92b68118120","stix_bundle_loaded"
"T1624.001","Broadcast Receivers","true","persistence","Android","","attack-pattern--3775a580-a1d1-46c4-8147-c614a715f2e9","stix_bundle_loaded"
"T1436","Commonly Used Port","false","command-and-control|exfiltration","Android|iOS","","attack-pattern--3911658a-6506-4deb-9ab4-595a51ae71ad","stix_bundle_loaded"
"T1439","Eavesdrop on Insecure Network Communication","false","network-effects","Android|iOS","","attack-pattern--393e8c12-a416-4575-ba90-19cc85656796","stix_bundle_loaded"
"T1517","Access Notifications","false","collection|credential-access","Android","","attack-pattern--39dd7871-f59b-495f-a9a5-3cb8cc50c9b2","stix_bundle_loaded"
"T1410","Network Traffic Capture or Redirection","false","collection|credential-access","Android|iOS","","attack-pattern--3b0b604f-10db-41a0-b54c-493124d455b9","stix_bundle_loaded"
"T1411","Input Prompt","false","credential-access","Android|iOS","","attack-pattern--3dd58c80-4c2e-458c-9503-1b2cd273c4d2","stix_bundle_loaded"
"T1639","Exfiltration Over Alternative Protocol","false","exfiltration","Android|iOS","","attack-pattern--3e091a89-a493-4a6c-8e88-d57be19bb98d","stix_bundle_loaded"
"T1422.001","Internet Connection Discovery","true","discovery","Android|iOS","","attack-pattern--45a5fe76-eda3-4d40-8f22-c186efd6278d","stix_bundle_loaded"
"T1398","Boot or Logon Initialization Scripts","false","persistence","Android|iOS","","attack-pattern--46d818a5-67fa-4585-a7fc-ecf15376c8d5","stix_bundle_loaded"
"T1627","Execution Guardrails","false","defense-evasion","Android|iOS","","attack-pattern--498e7b81-238d-404c-aa5e-332904d63286","stix_bundle_loaded"
"T1417.002","GUI Input Capture","true","credential-access|collection","Android|iOS","","attack-pattern--4c58b7c6-a839-4789-bda9-9de33e4d4512","stix_bundle_loaded"
"T1432","Access Contact List","false","collection","Android|iOS","","attack-pattern--4e6620ac-c30c-4f6d-918e-fa20cae7c1ce","stix_bundle_loaded"
"T1645","Compromise Client Software Binary","false","persistence","Android|iOS","","attack-pattern--4f14e30b-8b57-4a7b-9093-2c0778ea99cf","stix_bundle_loaded"
"T1406.002","Software Packing","true","defense-evasion","Android|iOS","","attack-pattern--51636761-2e35-44bf-9e56-e337adf97174","stix_bundle_loaded"
"T1450","Exploit SS7 to Track Device Location","false","network-effects","Android|iOS","","attack-pattern--52651225-0b3a-482d-aa7e-10618fd063b5","stix_bundle_loaded"
"T1575","Native API","false","defense-evasion|execution","Android","","attack-pattern--52eff1c7-dd30-4121-b762-24ae6fa61bbb","stix_bundle_loaded"
"T1476","Deliver Malicious App via Other Means","false","initial-access","Android|iOS","","attack-pattern--53263a67-075e-48fa-974b-91c5b5445db7","stix_bundle_loaded"
"T1469","Remotely Wipe Data Without Authorization","false","remote-service-effects","Android|iOS","","attack-pattern--537ea573-8a1c-468c-956b-d16d2ed9d067","stix_bundle_loaded"
"T1658","Exploitation for Client Execution","false","execution","Android|iOS","","attack-pattern--5abfc5e6-3c56-49e7-ad72-502d01acf28b","stix_bundle_loaded"
"T1604","Proxy Through Victim","false","defense-evasion","Android","","attack-pattern--5ca3c7ec-55b2-4587-9376-cf6c96f8047a","stix_bundle_loaded"
"T1520","Domain Generation Algorithms","false","command-and-control","Android|iOS","","attack-pattern--60623164-ccd8-4508-a141-b5a34820b3de","stix_bundle_loaded"
"T1435","Access Calendar Entries","false","collection","Android|iOS","","attack-pattern--62adb627-f647-498e-b4cc-41499361bacb","stix_bundle_loaded"
"T1465","Rogue Wi-Fi Access Points","false","network-effects","Android|iOS","","attack-pattern--633baf01-6de4-4963-bb54-ff6c6357bed3","stix_bundle_loaded"
"T1541","Foreground Persistence","false","defense-evasion|persistence","Android","","attack-pattern--648f8051-1a35-46d3-b1d8-3a3f5cf2cc8e","stix_bundle_loaded"
"T1458","Replication Through Removable Media","false","initial-access|lateral-movement","Android|iOS","","attack-pattern--667e5707-3843-4da8-bd34-88b922526f0d","stix_bundle_loaded"
"T1429","Audio Capture","false","collection","Android|iOS","","attack-pattern--6683aa0c-d98a-4f5b-ac57-ca7e9934a760","stix_bundle_loaded"
"T1625","Hijack Execution Flow","false","persistence","Android","","attack-pattern--670a4d75-103b-4b14-8a9e-4652fa795edd","stix_bundle_loaded"
"T1623.001","Unix Shell","true","execution","Android|iOS","","attack-pattern--693cdbff-ea73-49c6-ac3f-91e7285c31d1","stix_bundle_loaded"
"T1437","Application Layer Protocol","false","command-and-control","Android|iOS","","attack-pattern--6a3f6490-9c44-40de-b059-e5940f246673","stix_bundle_loaded"
"T1407","Download New Code at Runtime","false","defense-evasion","Android|iOS","","attack-pattern--6c49d50f-494d-4150-b774-a655022d20a6","stix_bundle_loaded"
"T1664","Exploitation for Initial Access","false","initial-access","Android|iOS","","attack-pattern--6ecbc2eb-e85a-440a-ab68-4d98f8d56fbe","stix_bundle_loaded"
"T1468","Remotely Track Device Without Authorization","false","remote-service-effects","Android|iOS","","attack-pattern--6f86d346-f092-4abc-80df-8558a90c426a","stix_bundle_loaded"
"T1633.001","System Checks","true","defense-evasion","Android|iOS","","attack-pattern--6ffad4be-bfe0-424f-abde-4d9a84a800ad","stix_bundle_loaded"
"T1409","Stored Application Data","false","collection","Android|iOS","","attack-pattern--702055ac-4e54-4ae9-9527-e23a38e0b160","stix_bundle_loaded"
"T1513","Screen Capture","false","collection","Android","","attack-pattern--73c26732-6422-4081-8b63-6d0ae93d449e","stix_bundle_loaded"
"T1641.001","Transmitted Data Manipulation","true","impact","Android","","attack-pattern--74e6003f-c7f4-4047-983b-708cc19b96b6","stix_bundle_loaded"
"T1452","Manipulate App Store Rankings or Ratings","false","impact","Android|iOS","","attack-pattern--76c12fc8-a4eb-45d6-a3b7-e371a7248f69","stix_bundle_loaded"
"T1416","URI Hijacking","false","credential-access","Android|iOS","","attack-pattern--77e30eee-fd48-40b4-99ec-73e97c158b58","stix_bundle_loaded"
"T1474.001","Compromise Software Dependencies and Development Tools","true","initial-access","Android|iOS","","attack-pattern--7827ced0-95e7-4d05-bdcf-0d8f2d37a3d3","stix_bundle_loaded"
"T1523","Evade Analysis Environment","false","defense-evasion|discovery","Android|iOS","","attack-pattern--786f488c-cb1f-4602-89c5-86d982ee326b","stix_bundle_loaded"
"T1635.001","URI Hijacking","true","credential-access","Android|iOS","","attack-pattern--789ef15a-34d9-4b32-a779-8cbbc9eb32f5","stix_bundle_loaded"
"T1632","Subvert Trust Controls","false","defense-evasion","Android|iOS","","attack-pattern--79cb02f4-ac4e-4335-8b51-425c9573cce1","stix_bundle_loaded"
"T1433","Access Call Log","false","collection","Android|iOS","","attack-pattern--79eec66a-9bd0-4a3f-ac82-19159e94bd44","stix_bundle_loaded"
"T1581","Geofencing","false","defense-evasion","Android|iOS","","attack-pattern--8197f026-64da-4700-93b9-b55ba55f3b31","stix_bundle_loaded"
"T1401","Device Administrator Permissions","false","privilege-escalation","Android","","attack-pattern--82f04b1e-5371-4a6f-be06-411f0f43b483","stix_bundle_loaded"
"T1634.001","Keychain","true","credential-access","iOS","","attack-pattern--8605a0ec-b44a-4e98-a7fc-87d4bd3acb66","stix_bundle_loaded"
"T1403","Modify Cached Executable Code","false","persistence","Android","","attack-pattern--88932a8c-3a17-406f-9431-1da3ff19f6d6","stix_bundle_loaded"
"T1419","Device Type Discovery","false","discovery","Android","","attack-pattern--89fcd02f-62dc-40b9-a54b-9ac4b1baef05","stix_bundle_loaded"
"T1576","Uninstall Malicious Application","false","defense-evasion","Android","","attack-pattern--8c7862ff-3449-4ac6-b0fd-ac1298a822a5","stix_bundle_loaded"
"T1670","Virtualization Solution","false","defense-evasion","Android","","attack-pattern--8e097ec5-1755-41d6-807c-3882442b818a","stix_bundle_loaded"
"T1447","Delete Device Data","false","impact|defense-evasion","Android","","attack-pattern--8e27551a-5080-4148-a584-c64348212e4f","stix_bundle_loaded"
"T1448","Carrier Billing Fraud","false","impact","Android","","attack-pattern--8f0e39c6-82c9-41ec-9f93-5696c0f2e274","stix_bundle_loaded"
"T1415","URL Scheme Hijacking","false","credential-access","iOS","","attack-pattern--8f142a25-f6c3-4520-bd50-2ae3ab50ed3e","stix_bundle_loaded"
"T1481.002","Bidirectional Communication","true","command-and-control","Android|iOS","","attack-pattern--939808a7-121d-467a-b028-4441ee8b7cee","stix_bundle_loaded"
"T1509","Non-Standard Port","false","command-and-control","Android|iOS","","attack-pattern--948a447c-d783-4ba0-8516-a64140fcacd5","stix_bundle_loaded"
"T1474.003","Compromise Software Supply Chain","true","initial-access","Android|iOS","","attack-pattern--9558a84e-2d5e-4872-918e-d847494a8ffc","stix_bundle_loaded"
"T1481.001","Dead Drop Resolver","true","command-and-control","Android|iOS","","attack-pattern--986f80f7-ff0e-4f48-87bd-0394814bbce5","stix_bundle_loaded"
"T1430","Location Tracking","false","collection|discovery","Android|iOS","","attack-pattern--99e6295e-741b-4857-b6e5-64989eb039b4","stix_bundle_loaded"
"T1626.001","Device Administrator Permissions","true","privilege-escalation","Android","","attack-pattern--9c049d7b-c92a-4733-9381-27e2bd2ccadc","stix_bundle_loaded"
"T1446","Device Lockout","false","impact|defense-evasion","Android|iOS","","attack-pattern--9d7c32f4-ab39-49dc-8055-8106bc2294a1","stix_bundle_loaded"
"T1430.001","Remote Device Management Services","true","collection|discovery","Android|iOS","","attack-pattern--9ef05e3d-52db-4c12-be4f-519214bbe91f","stix_bundle_loaded"
"T1662","Data Destruction","false","impact","Android","","attack-pattern--9ef14445-6f35-4ed0-a042-5024f13a9242","stix_bundle_loaded"
"T1427","Attack PC via USB Connection","false","lateral-movement","Android","","attack-pattern--a0464539-e1b7-4455-a355-12495987c300","stix_bundle_loaded"
"T1676","Linked Devices","false","collection|persistence","Android|iOS","","attack-pattern--a126c117-54e4-4b93-9e4f-72cc964e6760","stix_bundle_loaded"
"T1467","Rogue Cellular Base Station","false","network-effects","Android|iOS","","attack-pattern--a5de0540-73e7-4c67-96da-4143afedc7ed","stix_bundle_loaded"
"T1451","SIM Card Swap","false","initial-access","Android|iOS","","attack-pattern--a64a820a-cb21-471f-920c-506a2ff04fa5","stix_bundle_loaded"
"T1417","Input Capture","false","collection|credential-access","Android|iOS","","attack-pattern--a8c31121-852b-46bd-9ba4-674ae5afe7ad","stix_bundle_loaded"
"T1643","Generate Traffic from Victim","false","impact","Android|iOS","","attack-pattern--a8e971b8-8dc7-4514-8249-ae95427ec467","stix_bundle_loaded"
"T1630.003","Disguise Root/Jailbreak Indicators","true","defense-evasion","Android|iOS","","attack-pattern--a91262d5-b9ff-463f-b8d2-12e4ea1eb3c9","stix_bundle_loaded"
"T1444","Masquerade as Legitimate Application","false","initial-access|defense-evasion","Android|iOS","","attack-pattern--a93ccb8f-3996-42e2-b7c7-bb599d4e205f","stix_bundle_loaded"
"T1636.001","Calendar Entries","true","collection","Android|iOS","","attack-pattern--a9fa0d30-a8ff-45bf-922e-7720da0b7922","stix_bundle_loaded"
"T1630.002","File Deletion","true","defense-evasion","Android","","attack-pattern--ab7400b7-3476-4776-9545-ef3fa373de63","stix_bundle_loaded"
"T1629.002","Device Lockout","true","defense-evasion","Android","","attack-pattern--acf8fd2a-dc98-43b4-8d37-64e10728e591","stix_bundle_loaded"
"T1417.001","Keylogging","true","collection|credential-access","Android|iOS","","attack-pattern--b1c95426-2550-4621-8028-ceebf28b3a47","stix_bundle_loaded"
"T1582","SMS Control","false","impact","Android","","attack-pattern--b327a9c0-e709-495c-aa6e-00b042136e2b","stix_bundle_loaded"
"T1408","Disguise Root/Jailbreak Indicators","false","defense-evasion","Android|iOS","","attack-pattern--b332a960-3c04-495a-827f-f17a5daed3a6","stix_bundle_loaded"
"T1438","Exfiltration Over Other Network Medium","false","command-and-control","Android|iOS","","attack-pattern--b3c2e5de-0941-4b57-ba61-af029eb5517a","stix_bundle_loaded"
"T1631","Process Injection","false","defense-evasion|privilege-escalation","Android|iOS","","attack-pattern--b7c0e45f-0206-4f75-96e7-fe7edad3aaff","stix_bundle_loaded"
"T1521.001","Symmetric Cryptography","true","command-and-control","Android|iOS","","attack-pattern--bb4387ab-7a51-468b-bf5f-a9a8612f0303","stix_bundle_loaded"
"T1402","Broadcast Receivers","false","persistence|execution","Android","","attack-pattern--bd4d32f5-eed4-4018-a649-40b229dd1d69","stix_bundle_loaded"
"T1422.002","Wi-Fi Discovery","true","discovery","Android|iOS","","attack-pattern--be63612f-a48f-44f2-a7a6-1763509fcf80","stix_bundle_loaded"
"T1474.002","Compromise Hardware Supply Chain","true","initial-access","Android|iOS","","attack-pattern--c08366bb-8d11-4921-853f-f0a3b6a2a1da","stix_bundle_loaded"
"T1414","Clipboard Data","false","collection|credential-access","Android|iOS","","attack-pattern--c4b96c0b-cb58-497a-a1c2-bb447d79d692","stix_bundle_loaded"
"T1400","Modify System Partition","false","defense-evasion|persistence|impact","Android|iOS","","attack-pattern--c5089859-b21f-40a3-8be4-63e381b8b1c0","stix_bundle_loaded"
"T1641","Data Manipulation","false","impact","Android","","attack-pattern--c548d8c4-a0a3-4a24-bb79-2a84abbc7b36","stix_bundle_loaded"
"T1636.004","SMS Messages","true","collection","Android|iOS","","attack-pattern--c6421411-ae61-42bb-9098-73fddb315002","stix_bundle_loaded"
"T1481","Web Service","false","command-and-control","Android|iOS","","attack-pattern--c6a146ae-9c63-4606-97ff-e261e76e8380","stix_bundle_loaded"
"T1625.001","System Runtime API Hijacking","true","persistence","Android","","attack-pattern--c6e17ca2-08b5-4379-9786-89bd05241831","stix_bundle_loaded"
"T1634","Credentials from Password Store","false","credential-access","iOS","","attack-pattern--cc6e0637-76d2-4af3-a604-9d8d3ff8a6b3","stix_bundle_loaded"
"T1617","Hooking","false","defense-evasion","Android","","attack-pattern--ccde43e4-78f9-4f32-b401-c081e7db71ea","stix_bundle_loaded"
"T1478","Install Insecure or Malicious Configuration","false","defense-evasion|initial-access","Android|iOS","","attack-pattern--cde2cb84-455e-410c-8aa9-086f2788bcd2","stix_bundle_loaded"
"T1420","File and Directory Discovery","false","discovery","Android|iOS","","attack-pattern--cf28ca46-1fd3-46b4-b1f6-ec0b72361848","stix_bundle_loaded"
"T1406","Obfuscated Files or Information","false","defense-evasion","Android|iOS","","attack-pattern--d13fa042-8f26-44e1-a2a8-af0bf8e2ac9a","stix_bundle_loaded"
"T1516","Input Injection","false","defense-evasion|impact","Android","","attack-pattern--d1f1337e-aea7-454c-86bd-482a98ffaf62","stix_bundle_loaded"
"T1464","Network Denial of Service","false","impact","Android|iOS","","attack-pattern--d2e112dc-f6d4-488d-b8df-ecbfb57a0a2d","stix_bundle_loaded"
"T1577","Compromise Application Executable","false","persistence","Android","","attack-pattern--d3bc5020-f6a2-41c0-8ccb-5e563101b60c","stix_bundle_loaded"
"T1624","Event Triggered Execution","false","persistence","Android","","attack-pattern--d446b9f0-06a9-4a8d-97ee-298cfee84f14","stix_bundle_loaded"
"T1422","System Network Configuration Discovery","false","discovery","Android|iOS","","attack-pattern--d4536441-1bcc-49fa-80ae-a596ed3f7ffd","stix_bundle_loaded"
"T1463","Manipulate Device Communication","false","network-effects","Android|iOS","","attack-pattern--d731c21e-f27d-4756-b418-0e2aaabd6d63","stix_bundle_loaded"
"T1512","Video Capture","false","collection","Android|iOS","","attack-pattern--d8940e76-f9c1-4912-bea6-e21c251370b6","stix_bundle_loaded"
"T1481.003","One-Way Communication","true","command-and-control","Android|iOS","","attack-pattern--d916f176-a1ca-4a78-9fdd-4058bc28162e","stix_bundle_loaded"
"T1475","Deliver Malicious App via Authorized App Store","false","initial-access","Android|iOS","","attack-pattern--d9db3d46-66ca-44b4-9daa-1ef97cb7465a","stix_bundle_loaded"
"T1471","Data Encrypted for Impact","false","impact","Android","","attack-pattern--d9e88203-2b5d-405f-a406-2933b1e3d7e4","stix_bundle_loaded"
"T1629.001","Prevent Application Removal","true","defense-evasion","Android","","attack-pattern--dc01774a-d1c1-45fb-b506-0a5d1d6593d9","stix_bundle_loaded"
"T1421","System Network Connections Discovery","false","discovery","Android","","attack-pattern--dd818ea5-adf5-41c7-93b5-f3b839a219fb","stix_bundle_loaded"
"T1660","Phishing","false","initial-access","Android|iOS","","attack-pattern--defc1257-4db1-4fb3-8ef5-bb77f63146df","stix_bundle_loaded"
"T1521.003","SSL Pinning","true","command-and-control","Android|iOS","","attack-pattern--dfafc230-5465-4993-8dc5-f51fa9fec002","stix_bundle_loaded"
"T1461","Lockscreen Bypass","false","initial-access","Android|iOS","","attack-pattern--dfe29258-ce59-421c-9dee-e85cb9fa90cd","stix_bundle_loaded"
"T1605","Command-Line Interface","false","execution","Android|iOS","","attack-pattern--e083305c-49e7-4c87-aae8-9689213bffbe","stix_bundle_loaded"
"T1636.003","Contact List","true","collection","Android|iOS","","attack-pattern--e0b9ecb8-a7d1-43c7-aa30-8e19c6a92c86","stix_bundle_loaded"
"T1533","Data from Local System","false","collection","Android|iOS","","attack-pattern--e1c912a9-e305-434b-9172-8a6ce3ec9c4a","stix_bundle_loaded"
"T1640","Account Access Removal","false","impact","Android","","attack-pattern--e2c2249a-eb82-4614-8dd4-9c514dde65e2","stix_bundle_loaded"
"T1426","System Information Discovery","false","discovery","Android|iOS","","attack-pattern--e2ea7f6b-8d4f-49c3-819d-660530d12b77","stix_bundle_loaded"
"T1510","Clipboard Modification","false","impact","Android","","attack-pattern--e399430e-30b7-48c5-b70a-f44dc8c175cb","stix_bundle_loaded"
"T1532","Archive Collected Data","false","collection","Android|iOS","","attack-pattern--e3b936a4-6321-4172-9114-038a866362ec","stix_bundle_loaded"
"T1627.001","Geofencing","true","defense-evasion","Android|iOS","","attack-pattern--e422b6fa-4739-46b9-992e-82f1b350c780","stix_bundle_loaded"
"T1507","Network Information Discovery","false","collection","Android","","attack-pattern--e4c347e9-fb91-4bc5-83b8-391e389131e2","stix_bundle_loaded"
"T1412","Capture SMS Messages","false","collection|credential-access","Android|iOS","","attack-pattern--e8b4e1ec-8e3b-484c-9038-4459b1ed8060","stix_bundle_loaded"
"T1628.003","Conceal Multimedia Files","true","defense-evasion","Android","","attack-pattern--ea132c68-b518-4478-ae8d-1763cda26ee3","stix_bundle_loaded"
"T1642","Endpoint Denial of Service","false","impact","Android|iOS","","attack-pattern--eb6cf439-1bcb-4d10-bc68-1eed844ed7b3","stix_bundle_loaded"
"T1644","Out of Band Data","false","command-and-control","Android|iOS","","attack-pattern--ec4c4baa-026f-43e8-8f56-58c36f3162dd","stix_bundle_loaded"
"T1521","Encrypted Channel","false","command-and-control","Android|iOS","","attack-pattern--ed2c05a1-4f81-4d97-9e1b-aff01c34ae84","stix_bundle_loaded"
"T1405","Exploit TEE Vulnerability","false","credential-access|privilege-escalation","Android","","attack-pattern--ef771e03-e080-43b4-a619-ac6f84899884","stix_bundle_loaded"
"T1628.001","Suppress Application Icon","true","defense-evasion","Android","","attack-pattern--f05fc151-aa62-47e3-ae57-2d1b23d64bf6","stix_bundle_loaded"
"T1399","Modify Trusted Execution Environment","false","defense-evasion|persistence","Android","","attack-pattern--f1c3d071-0c24-483d-aca0-e8b8496ce468","stix_bundle_loaded"
"T1466","Downgrade to Insecure Protocols","false","network-effects","Android|iOS","","attack-pattern--f58cd69a-e548-478b-9248-8a9af881dc34","stix_bundle_loaded"
"T1655","Masquerading","false","defense-evasion","Android|iOS","","attack-pattern--f856eaab-e84a-4265-a8a2-7bf37e5dc2fc","stix_bundle_loaded"
"T1472","Generate Fraudulent Advertising Revenue","false","impact","Android|iOS","","attack-pattern--f981d199-2720-467e-9dc9-eea04dbe05cf","stix_bundle_loaded"
"T1406.001","Steganography","true","defense-evasion","Android","","attack-pattern--fa801609-ca8e-415e-815e-65f3826ff4df","stix_bundle_loaded"
"T1449","Exploit SS7 to Redirect Phone Calls/SMS","false","network-effects","Android|iOS","","attack-pattern--fb3fa94a-3aee-4ab0-b7e7-abdf0a51286d","stix_bundle_loaded"
"T1628","Hide Artifacts","false","defense-evasion","Android","","attack-pattern--fc53309d-ebd5-4573-9242-57024ebdad4f","stix_bundle_loaded"
"T1632.001","Code Signing Policy Modification","true","defense-evasion","Android|iOS","","attack-pattern--fcb11f06-ce0e-490b-bcc1-04a1623579f0","stix_bundle_loaded"
"T1637.001","Domain Generation Algorithms","true","command-and-control","Android|iOS","","attack-pattern--fd211238-f767-4599-8c0d-9dca36624626","stix_bundle_loaded"
"T1456","Drive-By Compromise","false","initial-access","Android|iOS","","attack-pattern--fd339382-bfec-4bf0-8d47-1caedc9e7e57","stix_bundle_loaded"
"T1508","Suppress Application Icon","false","defense-evasion","Android","","attack-pattern--fd658820-cbba-4c95-8ac9-0fac6b1099e2","stix_bundle_loaded"
"T0803","Block Command Message","false","inhibit-response-function","None","","attack-pattern--008b8f56-6107-48be-aa9f-746f927dbb61","stix_bundle_loaded"
"T0881","Service Stop","false","inhibit-response-function","None","","attack-pattern--063b5b92-5361-481a-9c3f-95492ed9a2d8","stix_bundle_loaded"
"T0836","Modify Parameter","false","impair-process-control","None","","attack-pattern--097924ce-a9a9-4039-8591-e0deedfb8722","stix_bundle_loaded"
"T0821","Modify Controller Tasking","false","execution","None","","attack-pattern--09a61657-46e1-439e-b3ed-3e4556a78243","stix_bundle_loaded"
"T0887","Wireless Sniffing","false","discovery|collection","None","","attack-pattern--0fe075d5-beac-4d02-b93e-0f874997db72","stix_bundle_loaded"
"T0829","Loss of View","false","impact","None","","attack-pattern--138979ba-0430-4de6-a128-2fc0b056ba36","stix_bundle_loaded"
"T1691.001","Command Message","true","inhibit-response-function","","","attack-pattern--15ca2a99-2d3e-457f-b1d7-c52a1d5849c9","stix_bundle_loaded"
"T0800","Activate Firmware Update Mode","false","inhibit-response-function","None","","attack-pattern--19a71d1e-6334-4233-8260-b749cae37953","stix_bundle_loaded"
"T0831","Manipulation of Control","false","impact","None","","attack-pattern--1af9e3fd-2bcc-414d-adbd-fe3b95c02ca1","stix_bundle_loaded"
"T0814","Denial of Service","false","inhibit-response-function","None","","attack-pattern--1b22b676-9347-4c55-9a35-ef0dc653db5b","stix_bundle_loaded"
"T0805","Block Serial COM","false","inhibit-response-function","None","","attack-pattern--1c478716-71d9-46a4-9a53-fa5d576adb60","stix_bundle_loaded"
"T0894","System Binary Proxy Execution","false","evasion","None","","attack-pattern--1c5cf58c-a34a-40d7-82f4-f987cdfc2b91","stix_bundle_loaded"
"T0807","Command-Line Interface","false","execution","None","","attack-pattern--24a9253e-8948-4c98-b751-8e2aee53127c","stix_bundle_loaded"
"T0861","Point & Tag Identification","false","collection","None","","attack-pattern--25852363-5968-4673-b81d-341d5ed90bd1","stix_bundle_loaded"
"T0816","Device Restart/Shutdown","false","inhibit-response-function","None","","attack-pattern--25dfc8ad-bd73-4dfd-84a9-3c3d383f76e9","stix_bundle_loaded"
"T0863","User Execution","false","execution","None","","attack-pattern--2736b752-4ec5-4421-a230-8977dea7649c","stix_bundle_loaded"
"T0860","Wireless Compromise","false","initial-access","None","","attack-pattern--2877063e-1851-48d2-bcc6-bc1d2733157e","stix_bundle_loaded"
"T0858","Change Operating Mode","false","execution|evasion","None","","attack-pattern--2883c520-7957-46ca-89bd-dab1ad53b601","stix_bundle_loaded"
"T0878","Alarm Suppression","false","inhibit-response-function","None","","attack-pattern--2900bbd8-308a-4274-b074-5b8bde8347bc","stix_bundle_loaded"
"T0868","Detect Operating Mode","false","collection","None","","attack-pattern--2aa406ed-81c3-4c1d-ba83-cfbee5a2847a","stix_bundle_loaded"
"T0837","Loss of Protection","false","impact","None","","attack-pattern--2bb4d762-bf4a-4bc3-9318-15cc6a354163","stix_bundle_loaded"
"T0801","Monitor Process State","false","collection","None","","attack-pattern--2d0d40ad-22fa-4cc8-b264-072557e1364b","stix_bundle_loaded"
"T0853","Scripting","false","execution","None","","attack-pattern--2dc2b567-8821-49f9-9045-8740f3d0b958","stix_bundle_loaded"
"T0888","Remote System Information Discovery","false","discovery","None","","attack-pattern--2fedbe69-581f-447d-8a78-32ee7db939a9","stix_bundle_loaded"
"T0845","Program Upload","false","collection","None","","attack-pattern--3067b85e-271e-4bc5-81ad-ab1a81d411e3","stix_bundle_loaded"
"T0819","Exploit Public-Facing Application","false","initial-access","None","","attack-pattern--32632a95-6856-47b9-9ab7-fea5cd7dce00","stix_bundle_loaded"
"T1691","Block Operational Technology Message","false","inhibit-response-function","","","attack-pattern--338f4364-2269-4f70-9079-b20384b16628","stix_bundle_loaded"
"T0811","Data from Information Repositories","false","collection","None","","attack-pattern--3405891b-16aa-4bd7-bd7c-733501f9b20f","stix_bundle_loaded"
"T0864","Transient Cyber Asset","false","initial-access","None","","attack-pattern--35392fb4-a31d-4c6a-b9f2-1c65b7f5e6b9","stix_bundle_loaded"
"T0873.001","Siemens Project File Format","true","persistence","","","attack-pattern--354ca909-b54d-4c41-b597-9c296b344a43","stix_bundle_loaded"
"T0835","Manipulate I/O Image","false","inhibit-response-function","None","","attack-pattern--36e9f5bc-ac13-4da4-a2f4-01f4877d9004","stix_bundle_loaded"
"T0842","Network Sniffing","false","discovery","None","","attack-pattern--38213338-1aab-479d-949b-c81b66ccca5c","stix_bundle_loaded"
"T0851","Rootkit","false","evasion|inhibit-response-function","None","","attack-pattern--3b6b9246-43f8-4c69-ad7a-2b11cfe0a0d9","stix_bundle_loaded"
"T0802","Automated Collection","false","collection","None","","attack-pattern--3de230d4-3e42-4041-b089-17e1128feded","stix_bundle_loaded"
"T1694","Insecure Credentials","false","persistence|lateral-movement","","","attack-pattern--3e9b182e-e493-49e1-9a9b-bd0dfcd34a7c","stix_bundle_loaded"
"T0804","Block Reporting Message","false","inhibit-response-function","None","","attack-pattern--3f1f4ccb-9be2-4ff8-8f69-dd972221169b","stix_bundle_loaded"
"T0855","Unauthorized Command Message","false","impair-process-control","None","","attack-pattern--40b300ba-f553-48bf-862e-9471b220d455","stix_bundle_loaded"
"T1692.001","Command Message","true","evasion|impair-process-control","","","attack-pattern--4344d1b8-968b-4697-9ab9-f9abe5f52265","stix_bundle_loaded"
"T0809","Data Destruction","false","inhibit-response-function","None","","attack-pattern--493832d9-cea6-4b63-abe7-9a65a6473675","stix_bundle_loaded"
"T0832","Manipulation of View","false","impact","None","","attack-pattern--4c2e1408-9d68-4187-8e6b-a77bc52700ec","stix_bundle_loaded"
"T1692.002","Reporting Message","true","evasion|impair-process-control","","","attack-pattern--527106b3-95a2-4ed2-bf89-db7f0e4d0da0","stix_bundle_loaded"
"T0872","Indicator Removal on Host","false","evasion","None","","attack-pattern--53a26eee-1080-4d17-9762-2027d5a1b805","stix_bundle_loaded"
"T0877","I/O Image","false","collection","None","","attack-pattern--53a48c74-0025-45f4-b04a-baa853df8204","stix_bundle_loaded"
"T1695.001","Serial COM","true","inhibit-response-function","","","attack-pattern--55e7e5c1-3760-4451-bae0-e79b29f452c5","stix_bundle_loaded"
"T1694.001","Default Credentials","true","persistence|lateral-movement","","","attack-pattern--5658ad88-7510-490e-a351-95d50b1bcd91","stix_bundle_loaded"
"T0815","Denial of View","false","impact","None","","attack-pattern--56ddc820-6cfb-407f-850b-52c035d123ac","stix_bundle_loaded"
"T0843.003","Program Append","true","lateral-movement","","","attack-pattern--574d5bfb-9a7a-4b28-ab5c-743ac704c135","stix_bundle_loaded"
"T0871","Execution through API","false","execution","None","","attack-pattern--5a2610f6-9fff-41e1-bc27-575ca20383d4","stix_bundle_loaded"
"T0846.001","Port Scan","true","discovery","","","attack-pattern--5d24bb1d-4487-4923-ae3a-8e679092ac7a","stix_bundle_loaded"
"T0862","Supply Chain Compromise","false","initial-access","None","","attack-pattern--5e0f75da-e108-4688-a6de-a4f07cc2cbe3","stix_bundle_loaded"
"T0880","Loss of Safety","false","impact","None","","attack-pattern--5fa00fdd-4a55-4191-94a0-564181d7fec2","stix_bundle_loaded"
"T1695.002","Ethernet","true","inhibit-response-function","","","attack-pattern--6008c1f0-1b68-4614-8f5b-a547436b8855","stix_bundle_loaded"
"T0828","Loss of Productivity and Revenue","false","impact","None","","attack-pattern--63b6942d-8359-4506-bfb3-cf87aa8120ee","stix_bundle_loaded"
"T0865","Spearphishing Attachment","false","initial-access","None","","attack-pattern--648f995e-9c3a-41e4-aeee-98bb41037426","stix_bundle_loaded"
"T0846.003","Multicast Discovery","true","discovery","","","attack-pattern--64bbc1b2-101f-4322-af1d-0c9cc25cef91","stix_bundle_loaded"
"T1693.001","System Firmware","true","persistence|inhibit-response-function|impair-process-control","","","attack-pattern--68a9324d-a524-4766-a899-a026f68a33df","stix_bundle_loaded"
"T1694.002","Hardcoded Credentials","true","persistence|lateral-movement","","","attack-pattern--6b335943-c3af-430e-a135-ab09623bdc20","stix_bundle_loaded"
"T1695.003","Wi-Fi","true","inhibit-response-function","","","attack-pattern--71f2d49e-65dd-4fb6-a4cc-0d2b19d427fa","stix_bundle_loaded"
"T1693.002","Module Firmware","true","persistence|inhibit-response-function|impair-process-control","","","attack-pattern--75587e49-ab7e-44df-9549-faeb1da57f39","stix_bundle_loaded"
"T0843.001","Download All","true","lateral-movement","","","attack-pattern--77015a55-eef8-4f71-a071-b152f82ec1ef","stix_bundle_loaded"
"T0895","Autorun Image","false","execution","","","attack-pattern--77d9c726-b53e-481d-8bcc-1068aebfbb9d","stix_bundle_loaded"
"T0817","Drive-by Compromise","false","initial-access","None","","attack-pattern--7830cfcf-b268-4ac0-a69e-73c6affbae9a","stix_bundle_loaded"
"T1691.002","Reporting Message","true","inhibit-response-function","","","attack-pattern--7866bb5f-98ee-45c2-984c-8a328c5176b2","stix_bundle_loaded"
"T1693","Modify Firmware","false","persistence|inhibit-response-function|impair-process-control","","","attack-pattern--7b4c0e19-a9b0-4a74-a196-b38c07b79f20","stix_bundle_loaded"
"T0879","Damage to Property","false","impact","None","","attack-pattern--83ebd22f-b401-4d59-8219-2294172cf916","stix_bundle_loaded"
"T0856","Spoof Reporting Message","false","evasion|impair-process-control","None","","attack-pattern--8535b71e-3c12-4258-a4ab-40257a1becc4","stix_bundle_loaded"
"T0866","Exploitation of Remote Services","false","initial-access|lateral-movement","None","","attack-pattern--85a45294-08f1-4539-bf00-7da08aa7b0ee","stix_bundle_loaded"
"T0812","Default Credentials","false","lateral-movement","None","","attack-pattern--8bb4538f-f16f-49f0-a431-70b5444c7349","stix_bundle_loaded"
"T0822","External Remote Services","false","initial-access","None","","attack-pattern--8d2f3bab-507c-4424-b58b-edc977bd215c","stix_bundle_loaded"
"T0806","Brute Force I/O","false","impair-process-control","None","","attack-pattern--8e7089d3-fba2-44f8-94a8-9a79c53920c4","stix_bundle_loaded"
"T0830","Adversary-in-the-Middle","false","collection","None","","attack-pattern--9a505987-ab05-4f46-a9a6-6441442eec3b","stix_bundle_loaded"
"T0820","Exploitation for Evasion","false","evasion","None","","attack-pattern--9f947a1c-3860-48a8-8af0-a2dfa3efde03","stix_bundle_loaded"
"T0827","Loss of Control","false","impact","None","","attack-pattern--a81696ef-c106-482c-8f80-59c30f2569fb","stix_bundle_loaded"
"T0874","Hooking","false","execution|privilege-escalation","None","","attack-pattern--ab390887-afc0-4715-826d-b1b167d522ae","stix_bundle_loaded"
"T0823","Graphical User Interface","false","execution","None","","attack-pattern--b0628bfc-5376-4a38-9182-f324501cb4cf","stix_bundle_loaded"
"T0848","Rogue Master","false","initial-access","None","","attack-pattern--b14395bd-5419-4ef4-9bd8-696936f509bb","stix_bundle_loaded"
"T0834","Native API","false","execution","None","","attack-pattern--b52870cc-83f3-473c-b895-72d91751030b","stix_bundle_loaded"
"T0826","Loss of Availability","false","impact","None","","attack-pattern--b5b9bacb-97f2-4249-b804-47fd44de1f95","stix_bundle_loaded"
"T0882","Theft of Operational Information","false","impact","None","","attack-pattern--b7e13ee8-182c-4f19-92a4-a88d7d855d54","stix_bundle_loaded"
"T0857","System Firmware","false","persistence|inhibit-response-function","None","","attack-pattern--b9160e77-ea9e-4ba9-b1c8-53a3c466b13d","stix_bundle_loaded"
"T0849","Masquerading","false","evasion","None","","attack-pattern--ba203963-3182-41ac-af14-7e7ebc83cd61","stix_bundle_loaded"
"T0843","Program Download","false","lateral-movement","None","","attack-pattern--be69c571-d746-4b1f-bdd0-c0c9817e9068","stix_bundle_loaded"
"T0847","Replication Through Removable Media","false","initial-access","None","","attack-pattern--c267bbee-bb59-47fe-85e0-3ed210337c21","stix_bundle_loaded"
"T0846.002","Broadcast Discovery","true","discovery","","","attack-pattern--c55f0be5-044e-4577-8095-65b37680d28c","stix_bundle_loaded"
"T0852","Screen Capture","false","collection","None","","attack-pattern--c5e3cdbc-0387-4be9-8f83-ff5c0865f377","stix_bundle_loaded"
"T0891","Hardcoded Credentials","false","lateral-movement|persistence","None","","attack-pattern--c9a8d958-fcdb-40d2-af4c-461c8031651a","stix_bundle_loaded"
"T0859","Valid Accounts","false","persistence|lateral-movement","None","","attack-pattern--cd2c76a4-5e23-4ca5-9c40-d5e0604f7101","stix_bundle_loaded"
"T0890","Exploitation for Privilege Escalation","false","privilege-escalation","None","","attack-pattern--cfe68e93-ce94-4c0f-a57d-3aa72cedd618","stix_bundle_loaded"
"T0846","Remote System Discovery","false","discovery","None","","attack-pattern--d5a69cfb-fc2a-46cb-99eb-74b236db5061","stix_bundle_loaded"
"T0884","Connection Proxy","false","command-and-control","None","","attack-pattern--d67adac8-e3b9-44f9-9e6d-6c2a7d69dbe4","stix_bundle_loaded"
"T0843.002","Online Edit","true","lateral-movement","","","attack-pattern--d85a6ee9-820c-4adf-8a64-2392ee70c83c","stix_bundle_loaded"
"T0869","Standard Application Layer Protocol","false","command-and-control","None","","attack-pattern--e076cca8-2f08-45c9-aff7-ea5ac798b387","stix_bundle_loaded"
"T1692","Unauthorized Message","false","evasion|impair-process-control","","","attack-pattern--e17cdc00-8b58-4e5f-9d50-4cad1592c4c3","stix_bundle_loaded"
"T0886","Remote Services","false","initial-access|lateral-movement","None","","attack-pattern--e1f9cdd2-9511-4fca-90d7-f3e92cfdd0bf","stix_bundle_loaded"
"T0813","Denial of Control","false","impact","None","","attack-pattern--e33c7ecc-5a38-497f-beb2-a9a2049a4c20","stix_bundle_loaded"
"T0838","Modify Alarm Settings","false","inhibit-response-function","None","","attack-pattern--e5de767e-f513-41cd-aa15-33f6ce5fbf92","stix_bundle_loaded"
"T0885","Commonly Used Port","false","command-and-control","None","","attack-pattern--e6c31185-8040-4267-83d3-b217b8a92f07","stix_bundle_loaded"
"T0873","Project File Infection","false","persistence","None","","attack-pattern--e72425f8-9ae6-41d3-bfdb-e1b865e60722","stix_bundle_loaded"
"T0840","Network Connection Enumeration","false","discovery","None","","attack-pattern--ea0c980c-5cf0-43a7-a049-59c4c207566e","stix_bundle_loaded"
"T0867","Lateral Tool Transfer","false","lateral-movement","None","","attack-pattern--ead7bd34-186e-4c79-9a4d-b65bcce6ed9d","stix_bundle_loaded"
"T0839","Module Firmware","false","persistence|impair-process-control","None","","attack-pattern--efbf7888-f61b-4572-9c80-7e2965c60707","stix_bundle_loaded"
"T0883","Internet Accessible Device","false","initial-access","None","","attack-pattern--f8df6b57-14bc-425f-9a91-6f59f6799307","stix_bundle_loaded"
"T0893","Data from Local System","false","collection","None","","attack-pattern--fa3aa267-da22-4bdd-961f-03223322a8d5","stix_bundle_loaded"
"T0892","Change Credential","false","inhibit-response-function","None","","attack-pattern--fab8fc7d-f27f-4fbb-9de6-44740aade05f","stix_bundle_loaded"
"T1695","Block Communications","false","inhibit-response-function","","","attack-pattern--fbb67c2d-37c3-49ee-86e3-bf234cc48ca9","stix_bundle_loaded"
"T0889","Modify Program","false","persistence","None","","attack-pattern--fc5fda7e-6b2c-4457-b036-759896a2efa2","stix_bundle_loaded"
"T1000","","false","","","","","observed_not_in_current_stix_bundle"
"T1002.001","","true","","","","","observed_not_in_current_stix_bundle"
"T1002.004","","true","","","","","observed_not_in_current_stix_bundle"
"T1006.002","","true","","","","","observed_not_in_current_stix_bundle"
"T1008.002","","true","","","","","observed_not_in_current_stix_bundle"
"T1011.002","","true","","","","","observed_not_in_current_stix_bundle"
"T1011.004","","true","","","","","observed_not_in_current_stix_bundle"
"T1016.003","","true","","","","","observed_not_in_current_stix_bundle"
"T1016.004","","true","","","","","observed_not_in_current_stix_bundle"
"T1018.002","","true","","","","","observed_not_in_current_stix_bundle"
"T1018.004","","true","","","","","observed_not_in_current_stix_bundle"
"T1025.003","","true","","","","","observed_not_in_current_stix_bundle"
"T1028.003","","true","","","","","observed_not_in_current_stix_bundle"
"T1038.002","","true","","","","","observed_not_in_current_stix_bundle"
"T1041.001","","true","","","","","observed_not_in_current_stix_bundle"
"T1041.003","","true","","","","","observed_not_in_current_stix_bundle"
"T1046.003","","true","","","","","observed_not_in_current_stix_bundle"
"T1047.001","","true","","","","","observed_not_in_current_stix_bundle"
"T1047.002","","true","","","","","observed_not_in_current_stix_bundle"
"T1049.001","","true","","","","","observed_not_in_current_stix_bundle"
"T1052.003","","true","","","","","observed_not_in_current_stix_bundle"
"T1055.007","","true","","","","","observed_not_in_current_stix_bundle"
"T1057.003","","true","","","","","observed_not_in_current_stix_bundle"
"T1057.004","","true","","","","","observed_not_in_current_stix_bundle"
"T1085.002","","true","","","","","observed_not_in_current_stix_bundle"
"T1086.002","","true","","","","","observed_not_in_current_stix_bundle"
"T1088.003","","true","","","","","observed_not_in_current_stix_bundle"
"T1089.002","","true","","","","","observed_not_in_current_stix_bundle"
"T1092.004","","true","","","","","observed_not_in_current_stix_bundle"
"T1106.002","","true","","","","","observed_not_in_current_stix_bundle"
"T1106.003","","true","","","","","observed_not_in_current_stix_bundle"
"T1132.003","","true","","","","","observed_not_in_current_stix_bundle"
"T1135.002","","true","","","","","observed_not_in_current_stix_bundle"
"T1135.004","","true","","","","","observed_not_in_current_stix_bundle"
"T1151.002","","true","","","","","observed_not_in_current_stix_bundle"
"T1155.004","","true","","","","","observed_not_in_current_stix_bundle"
"T1156.004","","true","","","","","observed_not_in_current_stix_bundle"
"T1158.001","","true","","","","","observed_not_in_current_stix_bundle"
"T1158.002","","true","","","","","observed_not_in_current_stix_bundle"
"T1158.003","","true","","","","","observed_not_in_current_stix_bundle"
"T1159.003","","true","","","","","observed_not_in_current_stix_bundle"
"T1159.004","","true","","","","","observed_not_in_current_stix_bundle"
"T1172.001","","true","","","","","observed_not_in_current_stix_bundle"
"T1174.001","","true","","","","","observed_not_in_current_stix_bundle"
"T1174.003","","true","","","","","observed_not_in_current_stix_bundle"
"T1192.003","","true","","","","","observed_not_in_current_stix_bundle"
"T1193.003","","true","","","","","observed_not_in_current_stix_bundle"
"T1201.001","","true","","","","","observed_not_in_current_stix_bundle"
"T1201.002","","true","","","","","observed_not_in_current_stix_bundle"
"T1201.003","","true","","","","","observed_not_in_current_stix_bundle"
"T1202.002","","true","","","","","observed_not_in_current_stix_bundle"
"T1202.003","","true","","","","","observed_not_in_current_stix_bundle"
"T1204.007","","true","","","","","observed_not_in_current_stix_bundle"
"T1204.5","","true","","","","","observed_not_in_current_stix_bundle"
"T1205.005","","true","","","","","observed_not_in_current_stix_bundle"
"T1216.005","","true","","","","","observed_not_in_current_stix_bundle"
"T1231","","false","","","","","observed_not_in_current_stix_bundle"
"T1232","","false","","","","","observed_not_in_current_stix_bundle"
"T1479","","false","","","","","observed_not_in_current_stix_bundle"
"T1493.002","","true","","","","","observed_not_in_current_stix_bundle"
"T1498.003","","true","","","","","observed_not_in_current_stix_bundle"
"T1501.003","","true","","","","","observed_not_in_current_stix_bundle"
"T1506.002","","true","","","","","observed_not_in_current_stix_bundle"
"T1508.002","","true","","","","","observed_not_in_current_stix_bundle"
"T1509.002","","true","","","","","observed_not_in_current_stix_bundle"
"T1509.003","","true","","","","","observed_not_in_current_stix_bundle"
"T1511","","false","","","","","observed_not_in_current_stix_bundle"
"T1515","","false","","","","","observed_not_in_current_stix_bundle"
"T1517.002","","true","","","","","observed_not_in_current_stix_bundle"
"T1518.003","","true","","","","","observed_not_in_current_stix_bundle"
"T1518.004","","true","","","","","observed_not_in_current_stix_bundle"
"T1527.003","","true","","","","","observed_not_in_current_stix_bundle"
"T1530.002","","true","","","","","observed_not_in_current_stix_bundle"
"T1531.002","","true","","","","","observed_not_in_current_stix_bundle"
"T1534.004","","true","","","","","observed_not_in_current_stix_bundle"
"T1538.002","","true","","","","","observed_not_in_current_stix_bundle"
"T1538.004","","true","","","","","observed_not_in_current_stix_bundle"
"T1541.001","","true","","","","","observed_not_in_current_stix_bundle"
"T1541.003","","true","","","","","observed_not_in_current_stix_bundle"
"T1545.003","","true","","","","","observed_not_in_current_stix_bundle"
"T1549","","false","","","","","observed_not_in_current_stix_bundle"
"T1551","","false","","","","","observed_not_in_current_stix_bundle"
"T1551.001","","true","","","","","observed_not_in_current_stix_bundle"
"T1551.004","","true","","","","","observed_not_in_current_stix_bundle"
"T1552.01","","true","","","","","observed_not_in_current_stix_bundle"
"T1555.009","","true","","","","","observed_not_in_current_stix_bundle"
"T1555.012","","true","","","","","observed_not_in_current_stix_bundle"
"T1555.013","","true","","","","","observed_not_in_current_stix_bundle"
"T1555.015","","true","","","","","observed_not_in_current_stix_bundle"
"T1559.004","","true","","","","","observed_not_in_current_stix_bundle"
"T1561.003","","true","","","","","observed_not_in_current_stix_bundle"
"T1566.1","","true","","","","","observed_not_in_current_stix_bundle"
"T1568.004","","true","","","","","observed_not_in_current_stix_bundle"
"T1569.004","","true","","","","","observed_not_in_current_stix_bundle"
"T1571.001","","true","","","","","observed_not_in_current_stix_bundle"
"T1571.002","","true","","","","","observed_not_in_current_stix_bundle"
"T1571.003","","true","","","","","observed_not_in_current_stix_bundle"
"T1573.003","","true","","","","","observed_not_in_current_stix_bundle"
"T1573.004","","true","","","","","observed_not_in_current_stix_bundle"
"T1576.002","","true","","","","","observed_not_in_current_stix_bundle"
"T1576.003","","true","","","","","observed_not_in_current_stix_bundle"
"T1579.002","","true","","","","","observed_not_in_current_stix_bundle"
"T1579.004","","true","","","","","observed_not_in_current_stix_bundle"
"T1581.002","","true","","","","","observed_not_in_current_stix_bundle"
"T1607","","false","","","","","observed_not_in_current_stix_bundle"
"T1610.005","","true","","","","","observed_not_in_current_stix_bundle"
"T1611.002","","true","","","","","observed_not_in_current_stix_bundle"
"T1621.002","","true","","","","","observed_not_in_current_stix_bundle"
"T4566","","false","","","","","observed_not_in_current_stix_bundle"
"T4567","","false","","","","","observed_not_in_current_stix_bundle"
