"assertion_id","report_id","sentence_id","evidence_id","prediction_id","attack_id","validation_status","validation_basis","review_required","checked_for_kg","kg_stage","graph_version","is_benchmark_data"
"gold::AnnoCTR::bosch_0::T1021","report::AnnoCTR::bosch_0","","","","T1021","validated","labeled_benchmark","False","True","initial_benchmark","v2_annoctr","True"
"gold::AnnoCTR::bosch_0::T1190","report::AnnoCTR::bosch_0","","","","T1190","validated","labeled_benchmark","False","True","initial_benchmark","v2_annoctr","True"
"gold::AnnoCTR::bosch_0::T1195","report::AnnoCTR::bosch_0","","","","T1195","validated","labeled_benchmark","False","True","initial_benchmark","v2_annoctr","True"
"gold::AnnoCTR::bosch_0::T1486","report::AnnoCTR::bosch_0","","","","T1486","validated","labeled_benchmark","False","True","initial_benchmark","v2_annoctr","True"
"gold::AnnoCTR::bosch_0::T1491","report::AnnoCTR::bosch_0","","","","T1491","validated","labeled_benchmark","False","True","initial_benchmark","v2_annoctr","True"
"gold::AnnoCTR::bosch_1::T1105","report::AnnoCTR::bosch_1","","","","T1105","validated","labeled_benchmark","False","True","initial_benchmark","v2_annoctr","True"
"gold::AnnoCTR::bosch_1::T1190","report::AnnoCTR::bosch_1","","","","T1190","validated","labeled_benchmark","False","True","initial_benchmark","v2_annoctr","True"
"gold::AnnoCTR::bosch_1::T1486","report::AnnoCTR::bosch_1","","","","T1486","validated","labeled_benchmark","False","True","initial_benchmark","v2_annoctr","True"
"gold::AnnoCTR::bosch_1::T1497","report::AnnoCTR::bosch_1","","","","T1497","validated","labeled_benchmark","False","True","initial_benchmark","v2_annoctr","True"
"gold::AnnoCTR::bosch_1::T1499","report::AnnoCTR::bosch_1","","","","T1499","validated","labeled_benchmark","False","True","initial_benchmark","v2_annoctr","True"
"gold::AnnoCTR::bosch_1::T1566","report::AnnoCTR::bosch_1","","","","T1566","validated","labeled_benchmark","False","True","initial_benchmark","v2_annoctr","True"
"gold::AnnoCTR::bosch_2::T1105","report::AnnoCTR::bosch_2","","","","T1105","validated","labeled_benchmark","False","True","initial_benchmark","v2_annoctr","True"
"gold::AnnoCTR::bosch_2::T1189","report::AnnoCTR::bosch_2","","","","T1189","validated","labeled_benchmark","False","True","initial_benchmark","v2_annoctr","True"
"gold::AnnoCTR::bosch_2::T1486","report::AnnoCTR::bosch_2","","","","T1486","validated","labeled_benchmark","False","True","initial_benchmark","v2_annoctr","True"
"gold::AnnoCTR::bosch_2::T1496","report::AnnoCTR::bosch_2","","","","T1496","validated","labeled_benchmark","False","True","initial_benchmark","v2_annoctr","True"
"gold::AnnoCTR::bosch_2::T1499","report::AnnoCTR::bosch_2","","","","T1499","validated","labeled_benchmark","False","True","initial_benchmark","v2_annoctr","True"
"gold::AnnoCTR::bosch_2::T1566","report::AnnoCTR::bosch_2","","","","T1566","validated","labeled_benchmark","False","True","initial_benchmark","v2_annoctr","True"
"gold::AnnoCTR::bosch_3::T1078","report::AnnoCTR::bosch_3","","","","T1078","validated","labeled_benchmark","False","True","initial_benchmark","v2_annoctr","True"
"gold::AnnoCTR::bosch_3::T1195","report::AnnoCTR::bosch_3","","","","T1195","validated","labeled_benchmark","False","True","initial_benchmark","v2_annoctr","True"
"gold::AnnoCTR::bosch_3::T1210","report::AnnoCTR::bosch_3","","","","T1210","validated","labeled_benchmark","False","True","initial_benchmark","v2_annoctr","True"
"gold::AnnoCTR::bosch_3::T1486","report::AnnoCTR::bosch_3","","","","T1486","validated","labeled_benchmark","False","True","initial_benchmark","v2_annoctr","True"
"gold::AnnoCTR::bosch_3::T1528","report::AnnoCTR::bosch_3","","","","T1528","validated","labeled_benchmark","False","True","initial_benchmark","v2_annoctr","True"
"gold::AnnoCTR::bosch_3::T1566","report::AnnoCTR::bosch_3","","","","T1566","validated","labeled_benchmark","False","True","initial_benchmark","v2_annoctr","True"
"gold::AnnoCTR::bosch_3::T1567","report::AnnoCTR::bosch_3","","","","T1567","validated","labeled_benchmark","False","True","initial_benchmark","v2_annoctr","True"
"gold::AnnoCTR::bosch_3::T1589","report::AnnoCTR::bosch_3","","","","T1589","validated","labeled_benchmark","False","True","initial_benchmark","v2_annoctr","True"
"gold::AnnoCTR::bosch_4::T1003","report::AnnoCTR::bosch_4","","","","T1003","validated","labeled_benchmark","False","True","initial_benchmark","v2_annoctr","True"
"gold::AnnoCTR::bosch_4::T1021","report::AnnoCTR::bosch_4","","","","T1021","validated","labeled_benchmark","False","True","initial_benchmark","v2_annoctr","True"
"gold::AnnoCTR::bosch_4::T1046","report::AnnoCTR::bosch_4","","","","T1046","validated","labeled_benchmark","False","True","initial_benchmark","v2_annoctr","True"
"gold::AnnoCTR::bosch_4::T1053","report::AnnoCTR::bosch_4","","","","T1053","validated","labeled_benchmark","False","True","initial_benchmark","v2_annoctr","True"
"gold::AnnoCTR::bosch_4::T1059","report::AnnoCTR::bosch_4","","","","T1059","validated","labeled_benchmark","False","True","initial_benchmark","v2_annoctr","True"
"gold::AnnoCTR::bosch_4::T1068","report::AnnoCTR::bosch_4","","","","T1068","validated","labeled_benchmark","False","True","initial_benchmark","v2_annoctr","True"
"gold::AnnoCTR::bosch_4::T1078","report::AnnoCTR::bosch_4","","","","T1078","validated","labeled_benchmark","False","True","initial_benchmark","v2_annoctr","True"
"gold::AnnoCTR::bosch_4::T1087","report::AnnoCTR::bosch_4","","","","T1087","validated","labeled_benchmark","False","True","initial_benchmark","v2_annoctr","True"
"gold::AnnoCTR::bosch_4::T1110","report::AnnoCTR::bosch_4","","","","T1110","validated","labeled_benchmark","False","True","initial_benchmark","v2_annoctr","True"
"gold::AnnoCTR::bosch_4::T1135","report::AnnoCTR::bosch_4","","","","T1135","validated","labeled_benchmark","False","True","initial_benchmark","v2_annoctr","True"
"gold::AnnoCTR::bosch_4::T1189","report::AnnoCTR::bosch_4","","","","T1189","validated","labeled_benchmark","False","True","initial_benchmark","v2_annoctr","True"
"gold::AnnoCTR::bosch_4::T1190","report::AnnoCTR::bosch_4","","","","T1190","validated","labeled_benchmark","False","True","initial_benchmark","v2_annoctr","True"
"gold::AnnoCTR::bosch_4::T1195","report::AnnoCTR::bosch_4","","","","T1195","validated","labeled_benchmark","False","True","initial_benchmark","v2_annoctr","True"
"gold::AnnoCTR::bosch_4::T1210","report::AnnoCTR::bosch_4","","","","T1210","validated","labeled_benchmark","False","True","initial_benchmark","v2_annoctr","True"
"gold::AnnoCTR::bosch_4::T1482","report::AnnoCTR::bosch_4","","","","T1482","validated","labeled_benchmark","False","True","initial_benchmark","v2_annoctr","True"
"gold::AnnoCTR::bosch_4::T1486","report::AnnoCTR::bosch_4","","","","T1486","validated","labeled_benchmark","False","True","initial_benchmark","v2_annoctr","True"
"gold::AnnoCTR::bosch_4::T1562","report::AnnoCTR::bosch_4","","","","T1562","validated","labeled_benchmark","False","True","initial_benchmark","v2_annoctr","True"
"gold::AnnoCTR::bosch_4::T1567","report::AnnoCTR::bosch_4","","","","T1567","validated","labeled_benchmark","False","True","initial_benchmark","v2_annoctr","True"
"gold::AnnoCTR::bosch_4::T1589","report::AnnoCTR::bosch_4","","","","T1589","validated","labeled_benchmark","False","True","initial_benchmark","v2_annoctr","True"
"gold::AnnoCTR::bosch_5::T1189","report::AnnoCTR::bosch_5","","","","T1189","validated","labeled_benchmark","False","True","initial_benchmark","v2_annoctr","True"
"gold::AnnoCTR::bosch_5::T1190","report::AnnoCTR::bosch_5","","","","T1190","validated","labeled_benchmark","False","True","initial_benchmark","v2_annoctr","True"
"gold::AnnoCTR::bosch_5::T1195","report::AnnoCTR::bosch_5","","","","T1195","validated","labeled_benchmark","False","True","initial_benchmark","v2_annoctr","True"
"gold::AnnoCTR::bosch_5::T1486","report::AnnoCTR::bosch_5","","","","T1486","validated","labeled_benchmark","False","True","initial_benchmark","v2_annoctr","True"
"gold::AnnoCTR::bosch_5::T1566","report::AnnoCTR::bosch_5","","","","T1566","validated","labeled_benchmark","False","True","initial_benchmark","v2_annoctr","True"
"gold::AnnoCTR::bosch_6::T1021","report::AnnoCTR::bosch_6","","","","T1021","validated","labeled_benchmark","False","True","initial_benchmark","v2_annoctr","True"
"gold::AnnoCTR::bosch_6::T1190","report::AnnoCTR::bosch_6","","","","T1190","validated","labeled_benchmark","False","True","initial_benchmark","v2_annoctr","True"
"gold::AnnoCTR::bosch_6::T1486","report::AnnoCTR::bosch_6","","","","T1486","validated","labeled_benchmark","False","True","initial_benchmark","v2_annoctr","True"
"gold::AnnoCTR::bosch_7::T1001","report::AnnoCTR::bosch_7","","","","T1001","validated","labeled_benchmark","False","True","initial_benchmark","v2_annoctr","True"
"gold::AnnoCTR::bosch_7::T1027","report::AnnoCTR::bosch_7","","","","T1027","validated","labeled_benchmark","False","True","initial_benchmark","v2_annoctr","True"
"gold::AnnoCTR::bosch_7::T1041","report::AnnoCTR::bosch_7","","","","T1041","validated","labeled_benchmark","False","True","initial_benchmark","v2_annoctr","True"
"gold::AnnoCTR::bosch_7::T1055","report::AnnoCTR::bosch_7","","","","T1055","validated","labeled_benchmark","False","True","initial_benchmark","v2_annoctr","True"
"gold::AnnoCTR::bosch_7::T1057","report::AnnoCTR::bosch_7","","","","T1057","validated","labeled_benchmark","False","True","initial_benchmark","v2_annoctr","True"
"gold::AnnoCTR::bosch_7::T1059","report::AnnoCTR::bosch_7","","","","T1059","validated","labeled_benchmark","False","True","initial_benchmark","v2_annoctr","True"
"gold::AnnoCTR::bosch_7::T1110","report::AnnoCTR::bosch_7","","","","T1110","validated","labeled_benchmark","False","True","initial_benchmark","v2_annoctr","True"
"gold::AnnoCTR::bosch_7::T1114","report::AnnoCTR::bosch_7","","","","T1114","validated","labeled_benchmark","False","True","initial_benchmark","v2_annoctr","True"
"gold::AnnoCTR::bosch_7::T1189","report::AnnoCTR::bosch_7","","","","T1189","validated","labeled_benchmark","False","True","initial_benchmark","v2_annoctr","True"
"gold::AnnoCTR::bosch_7::T1218","report::AnnoCTR::bosch_7","","","","T1218","validated","labeled_benchmark","False","True","initial_benchmark","v2_annoctr","True"
"gold::AnnoCTR::bosch_7::T1566","report::AnnoCTR::bosch_7","","","","T1566","validated","labeled_benchmark","False","True","initial_benchmark","v2_annoctr","True"
"gold::AnnoCTR::bosch_7::T1573","report::AnnoCTR::bosch_7","","","","T1573","validated","labeled_benchmark","False","True","initial_benchmark","v2_annoctr","True"
"gold::AnnoCTR::bosch_7::T1606","report::AnnoCTR::bosch_7","","","","T1606","validated","labeled_benchmark","False","True","initial_benchmark","v2_annoctr","True"
"gold::AnnoCTR::bosch_8::T1027","report::AnnoCTR::bosch_8","","","","T1027","validated","labeled_benchmark","False","True","initial_benchmark","v2_annoctr","True"
"gold::AnnoCTR::bosch_8::T1041","report::AnnoCTR::bosch_8","","","","T1041","validated","labeled_benchmark","False","True","initial_benchmark","v2_annoctr","True"
"gold::AnnoCTR::bosch_8::T1053","report::AnnoCTR::bosch_8","","","","T1053","validated","labeled_benchmark","False","True","initial_benchmark","v2_annoctr","True"
"gold::AnnoCTR::bosch_8::T1055","report::AnnoCTR::bosch_8","","","","T1055","validated","labeled_benchmark","False","True","initial_benchmark","v2_annoctr","True"
"gold::AnnoCTR::bosch_8::T1059","report::AnnoCTR::bosch_8","","","","T1059","validated","labeled_benchmark","False","True","initial_benchmark","v2_annoctr","True"
"gold::AnnoCTR::bosch_8::T1105","report::AnnoCTR::bosch_8","","","","T1105","validated","labeled_benchmark","False","True","initial_benchmark","v2_annoctr","True"
"gold::AnnoCTR::bosch_8::T1115","report::AnnoCTR::bosch_8","","","","T1115","validated","labeled_benchmark","False","True","initial_benchmark","v2_annoctr","True"
"gold::AnnoCTR::bosch_8::T1140","report::AnnoCTR::bosch_8","","","","T1140","validated","labeled_benchmark","False","True","initial_benchmark","v2_annoctr","True"
"gold::AnnoCTR::bosch_8::T1204","report::AnnoCTR::bosch_8","","","","T1204","validated","labeled_benchmark","False","True","initial_benchmark","v2_annoctr","True"
"gold::AnnoCTR::bosch_8::T1218","report::AnnoCTR::bosch_8","","","","T1218","validated","labeled_benchmark","False","True","initial_benchmark","v2_annoctr","True"
"gold::AnnoCTR::bosch_8::T1497","report::AnnoCTR::bosch_8","","","","T1497","validated","labeled_benchmark","False","True","initial_benchmark","v2_annoctr","True"
"gold::AnnoCTR::bosch_8::T1547","report::AnnoCTR::bosch_8","","","","T1547","validated","labeled_benchmark","False","True","initial_benchmark","v2_annoctr","True"
"gold::AnnoCTR::bosch_8::T1555","report::AnnoCTR::bosch_8","","","","T1555","validated","labeled_benchmark","False","True","initial_benchmark","v2_annoctr","True"
"gold::AnnoCTR::bosch_8::T1562","report::AnnoCTR::bosch_8","","","","T1562","validated","labeled_benchmark","False","True","initial_benchmark","v2_annoctr","True"
"gold::AnnoCTR::bosch_8::T1566","report::AnnoCTR::bosch_8","","","","T1566","validated","labeled_benchmark","False","True","initial_benchmark","v2_annoctr","True"
"gold::AnnoCTR::bosch_8::T1620","report::AnnoCTR::bosch_8","","","","T1620","validated","labeled_benchmark","False","True","initial_benchmark","v2_annoctr","True"
"gold::AnnoCTR::bosch_9::T1027","report::AnnoCTR::bosch_9","","","","T1027","validated","labeled_benchmark","False","True","initial_benchmark","v2_annoctr","True"
"gold::AnnoCTR::bosch_9::T1036","report::AnnoCTR::bosch_9","","","","T1036","validated","labeled_benchmark","False","True","initial_benchmark","v2_annoctr","True"
"gold::AnnoCTR::bosch_9::T1059","report::AnnoCTR::bosch_9","","","","T1059","validated","labeled_benchmark","False","True","initial_benchmark","v2_annoctr","True"
"gold::AnnoCTR::bosch_9::T1071","report::AnnoCTR::bosch_9","","","","T1071","validated","labeled_benchmark","False","True","initial_benchmark","v2_annoctr","True"
"gold::AnnoCTR::bosch_9::T1083","report::AnnoCTR::bosch_9","","","","T1083","validated","labeled_benchmark","False","True","initial_benchmark","v2_annoctr","True"
"gold::AnnoCTR::bosch_9::T1547","report::AnnoCTR::bosch_9","","","","T1547","validated","labeled_benchmark","False","True","initial_benchmark","v2_annoctr","True"
"gold::AnnoCTR::bosch_10::T1027","report::AnnoCTR::bosch_10","","","","T1027","validated","labeled_benchmark","False","True","initial_benchmark","v2_annoctr","True"
"gold::AnnoCTR::bosch_10::T1055","report::AnnoCTR::bosch_10","","","","T1055","validated","labeled_benchmark","False","True","initial_benchmark","v2_annoctr","True"
"gold::AnnoCTR::bosch_10::T1059","report::AnnoCTR::bosch_10","","","","T1059","validated","labeled_benchmark","False","True","initial_benchmark","v2_annoctr","True"
"gold::AnnoCTR::bosch_10::T1105","report::AnnoCTR::bosch_10","","","","T1105","validated","labeled_benchmark","False","True","initial_benchmark","v2_annoctr","True"
"gold::AnnoCTR::bosch_10::T1547","report::AnnoCTR::bosch_10","","","","T1547","validated","labeled_benchmark","False","True","initial_benchmark","v2_annoctr","True"
"gold::AnnoCTR::bosch_10::T1562","report::AnnoCTR::bosch_10","","","","T1562","validated","labeled_benchmark","False","True","initial_benchmark","v2_annoctr","True"
"gold::AnnoCTR::bosch_10::T1566","report::AnnoCTR::bosch_10","","","","T1566","validated","labeled_benchmark","False","True","initial_benchmark","v2_annoctr","True"
"gold::AnnoCTR::bosch_11::T1486","report::AnnoCTR::bosch_11","","","","T1486","validated","labeled_benchmark","False","True","initial_benchmark","v2_annoctr","True"
"gold::AnnoCTR::bosch_12::T1055","report::AnnoCTR::bosch_12","","","","T1055","validated","labeled_benchmark","False","True","initial_benchmark","v2_annoctr","True"
"gold::AnnoCTR::bosch_12::T1071","report::AnnoCTR::bosch_12","","","","T1071","validated","labeled_benchmark","False","True","initial_benchmark","v2_annoctr","True"
"gold::AnnoCTR::bosch_12::T1140","report::AnnoCTR::bosch_12","","","","T1140","validated","labeled_benchmark","False","True","initial_benchmark","v2_annoctr","True"
"gold::AnnoCTR::bosch_12::T1204","report::AnnoCTR::bosch_12","","","","T1204","validated","labeled_benchmark","False","True","initial_benchmark","v2_annoctr","True"
"gold::AnnoCTR::bosch_12::T1574","report::AnnoCTR::bosch_12","","","","T1574","validated","labeled_benchmark","False","True","initial_benchmark","v2_annoctr","True"
"gold::AnnoCTR::bosch_12::T1620","report::AnnoCTR::bosch_12","","","","T1620","validated","labeled_benchmark","False","True","initial_benchmark","v2_annoctr","True"
"gold::AnnoCTR::bosch_13::T1005","report::AnnoCTR::bosch_13","","","","T1005","validated","labeled_benchmark","False","True","initial_benchmark","v2_annoctr","True"
"gold::AnnoCTR::bosch_13::T1033","report::AnnoCTR::bosch_13","","","","T1033","validated","labeled_benchmark","False","True","initial_benchmark","v2_annoctr","True"
"gold::AnnoCTR::bosch_13::T1041","report::AnnoCTR::bosch_13","","","","T1041","validated","labeled_benchmark","False","True","initial_benchmark","v2_annoctr","True"
"gold::AnnoCTR::bosch_13::T1049","report::AnnoCTR::bosch_13","","","","T1049","validated","labeled_benchmark","False","True","initial_benchmark","v2_annoctr","True"
"gold::AnnoCTR::bosch_13::T1059","report::AnnoCTR::bosch_13","","","","T1059","validated","labeled_benchmark","False","True","initial_benchmark","v2_annoctr","True"
"gold::AnnoCTR::bosch_13::T1070","report::AnnoCTR::bosch_13","","","","T1070","validated","labeled_benchmark","False","True","initial_benchmark","v2_annoctr","True"
"gold::AnnoCTR::bosch_13::T1082","report::AnnoCTR::bosch_13","","","","T1082","validated","labeled_benchmark","False","True","initial_benchmark","v2_annoctr","True"
"gold::AnnoCTR::bosch_13::T1083","report::AnnoCTR::bosch_13","","","","T1083","validated","labeled_benchmark","False","True","initial_benchmark","v2_annoctr","True"
"gold::AnnoCTR::bosch_13::T1105","report::AnnoCTR::bosch_13","","","","T1105","validated","labeled_benchmark","False","True","initial_benchmark","v2_annoctr","True"
"gold::AnnoCTR::bosch_13::T1574","report::AnnoCTR::bosch_13","","","","T1574","validated","labeled_benchmark","False","True","initial_benchmark","v2_annoctr","True"
"gold::AnnoCTR::bosch_14::T1005","report::AnnoCTR::bosch_14","","","","T1005","validated","labeled_benchmark","False","True","initial_benchmark","v2_annoctr","True"
"gold::AnnoCTR::bosch_14::T1041","report::AnnoCTR::bosch_14","","","","T1041","validated","labeled_benchmark","False","True","initial_benchmark","v2_annoctr","True"
"gold::AnnoCTR::bosch_14::T1055","report::AnnoCTR::bosch_14","","","","T1055","validated","labeled_benchmark","False","True","initial_benchmark","v2_annoctr","True"
"gold::AnnoCTR::bosch_14::T1057","report::AnnoCTR::bosch_14","","","","T1057","validated","labeled_benchmark","False","True","initial_benchmark","v2_annoctr","True"
"gold::AnnoCTR::bosch_14::T1059","report::AnnoCTR::bosch_14","","","","T1059","validated","labeled_benchmark","False","True","initial_benchmark","v2_annoctr","True"
"gold::AnnoCTR::bosch_14::T1071","report::AnnoCTR::bosch_14","","","","T1071","validated","labeled_benchmark","False","True","initial_benchmark","v2_annoctr","True"
"gold::AnnoCTR::bosch_14::T1105","report::AnnoCTR::bosch_14","","","","T1105","validated","labeled_benchmark","False","True","initial_benchmark","v2_annoctr","True"
"gold::AnnoCTR::bosch_14::T1204","report::AnnoCTR::bosch_14","","","","T1204","validated","labeled_benchmark","False","True","initial_benchmark","v2_annoctr","True"
"gold::AnnoCTR::bosch_14::T1497","report::AnnoCTR::bosch_14","","","","T1497","validated","labeled_benchmark","False","True","initial_benchmark","v2_annoctr","True"
"gold::AnnoCTR::bosch_14::T1547","report::AnnoCTR::bosch_14","","","","T1547","validated","labeled_benchmark","False","True","initial_benchmark","v2_annoctr","True"
"gold::AnnoCTR::bosch_14::T1566","report::AnnoCTR::bosch_14","","","","T1566","validated","labeled_benchmark","False","True","initial_benchmark","v2_annoctr","True"
"gold::AnnoCTR::bosch_14::T1568","report::AnnoCTR::bosch_14","","","","T1568","validated","labeled_benchmark","False","True","initial_benchmark","v2_annoctr","True"
"gold::AnnoCTR::bosch_15::T1105","report::AnnoCTR::bosch_15","","","","T1105","validated","labeled_benchmark","False","True","initial_benchmark","v2_annoctr","True"
"gold::AnnoCTR::bosch_15::T1204","report::AnnoCTR::bosch_15","","","","T1204","validated","labeled_benchmark","False","True","initial_benchmark","v2_annoctr","True"
"gold::AnnoCTR::bosch_15::T1486","report::AnnoCTR::bosch_15","","","","T1486","validated","labeled_benchmark","False","True","initial_benchmark","v2_annoctr","True"
"gold::AnnoCTR::bosch_15::T1566","report::AnnoCTR::bosch_15","","","","T1566","validated","labeled_benchmark","False","True","initial_benchmark","v2_annoctr","True"
"gold::AnnoCTR::bosch_17::T1056","report::AnnoCTR::bosch_17","","","","T1056","validated","labeled_benchmark","False","True","initial_benchmark","v2_annoctr","True"
"gold::AnnoCTR::bosch_17::T1204","report::AnnoCTR::bosch_17","","","","T1204","validated","labeled_benchmark","False","True","initial_benchmark","v2_annoctr","True"
"gold::AnnoCTR::bosch_17::T1566","report::AnnoCTR::bosch_17","","","","T1566","validated","labeled_benchmark","False","True","initial_benchmark","v2_annoctr","True"
"gold::AnnoCTR::bosch_17::T1583","report::AnnoCTR::bosch_17","","","","T1583","validated","labeled_benchmark","False","True","initial_benchmark","v2_annoctr","True"
"gold::AnnoCTR::bosch_17::T1586","report::AnnoCTR::bosch_17","","","","T1586","validated","labeled_benchmark","False","True","initial_benchmark","v2_annoctr","True"
"gold::AnnoCTR::bosch_17::T1614","report::AnnoCTR::bosch_17","","","","T1614","validated","labeled_benchmark","False","True","initial_benchmark","v2_annoctr","True"
"gold::AnnoCTR::bosch_18::T1056","report::AnnoCTR::bosch_18","","","","T1056","validated","labeled_benchmark","False","True","initial_benchmark","v2_annoctr","True"
"gold::AnnoCTR::bosch_18::T1566","report::AnnoCTR::bosch_18","","","","T1566","validated","labeled_benchmark","False","True","initial_benchmark","v2_annoctr","True"
"gold::AnnoCTR::bosch_18::T1583","report::AnnoCTR::bosch_18","","","","T1583","validated","labeled_benchmark","False","True","initial_benchmark","v2_annoctr","True"
"gold::AnnoCTR::bosch_18::T1586","report::AnnoCTR::bosch_18","","","","T1586","validated","labeled_benchmark","False","True","initial_benchmark","v2_annoctr","True"
"gold::AnnoCTR::bosch_19::T1059","report::AnnoCTR::bosch_19","","","","T1059","validated","labeled_benchmark","False","True","initial_benchmark","v2_annoctr","True"
"gold::AnnoCTR::bosch_19::T1102","report::AnnoCTR::bosch_19","","","","T1102","validated","labeled_benchmark","False","True","initial_benchmark","v2_annoctr","True"
"gold::AnnoCTR::bosch_19::T1105","report::AnnoCTR::bosch_19","","","","T1105","validated","labeled_benchmark","False","True","initial_benchmark","v2_annoctr","True"
"gold::AnnoCTR::bosch_19::T1204","report::AnnoCTR::bosch_19","","","","T1204","validated","labeled_benchmark","False","True","initial_benchmark","v2_annoctr","True"
"gold::AnnoCTR::bosch_19::T1486","report::AnnoCTR::bosch_19","","","","T1486","validated","labeled_benchmark","False","True","initial_benchmark","v2_annoctr","True"
"gold::AnnoCTR::bosch_19::T1566","report::AnnoCTR::bosch_19","","","","T1566","validated","labeled_benchmark","False","True","initial_benchmark","v2_annoctr","True"
"gold::AnnoCTR::bosch_20::T1005","report::AnnoCTR::bosch_20","","","","T1005","validated","labeled_benchmark","False","True","initial_benchmark","v2_annoctr","True"
"gold::AnnoCTR::bosch_20::T1055","report::AnnoCTR::bosch_20","","","","T1055","validated","labeled_benchmark","False","True","initial_benchmark","v2_annoctr","True"
"gold::AnnoCTR::bosch_20::T1059","report::AnnoCTR::bosch_20","","","","T1059","validated","labeled_benchmark","False","True","initial_benchmark","v2_annoctr","True"
"gold::AnnoCTR::bosch_20::T1071","report::AnnoCTR::bosch_20","","","","T1071","validated","labeled_benchmark","False","True","initial_benchmark","v2_annoctr","True"
"gold::AnnoCTR::bosch_20::T1105","report::AnnoCTR::bosch_20","","","","T1105","validated","labeled_benchmark","False","True","initial_benchmark","v2_annoctr","True"
"gold::AnnoCTR::bosch_20::T1189","report::AnnoCTR::bosch_20","","","","T1189","validated","labeled_benchmark","False","True","initial_benchmark","v2_annoctr","True"
"gold::AnnoCTR::bosch_20::T1486","report::AnnoCTR::bosch_20","","","","T1486","validated","labeled_benchmark","False","True","initial_benchmark","v2_annoctr","True"
"gold::AnnoCTR::bosch_20::T1547","report::AnnoCTR::bosch_20","","","","T1547","validated","labeled_benchmark","False","True","initial_benchmark","v2_annoctr","True"
"gold::AnnoCTR::bosch_20::T1566","report::AnnoCTR::bosch_20","","","","T1566","validated","labeled_benchmark","False","True","initial_benchmark","v2_annoctr","True"
"gold::AnnoCTR::bosch_21::T1078","report::AnnoCTR::bosch_21","","","","T1078","validated","labeled_benchmark","False","True","initial_benchmark","v2_annoctr","True"
"gold::AnnoCTR::bosch_21::T1528","report::AnnoCTR::bosch_21","","","","T1528","validated","labeled_benchmark","False","True","initial_benchmark","v2_annoctr","True"
"gold::AnnoCTR::bosch_21::T1557","report::AnnoCTR::bosch_21","","","","T1557","validated","labeled_benchmark","False","True","initial_benchmark","v2_annoctr","True"
"gold::AnnoCTR::bosch_21::T1566","report::AnnoCTR::bosch_21","","","","T1566","validated","labeled_benchmark","False","True","initial_benchmark","v2_annoctr","True"
"gold::AnnoCTR::bosch_22::T1005","report::AnnoCTR::bosch_22","","","","T1005","validated","labeled_benchmark","False","True","initial_benchmark","v2_annoctr","True"
"gold::AnnoCTR::bosch_22::T1027","report::AnnoCTR::bosch_22","","","","T1027","validated","labeled_benchmark","False","True","initial_benchmark","v2_annoctr","True"
"gold::AnnoCTR::bosch_22::T1078","report::AnnoCTR::bosch_22","","","","T1078","validated","labeled_benchmark","False","True","initial_benchmark","v2_annoctr","True"
"gold::AnnoCTR::bosch_22::T1098","report::AnnoCTR::bosch_22","","","","T1098","validated","labeled_benchmark","False","True","initial_benchmark","v2_annoctr","True"
"gold::AnnoCTR::bosch_22::T1539","report::AnnoCTR::bosch_22","","","","T1539","validated","labeled_benchmark","False","True","initial_benchmark","v2_annoctr","True"
"gold::AnnoCTR::bosch_22::T1555","report::AnnoCTR::bosch_22","","","","T1555","validated","labeled_benchmark","False","True","initial_benchmark","v2_annoctr","True"
"gold::AnnoCTR::bosch_22::T1557","report::AnnoCTR::bosch_22","","","","T1557","validated","labeled_benchmark","False","True","initial_benchmark","v2_annoctr","True"
"gold::AnnoCTR::bosch_22::T1566","report::AnnoCTR::bosch_22","","","","T1566","validated","labeled_benchmark","False","True","initial_benchmark","v2_annoctr","True"
"gold::AnnoCTR::bosch_23::T1001","report::AnnoCTR::bosch_23","","","","T1001","validated","labeled_benchmark","False","True","initial_benchmark","v2_annoctr","True"
"gold::AnnoCTR::bosch_23::T1041","report::AnnoCTR::bosch_23","","","","T1041","validated","labeled_benchmark","False","True","initial_benchmark","v2_annoctr","True"
"gold::AnnoCTR::bosch_23::T1557","report::AnnoCTR::bosch_23","","","","T1557","validated","labeled_benchmark","False","True","initial_benchmark","v2_annoctr","True"
"gold::AnnoCTR::bosch_24::T1190","report::AnnoCTR::bosch_24","","","","T1190","validated","labeled_benchmark","False","True","initial_benchmark","v2_annoctr","True"
"gold::AnnoCTR::bosch_24::T1195","report::AnnoCTR::bosch_24","","","","T1195","validated","labeled_benchmark","False","True","initial_benchmark","v2_annoctr","True"
"gold::AnnoCTR::bosch_25::T1134","report::AnnoCTR::bosch_25","","","","T1134","validated","labeled_benchmark","False","True","initial_benchmark","v2_annoctr","True"
"gold::AnnoCTR::bosch_25::T1189","report::AnnoCTR::bosch_25","","","","T1189","validated","labeled_benchmark","False","True","initial_benchmark","v2_annoctr","True"
"gold::AnnoCTR::bosch_25::T1539","report::AnnoCTR::bosch_25","","","","T1539","validated","labeled_benchmark","False","True","initial_benchmark","v2_annoctr","True"
"gold::AnnoCTR::bosch_25::T1589","report::AnnoCTR::bosch_25","","","","T1589","validated","labeled_benchmark","False","True","initial_benchmark","v2_annoctr","True"
"gold::AnnoCTR::bosch_25::T1606","report::AnnoCTR::bosch_25","","","","T1606","validated","labeled_benchmark","False","True","initial_benchmark","v2_annoctr","True"
"gold::AnnoCTR::bosch_26::T1016","report::AnnoCTR::bosch_26","","","","T1016","validated","labeled_benchmark","False","True","initial_benchmark","v2_annoctr","True"
"gold::AnnoCTR::bosch_26::T1027","report::AnnoCTR::bosch_26","","","","T1027","validated","labeled_benchmark","False","True","initial_benchmark","v2_annoctr","True"
"gold::AnnoCTR::bosch_26::T1033","report::AnnoCTR::bosch_26","","","","T1033","validated","labeled_benchmark","False","True","initial_benchmark","v2_annoctr","True"
"gold::AnnoCTR::bosch_26::T1047","report::AnnoCTR::bosch_26","","","","T1047","validated","labeled_benchmark","False","True","initial_benchmark","v2_annoctr","True"
"gold::AnnoCTR::bosch_26::T1048","report::AnnoCTR::bosch_26","","","","T1048","validated","labeled_benchmark","False","True","initial_benchmark","v2_annoctr","True"
"gold::AnnoCTR::bosch_26::T1053","report::AnnoCTR::bosch_26","","","","T1053","validated","labeled_benchmark","False","True","initial_benchmark","v2_annoctr","True"
"gold::AnnoCTR::bosch_26::T1055","report::AnnoCTR::bosch_26","","","","T1055","validated","labeled_benchmark","False","True","initial_benchmark","v2_annoctr","True"
"gold::AnnoCTR::bosch_26::T1056","report::AnnoCTR::bosch_26","","","","T1056","validated","labeled_benchmark","False","True","initial_benchmark","v2_annoctr","True"
"gold::AnnoCTR::bosch_26::T1057","report::AnnoCTR::bosch_26","","","","T1057","validated","labeled_benchmark","False","True","initial_benchmark","v2_annoctr","True"
"gold::AnnoCTR::bosch_26::T1059","report::AnnoCTR::bosch_26","","","","T1059","validated","labeled_benchmark","False","True","initial_benchmark","v2_annoctr","True"
"gold::AnnoCTR::bosch_26::T1071","report::AnnoCTR::bosch_26","","","","T1071","validated","labeled_benchmark","False","True","initial_benchmark","v2_annoctr","True"
"gold::AnnoCTR::bosch_26::T1082","report::AnnoCTR::bosch_26","","","","T1082","validated","labeled_benchmark","False","True","initial_benchmark","v2_annoctr","True"
"gold::AnnoCTR::bosch_26::T1087","report::AnnoCTR::bosch_26","","","","T1087","validated","labeled_benchmark","False","True","initial_benchmark","v2_annoctr","True"
"gold::AnnoCTR::bosch_26::T1105","report::AnnoCTR::bosch_26","","","","T1105","validated","labeled_benchmark","False","True","initial_benchmark","v2_annoctr","True"
"gold::AnnoCTR::bosch_26::T1112","report::AnnoCTR::bosch_26","","","","T1112","validated","labeled_benchmark","False","True","initial_benchmark","v2_annoctr","True"
"gold::AnnoCTR::bosch_26::T1113","report::AnnoCTR::bosch_26","","","","T1113","validated","labeled_benchmark","False","True","initial_benchmark","v2_annoctr","True"
"gold::AnnoCTR::bosch_26::T1115","report::AnnoCTR::bosch_26","","","","T1115","validated","labeled_benchmark","False","True","initial_benchmark","v2_annoctr","True"
"gold::AnnoCTR::bosch_26::T1124","report::AnnoCTR::bosch_26","","","","T1124","validated","labeled_benchmark","False","True","initial_benchmark","v2_annoctr","True"
"gold::AnnoCTR::bosch_26::T1125","report::AnnoCTR::bosch_26","","","","T1125","validated","labeled_benchmark","False","True","initial_benchmark","v2_annoctr","True"
"gold::AnnoCTR::bosch_26::T1140","report::AnnoCTR::bosch_26","","","","T1140","validated","labeled_benchmark","False","True","initial_benchmark","v2_annoctr","True"
"gold::AnnoCTR::bosch_26::T1185","report::AnnoCTR::bosch_26","","","","T1185","validated","labeled_benchmark","False","True","initial_benchmark","v2_annoctr","True"
"gold::AnnoCTR::bosch_26::T1203","report::AnnoCTR::bosch_26","","","","T1203","validated","labeled_benchmark","False","True","initial_benchmark","v2_annoctr","True"
"gold::AnnoCTR::bosch_26::T1204","report::AnnoCTR::bosch_26","","","","T1204","validated","labeled_benchmark","False","True","initial_benchmark","v2_annoctr","True"
"gold::AnnoCTR::bosch_26::T1218","report::AnnoCTR::bosch_26","","","","T1218","validated","labeled_benchmark","False","True","initial_benchmark","v2_annoctr","True"
"gold::AnnoCTR::bosch_26::T1486","report::AnnoCTR::bosch_26","","","","T1486","validated","labeled_benchmark","False","True","initial_benchmark","v2_annoctr","True"
"gold::AnnoCTR::bosch_26::T1497","report::AnnoCTR::bosch_26","","","","T1497","validated","labeled_benchmark","False","True","initial_benchmark","v2_annoctr","True"
"gold::AnnoCTR::bosch_26::T1547","report::AnnoCTR::bosch_26","","","","T1547","validated","labeled_benchmark","False","True","initial_benchmark","v2_annoctr","True"
"gold::AnnoCTR::bosch_26::T1552","report::AnnoCTR::bosch_26","","","","T1552","validated","labeled_benchmark","False","True","initial_benchmark","v2_annoctr","True"
"gold::AnnoCTR::bosch_26::T1555","report::AnnoCTR::bosch_26","","","","T1555","validated","labeled_benchmark","False","True","initial_benchmark","v2_annoctr","True"
"gold::AnnoCTR::bosch_26::T1560","report::AnnoCTR::bosch_26","","","","T1560","validated","labeled_benchmark","False","True","initial_benchmark","v2_annoctr","True"
"gold::AnnoCTR::bosch_26::T1562","report::AnnoCTR::bosch_26","","","","T1562","validated","labeled_benchmark","False","True","initial_benchmark","v2_annoctr","True"
"gold::AnnoCTR::bosch_26::T1564","report::AnnoCTR::bosch_26","","","","T1564","validated","labeled_benchmark","False","True","initial_benchmark","v2_annoctr","True"
"gold::AnnoCTR::bosch_26::T1566","report::AnnoCTR::bosch_26","","","","T1566","validated","labeled_benchmark","False","True","initial_benchmark","v2_annoctr","True"
"gold::AnnoCTR::bosch_26::T1606","report::AnnoCTR::bosch_26","","","","T1606","validated","labeled_benchmark","False","True","initial_benchmark","v2_annoctr","True"
"gold::AnnoCTR::bosch_26::T1608","report::AnnoCTR::bosch_26","","","","T1608","validated","labeled_benchmark","False","True","initial_benchmark","v2_annoctr","True"
"gold::AnnoCTR::bosch_27::T1027","report::AnnoCTR::bosch_27","","","","T1027","validated","labeled_benchmark","False","True","initial_benchmark","v2_annoctr","True"
"gold::AnnoCTR::bosch_27::T1036","report::AnnoCTR::bosch_27","","","","T1036","validated","labeled_benchmark","False","True","initial_benchmark","v2_annoctr","True"
"gold::AnnoCTR::bosch_27::T1059","report::AnnoCTR::bosch_27","","","","T1059","validated","labeled_benchmark","False","True","initial_benchmark","v2_annoctr","True"
"gold::AnnoCTR::bosch_27::T1071","report::AnnoCTR::bosch_27","","","","T1071","validated","labeled_benchmark","False","True","initial_benchmark","v2_annoctr","True"
"gold::AnnoCTR::bosch_27::T1083","report::AnnoCTR::bosch_27","","","","T1083","validated","labeled_benchmark","False","True","initial_benchmark","v2_annoctr","True"
"gold::AnnoCTR::bosch_27::T1137","report::AnnoCTR::bosch_27","","","","T1137","validated","labeled_benchmark","False","True","initial_benchmark","v2_annoctr","True"
"gold::AnnoCTR::bosch_27::T1140","report::AnnoCTR::bosch_27","","","","T1140","validated","labeled_benchmark","False","True","initial_benchmark","v2_annoctr","True"
"gold::AnnoCTR::bosch_27::T1204","report::AnnoCTR::bosch_27","","","","T1204","validated","labeled_benchmark","False","True","initial_benchmark","v2_annoctr","True"
"gold::AnnoCTR::bosch_27::T1566","report::AnnoCTR::bosch_27","","","","T1566","validated","labeled_benchmark","False","True","initial_benchmark","v2_annoctr","True"
"gold::AnnoCTR::bosch_27::T1589","report::AnnoCTR::bosch_27","","","","T1589","validated","labeled_benchmark","False","True","initial_benchmark","v2_annoctr","True"
"gold::AnnoCTR::bosch_28::T1001","report::AnnoCTR::bosch_28","","","","T1001","validated","labeled_benchmark","False","True","initial_benchmark","v2_annoctr","True"
"gold::AnnoCTR::bosch_28::T1027","report::AnnoCTR::bosch_28","","","","T1027","validated","labeled_benchmark","False","True","initial_benchmark","v2_annoctr","True"
"gold::AnnoCTR::bosch_28::T1041","report::AnnoCTR::bosch_28","","","","T1041","validated","labeled_benchmark","False","True","initial_benchmark","v2_annoctr","True"
"gold::AnnoCTR::bosch_28::T1055","report::AnnoCTR::bosch_28","","","","T1055","validated","labeled_benchmark","False","True","initial_benchmark","v2_annoctr","True"
"gold::AnnoCTR::bosch_28::T1059","report::AnnoCTR::bosch_28","","","","T1059","validated","labeled_benchmark","False","True","initial_benchmark","v2_annoctr","True"
"gold::AnnoCTR::bosch_28::T1071","report::AnnoCTR::bosch_28","","","","T1071","validated","labeled_benchmark","False","True","initial_benchmark","v2_annoctr","True"
"gold::AnnoCTR::bosch_28::T1105","report::AnnoCTR::bosch_28","","","","T1105","validated","labeled_benchmark","False","True","initial_benchmark","v2_annoctr","True"
"gold::AnnoCTR::bosch_28::T1106","report::AnnoCTR::bosch_28","","","","T1106","validated","labeled_benchmark","False","True","initial_benchmark","v2_annoctr","True"
"gold::AnnoCTR::bosch_28::T1132","report::AnnoCTR::bosch_28","","","","T1132","validated","labeled_benchmark","False","True","initial_benchmark","v2_annoctr","True"
"gold::AnnoCTR::bosch_28::T1137","report::AnnoCTR::bosch_28","","","","T1137","validated","labeled_benchmark","False","True","initial_benchmark","v2_annoctr","True"
"gold::AnnoCTR::bosch_28::T1140","report::AnnoCTR::bosch_28","","","","T1140","validated","labeled_benchmark","False","True","initial_benchmark","v2_annoctr","True"
"gold::AnnoCTR::bosch_28::T1204","report::AnnoCTR::bosch_28","","","","T1204","validated","labeled_benchmark","False","True","initial_benchmark","v2_annoctr","True"
"gold::AnnoCTR::bosch_28::T1218","report::AnnoCTR::bosch_28","","","","T1218","validated","labeled_benchmark","False","True","initial_benchmark","v2_annoctr","True"
"gold::AnnoCTR::bosch_28::T1437","report::AnnoCTR::bosch_28","","","","T1437","validated","labeled_benchmark","False","True","initial_benchmark","v2_annoctr","True"
"gold::AnnoCTR::bosch_28::T1566","report::AnnoCTR::bosch_28","","","","T1566","validated","labeled_benchmark","False","True","initial_benchmark","v2_annoctr","True"
"gold::AnnoCTR::bosch_28::T1592","report::AnnoCTR::bosch_28","","","","T1592","validated","labeled_benchmark","False","True","initial_benchmark","v2_annoctr","True"
"gold::AnnoCTR::bosch_29::T1027","report::AnnoCTR::bosch_29","","","","T1027","validated","labeled_benchmark","False","True","initial_benchmark","v2_annoctr","True"
"gold::AnnoCTR::bosch_29::T1036","report::AnnoCTR::bosch_29","","","","T1036","validated","labeled_benchmark","False","True","initial_benchmark","v2_annoctr","True"
"gold::AnnoCTR::bosch_29::T1059","report::AnnoCTR::bosch_29","","","","T1059","validated","labeled_benchmark","False","True","initial_benchmark","v2_annoctr","True"
"gold::AnnoCTR::bosch_29::T1082","report::AnnoCTR::bosch_29","","","","T1082","validated","labeled_benchmark","False","True","initial_benchmark","v2_annoctr","True"
"gold::AnnoCTR::bosch_29::T1105","report::AnnoCTR::bosch_29","","","","T1105","validated","labeled_benchmark","False","True","initial_benchmark","v2_annoctr","True"
"gold::AnnoCTR::bosch_29::T1132","report::AnnoCTR::bosch_29","","","","T1132","validated","labeled_benchmark","False","True","initial_benchmark","v2_annoctr","True"
"gold::AnnoCTR::bosch_29::T1140","report::AnnoCTR::bosch_29","","","","T1140","validated","labeled_benchmark","False","True","initial_benchmark","v2_annoctr","True"
"gold::AnnoCTR::bosch_29::T1203","report::AnnoCTR::bosch_29","","","","T1203","validated","labeled_benchmark","False","True","initial_benchmark","v2_annoctr","True"
"gold::AnnoCTR::bosch_29::T1204","report::AnnoCTR::bosch_29","","","","T1204","validated","labeled_benchmark","False","True","initial_benchmark","v2_annoctr","True"
"gold::AnnoCTR::bosch_29::T1496","report::AnnoCTR::bosch_29","","","","T1496","validated","labeled_benchmark","False","True","initial_benchmark","v2_annoctr","True"
"gold::AnnoCTR::bosch_29::T1497","report::AnnoCTR::bosch_29","","","","T1497","validated","labeled_benchmark","False","True","initial_benchmark","v2_annoctr","True"
"gold::AnnoCTR::bosch_29::T1564","report::AnnoCTR::bosch_29","","","","T1564","validated","labeled_benchmark","False","True","initial_benchmark","v2_annoctr","True"
"gold::AnnoCTR::bosch_29::T1566","report::AnnoCTR::bosch_29","","","","T1566","validated","labeled_benchmark","False","True","initial_benchmark","v2_annoctr","True"
"gold::AnnoCTR::bosch_29::T1574","report::AnnoCTR::bosch_29","","","","T1574","validated","labeled_benchmark","False","True","initial_benchmark","v2_annoctr","True"
"gold::AnnoCTR::bosch_29::T1583","report::AnnoCTR::bosch_29","","","","T1583","validated","labeled_benchmark","False","True","initial_benchmark","v2_annoctr","True"
"gold::AnnoCTR::bosch_30::T1027","report::AnnoCTR::bosch_30","","","","T1027","validated","labeled_benchmark","False","True","initial_benchmark","v2_annoctr","True"
"gold::AnnoCTR::bosch_30::T1036","report::AnnoCTR::bosch_30","","","","T1036","validated","labeled_benchmark","False","True","initial_benchmark","v2_annoctr","True"
"gold::AnnoCTR::bosch_30::T1047","report::AnnoCTR::bosch_30","","","","T1047","validated","labeled_benchmark","False","True","initial_benchmark","v2_annoctr","True"
"gold::AnnoCTR::bosch_30::T1059","report::AnnoCTR::bosch_30","","","","T1059","validated","labeled_benchmark","False","True","initial_benchmark","v2_annoctr","True"
"gold::AnnoCTR::bosch_30::T1078","report::AnnoCTR::bosch_30","","","","T1078","validated","labeled_benchmark","False","True","initial_benchmark","v2_annoctr","True"
"gold::AnnoCTR::bosch_30::T1083","report::AnnoCTR::bosch_30","","","","T1083","validated","labeled_benchmark","False","True","initial_benchmark","v2_annoctr","True"
"gold::AnnoCTR::bosch_30::T1190","report::AnnoCTR::bosch_30","","","","T1190","validated","labeled_benchmark","False","True","initial_benchmark","v2_annoctr","True"
"gold::AnnoCTR::bosch_30::T1486","report::AnnoCTR::bosch_30","","","","T1486","validated","labeled_benchmark","False","True","initial_benchmark","v2_annoctr","True"
"gold::AnnoCTR::bosch_30::T1574","report::AnnoCTR::bosch_30","","","","T1574","validated","labeled_benchmark","False","True","initial_benchmark","v2_annoctr","True"
"gold::AnnoCTR::bosch_31::T1003","report::AnnoCTR::bosch_31","","","","T1003","validated","labeled_benchmark","False","True","initial_benchmark","v2_annoctr","True"
"gold::AnnoCTR::bosch_31::T1005","report::AnnoCTR::bosch_31","","","","T1005","validated","labeled_benchmark","False","True","initial_benchmark","v2_annoctr","True"
"gold::AnnoCTR::bosch_31::T1036","report::AnnoCTR::bosch_31","","","","T1036","validated","labeled_benchmark","False","True","initial_benchmark","v2_annoctr","True"
"gold::AnnoCTR::bosch_31::T1041","report::AnnoCTR::bosch_31","","","","T1041","validated","labeled_benchmark","False","True","initial_benchmark","v2_annoctr","True"
"gold::AnnoCTR::bosch_31::T1049","report::AnnoCTR::bosch_31","","","","T1049","validated","labeled_benchmark","False","True","initial_benchmark","v2_annoctr","True"
"gold::AnnoCTR::bosch_31::T1059","report::AnnoCTR::bosch_31","","","","T1059","validated","labeled_benchmark","False","True","initial_benchmark","v2_annoctr","True"
"gold::AnnoCTR::bosch_31::T1070","report::AnnoCTR::bosch_31","","","","T1070","validated","labeled_benchmark","False","True","initial_benchmark","v2_annoctr","True"
"gold::AnnoCTR::bosch_31::T1074","report::AnnoCTR::bosch_31","","","","T1074","validated","labeled_benchmark","False","True","initial_benchmark","v2_annoctr","True"
"gold::AnnoCTR::bosch_31::T1102","report::AnnoCTR::bosch_31","","","","T1102","validated","labeled_benchmark","False","True","initial_benchmark","v2_annoctr","True"
"gold::AnnoCTR::bosch_31::T1114","report::AnnoCTR::bosch_31","","","","T1114","validated","labeled_benchmark","False","True","initial_benchmark","v2_annoctr","True"
"gold::AnnoCTR::bosch_31::T1140","report::AnnoCTR::bosch_31","","","","T1140","validated","labeled_benchmark","False","True","initial_benchmark","v2_annoctr","True"
"gold::AnnoCTR::bosch_31::T1204","report::AnnoCTR::bosch_31","","","","T1204","validated","labeled_benchmark","False","True","initial_benchmark","v2_annoctr","True"
"gold::AnnoCTR::bosch_31::T1539","report::AnnoCTR::bosch_31","","","","T1539","validated","labeled_benchmark","False","True","initial_benchmark","v2_annoctr","True"
"gold::AnnoCTR::bosch_31::T1547","report::AnnoCTR::bosch_31","","","","T1547","validated","labeled_benchmark","False","True","initial_benchmark","v2_annoctr","True"
"gold::AnnoCTR::bosch_31::T1555","report::AnnoCTR::bosch_31","","","","T1555","validated","labeled_benchmark","False","True","initial_benchmark","v2_annoctr","True"
"gold::AnnoCTR::bosch_31::T1560","report::AnnoCTR::bosch_31","","","","T1560","validated","labeled_benchmark","False","True","initial_benchmark","v2_annoctr","True"
"gold::AnnoCTR::bosch_31::T1566","report::AnnoCTR::bosch_31","","","","T1566","validated","labeled_benchmark","False","True","initial_benchmark","v2_annoctr","True"
"gold::AnnoCTR::bosch_31::T1567","report::AnnoCTR::bosch_31","","","","T1567","validated","labeled_benchmark","False","True","initial_benchmark","v2_annoctr","True"
"gold::AnnoCTR::bosch_31::T1592","report::AnnoCTR::bosch_31","","","","T1592","validated","labeled_benchmark","False","True","initial_benchmark","v2_annoctr","True"
"gold::AnnoCTR::bosch_31::T1606","report::AnnoCTR::bosch_31","","","","T1606","validated","labeled_benchmark","False","True","initial_benchmark","v2_annoctr","True"
"gold::AnnoCTR::bosch_32::T1003","report::AnnoCTR::bosch_32","","","","T1003","validated","labeled_benchmark","False","True","initial_benchmark","v2_annoctr","True"
"gold::AnnoCTR::bosch_32::T1041","report::AnnoCTR::bosch_32","","","","T1041","validated","labeled_benchmark","False","True","initial_benchmark","v2_annoctr","True"
"gold::AnnoCTR::bosch_32::T1059","report::AnnoCTR::bosch_32","","","","T1059","validated","labeled_benchmark","False","True","initial_benchmark","v2_annoctr","True"
"gold::AnnoCTR::bosch_32::T1115","report::AnnoCTR::bosch_32","","","","T1115","validated","labeled_benchmark","False","True","initial_benchmark","v2_annoctr","True"
"gold::AnnoCTR::bosch_32::T1195","report::AnnoCTR::bosch_32","","","","T1195","validated","labeled_benchmark","False","True","initial_benchmark","v2_annoctr","True"
"gold::AnnoCTR::bosch_32::T1204","report::AnnoCTR::bosch_32","","","","T1204","validated","labeled_benchmark","False","True","initial_benchmark","v2_annoctr","True"
"gold::AnnoCTR::bosch_32::T1486","report::AnnoCTR::bosch_32","","","","T1486","validated","labeled_benchmark","False","True","initial_benchmark","v2_annoctr","True"
"gold::AnnoCTR::bosch_32::T1496","report::AnnoCTR::bosch_32","","","","T1496","validated","labeled_benchmark","False","True","initial_benchmark","v2_annoctr","True"
"gold::AnnoCTR::bosch_32::T1499","report::AnnoCTR::bosch_32","","","","T1499","validated","labeled_benchmark","False","True","initial_benchmark","v2_annoctr","True"
"gold::AnnoCTR::bosch_32::T1539","report::AnnoCTR::bosch_32","","","","T1539","validated","labeled_benchmark","False","True","initial_benchmark","v2_annoctr","True"
"gold::AnnoCTR::bosch_32::T1555","report::AnnoCTR::bosch_32","","","","T1555","validated","labeled_benchmark","False","True","initial_benchmark","v2_annoctr","True"
"gold::AnnoCTR::bosch_32::T1573","report::AnnoCTR::bosch_32","","","","T1573","validated","labeled_benchmark","False","True","initial_benchmark","v2_annoctr","True"
"gold::AnnoCTR::bosch_32::T1586","report::AnnoCTR::bosch_32","","","","T1586","validated","labeled_benchmark","False","True","initial_benchmark","v2_annoctr","True"
"gold::AnnoCTR::bosch_32::T1589","report::AnnoCTR::bosch_32","","","","T1589","validated","labeled_benchmark","False","True","initial_benchmark","v2_annoctr","True"
"gold::AnnoCTR::bosch_32::T1592","report::AnnoCTR::bosch_32","","","","T1592","validated","labeled_benchmark","False","True","initial_benchmark","v2_annoctr","True"
"gold::AnnoCTR::bosch_33::T1012","report::AnnoCTR::bosch_33","","","","T1012","validated","labeled_benchmark","False","True","initial_benchmark","v2_annoctr","True"
"gold::AnnoCTR::bosch_33::T1018","report::AnnoCTR::bosch_33","","","","T1018","validated","labeled_benchmark","False","True","initial_benchmark","v2_annoctr","True"
"gold::AnnoCTR::bosch_33::T1036","report::AnnoCTR::bosch_33","","","","T1036","validated","labeled_benchmark","False","True","initial_benchmark","v2_annoctr","True"
"gold::AnnoCTR::bosch_33::T1055","report::AnnoCTR::bosch_33","","","","T1055","validated","labeled_benchmark","False","True","initial_benchmark","v2_annoctr","True"
"gold::AnnoCTR::bosch_33::T1057","report::AnnoCTR::bosch_33","","","","T1057","validated","labeled_benchmark","False","True","initial_benchmark","v2_annoctr","True"
"gold::AnnoCTR::bosch_33::T1071","report::AnnoCTR::bosch_33","","","","T1071","validated","labeled_benchmark","False","True","initial_benchmark","v2_annoctr","True"
"gold::AnnoCTR::bosch_33::T1082","report::AnnoCTR::bosch_33","","","","T1082","validated","labeled_benchmark","False","True","initial_benchmark","v2_annoctr","True"
"gold::AnnoCTR::bosch_33::T1083","report::AnnoCTR::bosch_33","","","","T1083","validated","labeled_benchmark","False","True","initial_benchmark","v2_annoctr","True"
"gold::AnnoCTR::bosch_33::T1218","report::AnnoCTR::bosch_33","","","","T1218","validated","labeled_benchmark","False","True","initial_benchmark","v2_annoctr","True"
"gold::AnnoCTR::bosch_33::T1486","report::AnnoCTR::bosch_33","","","","T1486","validated","labeled_benchmark","False","True","initial_benchmark","v2_annoctr","True"
"gold::AnnoCTR::bosch_33::T1518","report::AnnoCTR::bosch_33","","","","T1518","validated","labeled_benchmark","False","True","initial_benchmark","v2_annoctr","True"
"gold::AnnoCTR::bosch_33::T1547","report::AnnoCTR::bosch_33","","","","T1547","validated","labeled_benchmark","False","True","initial_benchmark","v2_annoctr","True"
"gold::AnnoCTR::bosch_33::T1562","report::AnnoCTR::bosch_33","","","","T1562","validated","labeled_benchmark","False","True","initial_benchmark","v2_annoctr","True"
"gold::AnnoCTR::bosch_33::T1564","report::AnnoCTR::bosch_33","","","","T1564","validated","labeled_benchmark","False","True","initial_benchmark","v2_annoctr","True"
"gold::AnnoCTR::bosch_33::T1566","report::AnnoCTR::bosch_33","","","","T1566","validated","labeled_benchmark","False","True","initial_benchmark","v2_annoctr","True"
"gold::AnnoCTR::bosch_33::T1573","report::AnnoCTR::bosch_33","","","","T1573","validated","labeled_benchmark","False","True","initial_benchmark","v2_annoctr","True"
"gold::TRAM2::tram2_0::T1003.001","report::TRAM2::tram2_0","","","","T1003.001","validated","labeled_benchmark","False","True","initial_benchmark","v1_tram2","True"
"gold::TRAM2::tram2_0::T1016","report::TRAM2::tram2_0","","","","T1016","validated","labeled_benchmark","False","True","initial_benchmark","v1_tram2","True"
"gold::TRAM2::tram2_0::T1027","report::TRAM2::tram2_0","","","","T1027","validated","labeled_benchmark","False","True","initial_benchmark","v1_tram2","True"
"gold::TRAM2::tram2_0::T1047","report::TRAM2::tram2_0","","","","T1047","validated","labeled_benchmark","False","True","initial_benchmark","v1_tram2","True"
"gold::TRAM2::tram2_0::T1053.005","report::TRAM2::tram2_0","","","","T1053.005","validated","labeled_benchmark","False","True","initial_benchmark","v1_tram2","True"
"gold::TRAM2::tram2_0::T1056.001","report::TRAM2::tram2_0","","","","T1056.001","validated","labeled_benchmark","False","True","initial_benchmark","v1_tram2","True"
"gold::TRAM2::tram2_0::T1057","report::TRAM2::tram2_0","","","","T1057","validated","labeled_benchmark","False","True","initial_benchmark","v1_tram2","True"
"gold::TRAM2::tram2_0::T1059.003","report::TRAM2::tram2_0","","","","T1059.003","validated","labeled_benchmark","False","True","initial_benchmark","v1_tram2","True"
"gold::TRAM2::tram2_0::T1078","report::TRAM2::tram2_0","","","","T1078","validated","labeled_benchmark","False","True","initial_benchmark","v1_tram2","True"
"gold::TRAM2::tram2_0::T1082","report::TRAM2::tram2_0","","","","T1082","validated","labeled_benchmark","False","True","initial_benchmark","v1_tram2","True"
"gold::TRAM2::tram2_0::T1083","report::TRAM2::tram2_0","","","","T1083","validated","labeled_benchmark","False","True","initial_benchmark","v1_tram2","True"
"gold::TRAM2::tram2_0::T1106","report::TRAM2::tram2_0","","","","T1106","validated","labeled_benchmark","False","True","initial_benchmark","v1_tram2","True"
"gold::TRAM2::tram2_0::T1140","report::TRAM2::tram2_0","","","","T1140","validated","labeled_benchmark","False","True","initial_benchmark","v1_tram2","True"
"gold::TRAM2::tram2_0::T1210","report::TRAM2::tram2_0","","","","T1210","validated","labeled_benchmark","False","True","initial_benchmark","v1_tram2","True"
"gold::TRAM2::tram2_0::T1218.011","report::TRAM2::tram2_0","","","","T1218.011","validated","labeled_benchmark","False","True","initial_benchmark","v1_tram2","True"
"gold::TRAM2::tram2_0::T1518.001","report::TRAM2::tram2_0","","","","T1518.001","validated","labeled_benchmark","False","True","initial_benchmark","v1_tram2","True"
"gold::TRAM2::tram2_0::T1570","report::TRAM2::tram2_0","","","","T1570","validated","labeled_benchmark","False","True","initial_benchmark","v1_tram2","True"
"gold::TRAM2::tram2_1::T1005","report::TRAM2::tram2_1","","","","T1005","validated","labeled_benchmark","False","True","initial_benchmark","v1_tram2","True"
"gold::TRAM2::tram2_1::T1027","report::TRAM2::tram2_1","","","","T1027","validated","labeled_benchmark","False","True","initial_benchmark","v1_tram2","True"
"gold::TRAM2::tram2_1::T1053.005","report::TRAM2::tram2_1","","","","T1053.005","validated","labeled_benchmark","False","True","initial_benchmark","v1_tram2","True"
"gold::TRAM2::tram2_1::T1055","report::TRAM2::tram2_1","","","","T1055","validated","labeled_benchmark","False","True","initial_benchmark","v1_tram2","True"
"gold::TRAM2::tram2_1::T1059.003","report::TRAM2::tram2_1","","","","T1059.003","validated","labeled_benchmark","False","True","initial_benchmark","v1_tram2","True"
"gold::TRAM2::tram2_1::T1070.004","report::TRAM2::tram2_1","","","","T1070.004","validated","labeled_benchmark","False","True","initial_benchmark","v1_tram2","True"
"gold::TRAM2::tram2_1::T1071.001","report::TRAM2::tram2_1","","","","T1071.001","validated","labeled_benchmark","False","True","initial_benchmark","v1_tram2","True"
"gold::TRAM2::tram2_1::T1090","report::TRAM2::tram2_1","","","","T1090","validated","labeled_benchmark","False","True","initial_benchmark","v1_tram2","True"
"gold::TRAM2::tram2_1::T1105","report::TRAM2::tram2_1","","","","T1105","validated","labeled_benchmark","False","True","initial_benchmark","v1_tram2","True"
"gold::TRAM2::tram2_1::T1106","report::TRAM2::tram2_1","","","","T1106","validated","labeled_benchmark","False","True","initial_benchmark","v1_tram2","True"
"gold::TRAM2::tram2_1::T1140","report::TRAM2::tram2_1","","","","T1140","validated","labeled_benchmark","False","True","initial_benchmark","v1_tram2","True"
"gold::TRAM2::tram2_1::T1204.002","report::TRAM2::tram2_1","","","","T1204.002","validated","labeled_benchmark","False","True","initial_benchmark","v1_tram2","True"
"gold::TRAM2::tram2_1::T1484.001","report::TRAM2::tram2_1","","","","T1484.001","validated","labeled_benchmark","False","True","initial_benchmark","v1_tram2","True"
"gold::TRAM2::tram2_1::T1574.002","report::TRAM2::tram2_1","","","","T1574.002","validated","labeled_benchmark","False","True","initial_benchmark","v1_tram2","True"
"gold::TRAM2::tram2_2::T1033","report::TRAM2::tram2_2","","","","T1033","validated","labeled_benchmark","False","True","initial_benchmark","v1_tram2","True"
"gold::TRAM2::tram2_2::T1053.005","report::TRAM2::tram2_2","","","","T1053.005","validated","labeled_benchmark","False","True","initial_benchmark","v1_tram2","True"
"gold::TRAM2::tram2_2::T1055","report::TRAM2::tram2_2","","","","T1055","validated","labeled_benchmark","False","True","initial_benchmark","v1_tram2","True"
"gold::TRAM2::tram2_2::T1059.003","report::TRAM2::tram2_2","","","","T1059.003","validated","labeled_benchmark","False","True","initial_benchmark","v1_tram2","True"
"gold::TRAM2::tram2_2::T1071.001","report::TRAM2::tram2_2","","","","T1071.001","validated","labeled_benchmark","False","True","initial_benchmark","v1_tram2","True"
"gold::TRAM2::tram2_2::T1082","report::TRAM2::tram2_2","","","","T1082","validated","labeled_benchmark","False","True","initial_benchmark","v1_tram2","True"
"gold::TRAM2::tram2_2::T1105","report::TRAM2::tram2_2","","","","T1105","validated","labeled_benchmark","False","True","initial_benchmark","v1_tram2","True"
"gold::TRAM2::tram2_2::T1106","report::TRAM2::tram2_2","","","","T1106","validated","labeled_benchmark","False","True","initial_benchmark","v1_tram2","True"
"gold::TRAM2::tram2_2::T1140","report::TRAM2::tram2_2","","","","T1140","validated","labeled_benchmark","False","True","initial_benchmark","v1_tram2","True"
"gold::TRAM2::tram2_2::T1562.001","report::TRAM2::tram2_2","","","","T1562.001","validated","labeled_benchmark","False","True","initial_benchmark","v1_tram2","True"
"gold::TRAM2::tram2_2::T1574.002","report::TRAM2::tram2_2","","","","T1574.002","validated","labeled_benchmark","False","True","initial_benchmark","v1_tram2","True"
"gold::TRAM2::tram2_3::T1027","report::TRAM2::tram2_3","","","","T1027","validated","labeled_benchmark","False","True","initial_benchmark","v1_tram2","True"
"gold::TRAM2::tram2_3::T1053.005","report::TRAM2::tram2_3","","","","T1053.005","validated","labeled_benchmark","False","True","initial_benchmark","v1_tram2","True"
"gold::TRAM2::tram2_3::T1055","report::TRAM2::tram2_3","","","","T1055","validated","labeled_benchmark","False","True","initial_benchmark","v1_tram2","True"
"gold::TRAM2::tram2_3::T1057","report::TRAM2::tram2_3","","","","T1057","validated","labeled_benchmark","False","True","initial_benchmark","v1_tram2","True"
"gold::TRAM2::tram2_3::T1059.003","report::TRAM2::tram2_3","","","","T1059.003","validated","labeled_benchmark","False","True","initial_benchmark","v1_tram2","True"
"gold::TRAM2::tram2_3::T1070.004","report::TRAM2::tram2_3","","","","T1070.004","validated","labeled_benchmark","False","True","initial_benchmark","v1_tram2","True"
"gold::TRAM2::tram2_3::T1106","report::TRAM2::tram2_3","","","","T1106","validated","labeled_benchmark","False","True","initial_benchmark","v1_tram2","True"
"gold::TRAM2::tram2_3::T1140","report::TRAM2::tram2_3","","","","T1140","validated","labeled_benchmark","False","True","initial_benchmark","v1_tram2","True"
"gold::TRAM2::tram2_3::T1484.001","report::TRAM2::tram2_3","","","","T1484.001","validated","labeled_benchmark","False","True","initial_benchmark","v1_tram2","True"
"gold::TRAM2::tram2_3::T1562.001","report::TRAM2::tram2_3","","","","T1562.001","validated","labeled_benchmark","False","True","initial_benchmark","v1_tram2","True"
"gold::TRAM2::tram2_3::T1574.002","report::TRAM2::tram2_3","","","","T1574.002","validated","labeled_benchmark","False","True","initial_benchmark","v1_tram2","True"
"gold::TRAM2::tram2_4::T1055","report::TRAM2::tram2_4","","","","T1055","validated","labeled_benchmark","False","True","initial_benchmark","v1_tram2","True"
"gold::TRAM2::tram2_4::T1106","report::TRAM2::tram2_4","","","","T1106","validated","labeled_benchmark","False","True","initial_benchmark","v1_tram2","True"
"gold::TRAM2::tram2_5::T1003.001","report::TRAM2::tram2_5","","","","T1003.001","validated","labeled_benchmark","False","True","initial_benchmark","v1_tram2","True"
"gold::TRAM2::tram2_5::T1005","report::TRAM2::tram2_5","","","","T1005","validated","labeled_benchmark","False","True","initial_benchmark","v1_tram2","True"
"gold::TRAM2::tram2_5::T1016","report::TRAM2::tram2_5","","","","T1016","validated","labeled_benchmark","False","True","initial_benchmark","v1_tram2","True"
"gold::TRAM2::tram2_5::T1021.001","report::TRAM2::tram2_5","","","","T1021.001","validated","labeled_benchmark","False","True","initial_benchmark","v1_tram2","True"
"gold::TRAM2::tram2_5::T1027","report::TRAM2::tram2_5","","","","T1027","validated","labeled_benchmark","False","True","initial_benchmark","v1_tram2","True"
"gold::TRAM2::tram2_5::T1033","report::TRAM2::tram2_5","","","","T1033","validated","labeled_benchmark","False","True","initial_benchmark","v1_tram2","True"
"gold::TRAM2::tram2_5::T1047","report::TRAM2::tram2_5","","","","T1047","validated","labeled_benchmark","False","True","initial_benchmark","v1_tram2","True"
"gold::TRAM2::tram2_5::T1055","report::TRAM2::tram2_5","","","","T1055","validated","labeled_benchmark","False","True","initial_benchmark","v1_tram2","True"
"gold::TRAM2::tram2_5::T1057","report::TRAM2::tram2_5","","","","T1057","validated","labeled_benchmark","False","True","initial_benchmark","v1_tram2","True"
"gold::TRAM2::tram2_5::T1059.003","report::TRAM2::tram2_5","","","","T1059.003","validated","labeled_benchmark","False","True","initial_benchmark","v1_tram2","True"
"gold::TRAM2::tram2_5::T1070.004","report::TRAM2::tram2_5","","","","T1070.004","validated","labeled_benchmark","False","True","initial_benchmark","v1_tram2","True"
"gold::TRAM2::tram2_5::T1071.001","report::TRAM2::tram2_5","","","","T1071.001","validated","labeled_benchmark","False","True","initial_benchmark","v1_tram2","True"
"gold::TRAM2::tram2_5::T1078","report::TRAM2::tram2_5","","","","T1078","validated","labeled_benchmark","False","True","initial_benchmark","v1_tram2","True"
"gold::TRAM2::tram2_5::T1082","report::TRAM2::tram2_5","","","","T1082","validated","labeled_benchmark","False","True","initial_benchmark","v1_tram2","True"
"gold::TRAM2::tram2_5::T1105","report::TRAM2::tram2_5","","","","T1105","validated","labeled_benchmark","False","True","initial_benchmark","v1_tram2","True"
"gold::TRAM2::tram2_5::T1140","report::TRAM2::tram2_5","","","","T1140","validated","labeled_benchmark","False","True","initial_benchmark","v1_tram2","True"
"gold::TRAM2::tram2_5::T1204.002","report::TRAM2::tram2_5","","","","T1204.002","validated","labeled_benchmark","False","True","initial_benchmark","v1_tram2","True"
"gold::TRAM2::tram2_5::T1218.011","report::TRAM2::tram2_5","","","","T1218.011","validated","labeled_benchmark","False","True","initial_benchmark","v1_tram2","True"
"gold::TRAM2::tram2_5::T1219","report::TRAM2::tram2_5","","","","T1219","validated","labeled_benchmark","False","True","initial_benchmark","v1_tram2","True"
"gold::TRAM2::tram2_5::T1543.003","report::TRAM2::tram2_5","","","","T1543.003","validated","labeled_benchmark","False","True","initial_benchmark","v1_tram2","True"
"gold::TRAM2::tram2_5::T1547.001","report::TRAM2::tram2_5","","","","T1547.001","validated","labeled_benchmark","False","True","initial_benchmark","v1_tram2","True"
"gold::TRAM2::tram2_5::T1566.001","report::TRAM2::tram2_5","","","","T1566.001","validated","labeled_benchmark","False","True","initial_benchmark","v1_tram2","True"
"gold::TRAM2::tram2_5::T1569.002","report::TRAM2::tram2_5","","","","T1569.002","validated","labeled_benchmark","False","True","initial_benchmark","v1_tram2","True"
"gold::TRAM2::tram2_5::T1570","report::TRAM2::tram2_5","","","","T1570","validated","labeled_benchmark","False","True","initial_benchmark","v1_tram2","True"
"gold::TRAM2::tram2_6::T1005","report::TRAM2::tram2_6","","","","T1005","validated","labeled_benchmark","False","True","initial_benchmark","v1_tram2","True"
"gold::TRAM2::tram2_6::T1027","report::TRAM2::tram2_6","","","","T1027","validated","labeled_benchmark","False","True","initial_benchmark","v1_tram2","True"
"gold::TRAM2::tram2_6::T1036.005","report::TRAM2::tram2_6","","","","T1036.005","validated","labeled_benchmark","False","True","initial_benchmark","v1_tram2","True"
"gold::TRAM2::tram2_6::T1041","report::TRAM2::tram2_6","","","","T1041","validated","labeled_benchmark","False","True","initial_benchmark","v1_tram2","True"
"gold::TRAM2::tram2_6::T1071.001","report::TRAM2::tram2_6","","","","T1071.001","validated","labeled_benchmark","False","True","initial_benchmark","v1_tram2","True"
"gold::TRAM2::tram2_6::T1078","report::TRAM2::tram2_6","","","","T1078","validated","labeled_benchmark","False","True","initial_benchmark","v1_tram2","True"
"gold::TRAM2::tram2_6::T1082","report::TRAM2::tram2_6","","","","T1082","validated","labeled_benchmark","False","True","initial_benchmark","v1_tram2","True"
"gold::TRAM2::tram2_6::T1112","report::TRAM2::tram2_6","","","","T1112","validated","labeled_benchmark","False","True","initial_benchmark","v1_tram2","True"
"gold::TRAM2::tram2_6::T1140","report::TRAM2::tram2_6","","","","T1140","validated","labeled_benchmark","False","True","initial_benchmark","v1_tram2","True"
"gold::TRAM2::tram2_6::T1566.001","report::TRAM2::tram2_6","","","","T1566.001","validated","labeled_benchmark","False","True","initial_benchmark","v1_tram2","True"
"gold::TRAM2::tram2_7::T1204.002","report::TRAM2::tram2_7","","","","T1204.002","validated","labeled_benchmark","False","True","initial_benchmark","v1_tram2","True"
"gold::TRAM2::tram2_8::T1027","report::TRAM2::tram2_8","","","","T1027","validated","labeled_benchmark","False","True","initial_benchmark","v1_tram2","True"
"gold::TRAM2::tram2_8::T1055","report::TRAM2::tram2_8","","","","T1055","validated","labeled_benchmark","False","True","initial_benchmark","v1_tram2","True"
"gold::TRAM2::tram2_8::T1057","report::TRAM2::tram2_8","","","","T1057","validated","labeled_benchmark","False","True","initial_benchmark","v1_tram2","True"
"gold::TRAM2::tram2_8::T1059.003","report::TRAM2::tram2_8","","","","T1059.003","validated","labeled_benchmark","False","True","initial_benchmark","v1_tram2","True"
"gold::TRAM2::tram2_8::T1070.004","report::TRAM2::tram2_8","","","","T1070.004","validated","labeled_benchmark","False","True","initial_benchmark","v1_tram2","True"
"gold::TRAM2::tram2_8::T1082","report::TRAM2::tram2_8","","","","T1082","validated","labeled_benchmark","False","True","initial_benchmark","v1_tram2","True"
"gold::TRAM2::tram2_8::T1105","report::TRAM2::tram2_8","","","","T1105","validated","labeled_benchmark","False","True","initial_benchmark","v1_tram2","True"
"gold::TRAM2::tram2_8::T1106","report::TRAM2::tram2_8","","","","T1106","validated","labeled_benchmark","False","True","initial_benchmark","v1_tram2","True"
"gold::TRAM2::tram2_8::T1112","report::TRAM2::tram2_8","","","","T1112","validated","labeled_benchmark","False","True","initial_benchmark","v1_tram2","True"
"gold::TRAM2::tram2_8::T1140","report::TRAM2::tram2_8","","","","T1140","validated","labeled_benchmark","False","True","initial_benchmark","v1_tram2","True"
"gold::TRAM2::tram2_8::T1547.001","report::TRAM2::tram2_8","","","","T1547.001","validated","labeled_benchmark","False","True","initial_benchmark","v1_tram2","True"
"gold::TRAM2::tram2_9::T1110","report::TRAM2::tram2_9","","","","T1110","validated","labeled_benchmark","False","True","initial_benchmark","v1_tram2","True"
"gold::TRAM2::tram2_10::T1003.001","report::TRAM2::tram2_10","","","","T1003.001","validated","labeled_benchmark","False","True","initial_benchmark","v1_tram2","True"
"gold::TRAM2::tram2_10::T1021.001","report::TRAM2::tram2_10","","","","T1021.001","validated","labeled_benchmark","False","True","initial_benchmark","v1_tram2","True"
"gold::TRAM2::tram2_10::T1027","report::TRAM2::tram2_10","","","","T1027","validated","labeled_benchmark","False","True","initial_benchmark","v1_tram2","True"
"gold::TRAM2::tram2_10::T1047","report::TRAM2::tram2_10","","","","T1047","validated","labeled_benchmark","False","True","initial_benchmark","v1_tram2","True"
"gold::TRAM2::tram2_10::T1059.003","report::TRAM2::tram2_10","","","","T1059.003","validated","labeled_benchmark","False","True","initial_benchmark","v1_tram2","True"
"gold::TRAM2::tram2_10::T1078","report::TRAM2::tram2_10","","","","T1078","validated","labeled_benchmark","False","True","initial_benchmark","v1_tram2","True"
"gold::TRAM2::tram2_10::T1105","report::TRAM2::tram2_10","","","","T1105","validated","labeled_benchmark","False","True","initial_benchmark","v1_tram2","True"
"gold::TRAM2::tram2_10::T1106","report::TRAM2::tram2_10","","","","T1106","validated","labeled_benchmark","False","True","initial_benchmark","v1_tram2","True"
"gold::TRAM2::tram2_10::T1110","report::TRAM2::tram2_10","","","","T1110","validated","labeled_benchmark","False","True","initial_benchmark","v1_tram2","True"
"gold::TRAM2::tram2_10::T1112","report::TRAM2::tram2_10","","","","T1112","validated","labeled_benchmark","False","True","initial_benchmark","v1_tram2","True"
"gold::TRAM2::tram2_10::T1190","report::TRAM2::tram2_10","","","","T1190","validated","labeled_benchmark","False","True","initial_benchmark","v1_tram2","True"
"gold::TRAM2::tram2_11::T1027","report::TRAM2::tram2_11","","","","T1027","validated","labeled_benchmark","False","True","initial_benchmark","v1_tram2","True"
"gold::TRAM2::tram2_11::T1055","report::TRAM2::tram2_11","","","","T1055","validated","labeled_benchmark","False","True","initial_benchmark","v1_tram2","True"
"gold::TRAM2::tram2_11::T1056.001","report::TRAM2::tram2_11","","","","T1056.001","validated","labeled_benchmark","False","True","initial_benchmark","v1_tram2","True"
"gold::TRAM2::tram2_11::T1059.003","report::TRAM2::tram2_11","","","","T1059.003","validated","labeled_benchmark","False","True","initial_benchmark","v1_tram2","True"
"gold::TRAM2::tram2_11::T1105","report::TRAM2::tram2_11","","","","T1105","validated","labeled_benchmark","False","True","initial_benchmark","v1_tram2","True"
"gold::TRAM2::tram2_11::T1113","report::TRAM2::tram2_11","","","","T1113","validated","labeled_benchmark","False","True","initial_benchmark","v1_tram2","True"
"gold::TRAM2::tram2_11::T1204.002","report::TRAM2::tram2_11","","","","T1204.002","validated","labeled_benchmark","False","True","initial_benchmark","v1_tram2","True"
"gold::TRAM2::tram2_11::T1547.001","report::TRAM2::tram2_11","","","","T1547.001","validated","labeled_benchmark","False","True","initial_benchmark","v1_tram2","True"
"gold::TRAM2::tram2_11::T1562.001","report::TRAM2::tram2_11","","","","T1562.001","validated","labeled_benchmark","False","True","initial_benchmark","v1_tram2","True"
"gold::TRAM2::tram2_11::T1564.001","report::TRAM2::tram2_11","","","","T1564.001","validated","labeled_benchmark","False","True","initial_benchmark","v1_tram2","True"
"gold::TRAM2::tram2_12::T1003.001","report::TRAM2::tram2_12","","","","T1003.001","validated","labeled_benchmark","False","True","initial_benchmark","v1_tram2","True"
"gold::TRAM2::tram2_12::T1016","report::TRAM2::tram2_12","","","","T1016","validated","labeled_benchmark","False","True","initial_benchmark","v1_tram2","True"
"gold::TRAM2::tram2_12::T1021.001","report::TRAM2::tram2_12","","","","T1021.001","validated","labeled_benchmark","False","True","initial_benchmark","v1_tram2","True"
"gold::TRAM2::tram2_12::T1027","report::TRAM2::tram2_12","","","","T1027","validated","labeled_benchmark","False","True","initial_benchmark","v1_tram2","True"
"gold::TRAM2::tram2_12::T1059.003","report::TRAM2::tram2_12","","","","T1059.003","validated","labeled_benchmark","False","True","initial_benchmark","v1_tram2","True"
"gold::TRAM2::tram2_12::T1070.004","report::TRAM2::tram2_12","","","","T1070.004","validated","labeled_benchmark","False","True","initial_benchmark","v1_tram2","True"
"gold::TRAM2::tram2_12::T1082","report::TRAM2::tram2_12","","","","T1082","validated","labeled_benchmark","False","True","initial_benchmark","v1_tram2","True"
"gold::TRAM2::tram2_12::T1083","report::TRAM2::tram2_12","","","","T1083","validated","labeled_benchmark","False","True","initial_benchmark","v1_tram2","True"
"gold::TRAM2::tram2_12::T1105","report::TRAM2::tram2_12","","","","T1105","validated","labeled_benchmark","False","True","initial_benchmark","v1_tram2","True"
"gold::TRAM2::tram2_12::T1112","report::TRAM2::tram2_12","","","","T1112","validated","labeled_benchmark","False","True","initial_benchmark","v1_tram2","True"
"gold::TRAM2::tram2_12::T1219","report::TRAM2::tram2_12","","","","T1219","validated","labeled_benchmark","False","True","initial_benchmark","v1_tram2","True"
"gold::TRAM2::tram2_12::T1484.001","report::TRAM2::tram2_12","","","","T1484.001","validated","labeled_benchmark","False","True","initial_benchmark","v1_tram2","True"
"gold::TRAM2::tram2_12::T1543.003","report::TRAM2::tram2_12","","","","T1543.003","validated","labeled_benchmark","False","True","initial_benchmark","v1_tram2","True"
"gold::TRAM2::tram2_12::T1562.001","report::TRAM2::tram2_12","","","","T1562.001","validated","labeled_benchmark","False","True","initial_benchmark","v1_tram2","True"
"gold::TRAM2::tram2_12::T1566.001","report::TRAM2::tram2_12","","","","T1566.001","validated","labeled_benchmark","False","True","initial_benchmark","v1_tram2","True"
"gold::TRAM2::tram2_12::T1569.002","report::TRAM2::tram2_12","","","","T1569.002","validated","labeled_benchmark","False","True","initial_benchmark","v1_tram2","True"
"gold::TRAM2::tram2_13::T1036.005","report::TRAM2::tram2_13","","","","T1036.005","validated","labeled_benchmark","False","True","initial_benchmark","v1_tram2","True"
"gold::TRAM2::tram2_13::T1078","report::TRAM2::tram2_13","","","","T1078","validated","labeled_benchmark","False","True","initial_benchmark","v1_tram2","True"
"gold::TRAM2::tram2_13::T1110","report::TRAM2::tram2_13","","","","T1110","validated","labeled_benchmark","False","True","initial_benchmark","v1_tram2","True"
"gold::TRAM2::tram2_13::T1566.001","report::TRAM2::tram2_13","","","","T1566.001","validated","labeled_benchmark","False","True","initial_benchmark","v1_tram2","True"
"gold::TRAM2::tram2_14::T1005","report::TRAM2::tram2_14","","","","T1005","validated","labeled_benchmark","False","True","initial_benchmark","v1_tram2","True"
"gold::TRAM2::tram2_14::T1012","report::TRAM2::tram2_14","","","","T1012","validated","labeled_benchmark","False","True","initial_benchmark","v1_tram2","True"
"gold::TRAM2::tram2_14::T1016","report::TRAM2::tram2_14","","","","T1016","validated","labeled_benchmark","False","True","initial_benchmark","v1_tram2","True"
"gold::TRAM2::tram2_14::T1027","report::TRAM2::tram2_14","","","","T1027","validated","labeled_benchmark","False","True","initial_benchmark","v1_tram2","True"
"gold::TRAM2::tram2_14::T1033","report::TRAM2::tram2_14","","","","T1033","validated","labeled_benchmark","False","True","initial_benchmark","v1_tram2","True"
"gold::TRAM2::tram2_14::T1047","report::TRAM2::tram2_14","","","","T1047","validated","labeled_benchmark","False","True","initial_benchmark","v1_tram2","True"
"gold::TRAM2::tram2_14::T1053.005","report::TRAM2::tram2_14","","","","T1053.005","validated","labeled_benchmark","False","True","initial_benchmark","v1_tram2","True"
"gold::TRAM2::tram2_14::T1055","report::TRAM2::tram2_14","","","","T1055","validated","labeled_benchmark","False","True","initial_benchmark","v1_tram2","True"
"gold::TRAM2::tram2_14::T1059.003","report::TRAM2::tram2_14","","","","T1059.003","validated","labeled_benchmark","False","True","initial_benchmark","v1_tram2","True"
"gold::TRAM2::tram2_14::T1071.001","report::TRAM2::tram2_14","","","","T1071.001","validated","labeled_benchmark","False","True","initial_benchmark","v1_tram2","True"
"gold::TRAM2::tram2_14::T1082","report::TRAM2::tram2_14","","","","T1082","validated","labeled_benchmark","False","True","initial_benchmark","v1_tram2","True"
"gold::TRAM2::tram2_14::T1090","report::TRAM2::tram2_14","","","","T1090","validated","labeled_benchmark","False","True","initial_benchmark","v1_tram2","True"
"gold::TRAM2::tram2_14::T1095","report::TRAM2::tram2_14","","","","T1095","validated","labeled_benchmark","False","True","initial_benchmark","v1_tram2","True"
"gold::TRAM2::tram2_14::T1105","report::TRAM2::tram2_14","","","","T1105","validated","labeled_benchmark","False","True","initial_benchmark","v1_tram2","True"
"gold::TRAM2::tram2_14::T1106","report::TRAM2::tram2_14","","","","T1106","validated","labeled_benchmark","False","True","initial_benchmark","v1_tram2","True"
"gold::TRAM2::tram2_14::T1112","report::TRAM2::tram2_14","","","","T1112","validated","labeled_benchmark","False","True","initial_benchmark","v1_tram2","True"
"gold::TRAM2::tram2_14::T1113","report::TRAM2::tram2_14","","","","T1113","validated","labeled_benchmark","False","True","initial_benchmark","v1_tram2","True"
"gold::TRAM2::tram2_14::T1140","report::TRAM2::tram2_14","","","","T1140","validated","labeled_benchmark","False","True","initial_benchmark","v1_tram2","True"
"gold::TRAM2::tram2_14::T1218.011","report::TRAM2::tram2_14","","","","T1218.011","validated","labeled_benchmark","False","True","initial_benchmark","v1_tram2","True"
"gold::TRAM2::tram2_14::T1219","report::TRAM2::tram2_14","","","","T1219","validated","labeled_benchmark","False","True","initial_benchmark","v1_tram2","True"
"gold::TRAM2::tram2_14::T1518.001","report::TRAM2::tram2_14","","","","T1518.001","validated","labeled_benchmark","False","True","initial_benchmark","v1_tram2","True"
"gold::TRAM2::tram2_14::T1547.001","report::TRAM2::tram2_14","","","","T1547.001","validated","labeled_benchmark","False","True","initial_benchmark","v1_tram2","True"
"gold::TRAM2::tram2_14::T1552.001","report::TRAM2::tram2_14","","","","T1552.001","validated","labeled_benchmark","False","True","initial_benchmark","v1_tram2","True"
"gold::TRAM2::tram2_14::T1562.001","report::TRAM2::tram2_14","","","","T1562.001","validated","labeled_benchmark","False","True","initial_benchmark","v1_tram2","True"
"gold::TRAM2::tram2_14::T1573.001","report::TRAM2::tram2_14","","","","T1573.001","validated","labeled_benchmark","False","True","initial_benchmark","v1_tram2","True"
"gold::TRAM2::tram2_15::T1003.001","report::TRAM2::tram2_15","","","","T1003.001","validated","labeled_benchmark","False","True","initial_benchmark","v1_tram2","True"
"gold::TRAM2::tram2_15::T1021.001","report::TRAM2::tram2_15","","","","T1021.001","validated","labeled_benchmark","False","True","initial_benchmark","v1_tram2","True"
"gold::TRAM2::tram2_15::T1027","report::TRAM2::tram2_15","","","","T1027","validated","labeled_benchmark","False","True","initial_benchmark","v1_tram2","True"
"gold::TRAM2::tram2_15::T1033","report::TRAM2::tram2_15","","","","T1033","validated","labeled_benchmark","False","True","initial_benchmark","v1_tram2","True"
"gold::TRAM2::tram2_15::T1036.005","report::TRAM2::tram2_15","","","","T1036.005","validated","labeled_benchmark","False","True","initial_benchmark","v1_tram2","True"
"gold::TRAM2::tram2_15::T1047","report::TRAM2::tram2_15","","","","T1047","validated","labeled_benchmark","False","True","initial_benchmark","v1_tram2","True"
"gold::TRAM2::tram2_15::T1057","report::TRAM2::tram2_15","","","","T1057","validated","labeled_benchmark","False","True","initial_benchmark","v1_tram2","True"
"gold::TRAM2::tram2_15::T1070.004","report::TRAM2::tram2_15","","","","T1070.004","validated","labeled_benchmark","False","True","initial_benchmark","v1_tram2","True"
"gold::TRAM2::tram2_15::T1071.001","report::TRAM2::tram2_15","","","","T1071.001","validated","labeled_benchmark","False","True","initial_benchmark","v1_tram2","True"
"gold::TRAM2::tram2_15::T1078","report::TRAM2::tram2_15","","","","T1078","validated","labeled_benchmark","False","True","initial_benchmark","v1_tram2","True"
"gold::TRAM2::tram2_15::T1083","report::TRAM2::tram2_15","","","","T1083","validated","labeled_benchmark","False","True","initial_benchmark","v1_tram2","True"
"gold::TRAM2::tram2_15::T1140","report::TRAM2::tram2_15","","","","T1140","validated","labeled_benchmark","False","True","initial_benchmark","v1_tram2","True"
"gold::TRAM2::tram2_15::T1564.001","report::TRAM2::tram2_15","","","","T1564.001","validated","labeled_benchmark","False","True","initial_benchmark","v1_tram2","True"
"gold::TRAM2::tram2_15::T1570","report::TRAM2::tram2_15","","","","T1570","validated","labeled_benchmark","False","True","initial_benchmark","v1_tram2","True"
"gold::TRAM2::tram2_16::T1005","report::TRAM2::tram2_16","","","","T1005","validated","labeled_benchmark","False","True","initial_benchmark","v1_tram2","True"
"gold::TRAM2::tram2_16::T1027","report::TRAM2::tram2_16","","","","T1027","validated","labeled_benchmark","False","True","initial_benchmark","v1_tram2","True"
"gold::TRAM2::tram2_16::T1082","report::TRAM2::tram2_16","","","","T1082","validated","labeled_benchmark","False","True","initial_benchmark","v1_tram2","True"
"gold::TRAM2::tram2_16::T1083","report::TRAM2::tram2_16","","","","T1083","validated","labeled_benchmark","False","True","initial_benchmark","v1_tram2","True"
"gold::TRAM2::tram2_16::T1106","report::TRAM2::tram2_16","","","","T1106","validated","labeled_benchmark","False","True","initial_benchmark","v1_tram2","True"
"gold::TRAM2::tram2_16::T1140","report::TRAM2::tram2_16","","","","T1140","validated","labeled_benchmark","False","True","initial_benchmark","v1_tram2","True"
"gold::TRAM2::tram2_16::T1573.001","report::TRAM2::tram2_16","","","","T1573.001","validated","labeled_benchmark","False","True","initial_benchmark","v1_tram2","True"
"gold::TRAM2::tram2_16::T1574.002","report::TRAM2::tram2_16","","","","T1574.002","validated","labeled_benchmark","False","True","initial_benchmark","v1_tram2","True"
"gold::TRAM2::tram2_17::T1027","report::TRAM2::tram2_17","","","","T1027","validated","labeled_benchmark","False","True","initial_benchmark","v1_tram2","True"
"gold::TRAM2::tram2_17::T1041","report::TRAM2::tram2_17","","","","T1041","validated","labeled_benchmark","False","True","initial_benchmark","v1_tram2","True"
"gold::TRAM2::tram2_17::T1055","report::TRAM2::tram2_17","","","","T1055","validated","labeled_benchmark","False","True","initial_benchmark","v1_tram2","True"
"gold::TRAM2::tram2_17::T1095","report::TRAM2::tram2_17","","","","T1095","validated","labeled_benchmark","False","True","initial_benchmark","v1_tram2","True"
"gold::TRAM2::tram2_17::T1105","report::TRAM2::tram2_17","","","","T1105","validated","labeled_benchmark","False","True","initial_benchmark","v1_tram2","True"
"gold::TRAM2::tram2_17::T1106","report::TRAM2::tram2_17","","","","T1106","validated","labeled_benchmark","False","True","initial_benchmark","v1_tram2","True"
"gold::TRAM2::tram2_17::T1112","report::TRAM2::tram2_17","","","","T1112","validated","labeled_benchmark","False","True","initial_benchmark","v1_tram2","True"
"gold::TRAM2::tram2_17::T1140","report::TRAM2::tram2_17","","","","T1140","validated","labeled_benchmark","False","True","initial_benchmark","v1_tram2","True"
"gold::TRAM2::tram2_17::T1518.001","report::TRAM2::tram2_17","","","","T1518.001","validated","labeled_benchmark","False","True","initial_benchmark","v1_tram2","True"
"gold::TRAM2::tram2_17::T1543.003","report::TRAM2::tram2_17","","","","T1543.003","validated","labeled_benchmark","False","True","initial_benchmark","v1_tram2","True"
"gold::TRAM2::tram2_17::T1574.002","report::TRAM2::tram2_17","","","","T1574.002","validated","labeled_benchmark","False","True","initial_benchmark","v1_tram2","True"
"gold::TRAM2::tram2_18::T1005","report::TRAM2::tram2_18","","","","T1005","validated","labeled_benchmark","False","True","initial_benchmark","v1_tram2","True"
"gold::TRAM2::tram2_18::T1027","report::TRAM2::tram2_18","","","","T1027","validated","labeled_benchmark","False","True","initial_benchmark","v1_tram2","True"
"gold::TRAM2::tram2_18::T1041","report::TRAM2::tram2_18","","","","T1041","validated","labeled_benchmark","False","True","initial_benchmark","v1_tram2","True"
"gold::TRAM2::tram2_18::T1074.001","report::TRAM2::tram2_18","","","","T1074.001","validated","labeled_benchmark","False","True","initial_benchmark","v1_tram2","True"
"gold::TRAM2::tram2_18::T1078","report::TRAM2::tram2_18","","","","T1078","validated","labeled_benchmark","False","True","initial_benchmark","v1_tram2","True"
"gold::TRAM2::tram2_18::T1090","report::TRAM2::tram2_18","","","","T1090","validated","labeled_benchmark","False","True","initial_benchmark","v1_tram2","True"
"gold::TRAM2::tram2_18::T1105","report::TRAM2::tram2_18","","","","T1105","validated","labeled_benchmark","False","True","initial_benchmark","v1_tram2","True"
"gold::TRAM2::tram2_18::T1190","report::TRAM2::tram2_18","","","","T1190","validated","labeled_benchmark","False","True","initial_benchmark","v1_tram2","True"
"gold::TRAM2::tram2_18::T1204.002","report::TRAM2::tram2_18","","","","T1204.002","validated","labeled_benchmark","False","True","initial_benchmark","v1_tram2","True"
"gold::TRAM2::tram2_18::T1566.001","report::TRAM2::tram2_18","","","","T1566.001","validated","labeled_benchmark","False","True","initial_benchmark","v1_tram2","True"
"gold::TRAM2::tram2_19::T1005","report::TRAM2::tram2_19","","","","T1005","validated","labeled_benchmark","False","True","initial_benchmark","v1_tram2","True"
"gold::TRAM2::tram2_19::T1012","report::TRAM2::tram2_19","","","","T1012","validated","labeled_benchmark","False","True","initial_benchmark","v1_tram2","True"
"gold::TRAM2::tram2_19::T1016","report::TRAM2::tram2_19","","","","T1016","validated","labeled_benchmark","False","True","initial_benchmark","v1_tram2","True"
"gold::TRAM2::tram2_19::T1021.001","report::TRAM2::tram2_19","","","","T1021.001","validated","labeled_benchmark","False","True","initial_benchmark","v1_tram2","True"
"gold::TRAM2::tram2_19::T1027","report::TRAM2::tram2_19","","","","T1027","validated","labeled_benchmark","False","True","initial_benchmark","v1_tram2","True"
"gold::TRAM2::tram2_19::T1033","report::TRAM2::tram2_19","","","","T1033","validated","labeled_benchmark","False","True","initial_benchmark","v1_tram2","True"
"gold::TRAM2::tram2_19::T1041","report::TRAM2::tram2_19","","","","T1041","validated","labeled_benchmark","False","True","initial_benchmark","v1_tram2","True"
"gold::TRAM2::tram2_19::T1053.005","report::TRAM2::tram2_19","","","","T1053.005","validated","labeled_benchmark","False","True","initial_benchmark","v1_tram2","True"
"gold::TRAM2::tram2_19::T1055","report::TRAM2::tram2_19","","","","T1055","validated","labeled_benchmark","False","True","initial_benchmark","v1_tram2","True"
"gold::TRAM2::tram2_19::T1056.001","report::TRAM2::tram2_19","","","","T1056.001","validated","labeled_benchmark","False","True","initial_benchmark","v1_tram2","True"
"gold::TRAM2::tram2_19::T1057","report::TRAM2::tram2_19","","","","T1057","validated","labeled_benchmark","False","True","initial_benchmark","v1_tram2","True"
"gold::TRAM2::tram2_19::T1059.003","report::TRAM2::tram2_19","","","","T1059.003","validated","labeled_benchmark","False","True","initial_benchmark","v1_tram2","True"
"gold::TRAM2::tram2_19::T1070.004","report::TRAM2::tram2_19","","","","T1070.004","validated","labeled_benchmark","False","True","initial_benchmark","v1_tram2","True"
"gold::TRAM2::tram2_19::T1082","report::TRAM2::tram2_19","","","","T1082","validated","labeled_benchmark","False","True","initial_benchmark","v1_tram2","True"
"gold::TRAM2::tram2_19::T1083","report::TRAM2::tram2_19","","","","T1083","validated","labeled_benchmark","False","True","initial_benchmark","v1_tram2","True"
"gold::TRAM2::tram2_19::T1090","report::TRAM2::tram2_19","","","","T1090","validated","labeled_benchmark","False","True","initial_benchmark","v1_tram2","True"
"gold::TRAM2::tram2_19::T1095","report::TRAM2::tram2_19","","","","T1095","validated","labeled_benchmark","False","True","initial_benchmark","v1_tram2","True"
"gold::TRAM2::tram2_19::T1105","report::TRAM2::tram2_19","","","","T1105","validated","labeled_benchmark","False","True","initial_benchmark","v1_tram2","True"
"gold::TRAM2::tram2_19::T1106","report::TRAM2::tram2_19","","","","T1106","validated","labeled_benchmark","False","True","initial_benchmark","v1_tram2","True"
"gold::TRAM2::tram2_19::T1112","report::TRAM2::tram2_19","","","","T1112","validated","labeled_benchmark","False","True","initial_benchmark","v1_tram2","True"
"gold::TRAM2::tram2_19::T1113","report::TRAM2::tram2_19","","","","T1113","validated","labeled_benchmark","False","True","initial_benchmark","v1_tram2","True"
"gold::TRAM2::tram2_19::T1140","report::TRAM2::tram2_19","","","","T1140","validated","labeled_benchmark","False","True","initial_benchmark","v1_tram2","True"
"gold::TRAM2::tram2_19::T1204.002","report::TRAM2::tram2_19","","","","T1204.002","validated","labeled_benchmark","False","True","initial_benchmark","v1_tram2","True"
"gold::TRAM2::tram2_19::T1218.011","report::TRAM2::tram2_19","","","","T1218.011","validated","labeled_benchmark","False","True","initial_benchmark","v1_tram2","True"
"gold::TRAM2::tram2_19::T1518.001","report::TRAM2::tram2_19","","","","T1518.001","validated","labeled_benchmark","False","True","initial_benchmark","v1_tram2","True"
"gold::TRAM2::tram2_19::T1547.001","report::TRAM2::tram2_19","","","","T1547.001","validated","labeled_benchmark","False","True","initial_benchmark","v1_tram2","True"
"gold::TRAM2::tram2_19::T1548.002","report::TRAM2::tram2_19","","","","T1548.002","validated","labeled_benchmark","False","True","initial_benchmark","v1_tram2","True"
"gold::TRAM2::tram2_19::T1562.001","report::TRAM2::tram2_19","","","","T1562.001","validated","labeled_benchmark","False","True","initial_benchmark","v1_tram2","True"
"gold::TRAM2::tram2_19::T1566.001","report::TRAM2::tram2_19","","","","T1566.001","validated","labeled_benchmark","False","True","initial_benchmark","v1_tram2","True"
"gold::TRAM2::tram2_19::T1573.001","report::TRAM2::tram2_19","","","","T1573.001","validated","labeled_benchmark","False","True","initial_benchmark","v1_tram2","True"
"gold::TRAM2::tram2_20::T1005","report::TRAM2::tram2_20","","","","T1005","validated","labeled_benchmark","False","True","initial_benchmark","v1_tram2","True"
"gold::TRAM2::tram2_20::T1021.001","report::TRAM2::tram2_20","","","","T1021.001","validated","labeled_benchmark","False","True","initial_benchmark","v1_tram2","True"
"gold::TRAM2::tram2_20::T1070.004","report::TRAM2::tram2_20","","","","T1070.004","validated","labeled_benchmark","False","True","initial_benchmark","v1_tram2","True"
"gold::TRAM2::tram2_20::T1078","report::TRAM2::tram2_20","","","","T1078","validated","labeled_benchmark","False","True","initial_benchmark","v1_tram2","True"
"gold::TRAM2::tram2_20::T1082","report::TRAM2::tram2_20","","","","T1082","validated","labeled_benchmark","False","True","initial_benchmark","v1_tram2","True"
"gold::TRAM2::tram2_20::T1552.001","report::TRAM2::tram2_20","","","","T1552.001","validated","labeled_benchmark","False","True","initial_benchmark","v1_tram2","True"
"gold::TRAM2::tram2_21::T1003.001","report::TRAM2::tram2_21","","","","T1003.001","validated","labeled_benchmark","False","True","initial_benchmark","v1_tram2","True"
"gold::TRAM2::tram2_21::T1053.005","report::TRAM2::tram2_21","","","","T1053.005","validated","labeled_benchmark","False","True","initial_benchmark","v1_tram2","True"
"gold::TRAM2::tram2_21::T1055","report::TRAM2::tram2_21","","","","T1055","validated","labeled_benchmark","False","True","initial_benchmark","v1_tram2","True"
"gold::TRAM2::tram2_21::T1078","report::TRAM2::tram2_21","","","","T1078","validated","labeled_benchmark","False","True","initial_benchmark","v1_tram2","True"
"gold::TRAM2::tram2_21::T1082","report::TRAM2::tram2_21","","","","T1082","validated","labeled_benchmark","False","True","initial_benchmark","v1_tram2","True"
"gold::TRAM2::tram2_21::T1106","report::TRAM2::tram2_21","","","","T1106","validated","labeled_benchmark","False","True","initial_benchmark","v1_tram2","True"
"gold::TRAM2::tram2_21::T1140","report::TRAM2::tram2_21","","","","T1140","validated","labeled_benchmark","False","True","initial_benchmark","v1_tram2","True"
"gold::TRAM2::tram2_21::T1190","report::TRAM2::tram2_21","","","","T1190","validated","labeled_benchmark","False","True","initial_benchmark","v1_tram2","True"
"gold::TRAM2::tram2_22::T1041","report::TRAM2::tram2_22","","","","T1041","validated","labeled_benchmark","False","True","initial_benchmark","v1_tram2","True"
"gold::TRAM2::tram2_22::T1056.001","report::TRAM2::tram2_22","","","","T1056.001","validated","labeled_benchmark","False","True","initial_benchmark","v1_tram2","True"
"gold::TRAM2::tram2_22::T1071.001","report::TRAM2::tram2_22","","","","T1071.001","validated","labeled_benchmark","False","True","initial_benchmark","v1_tram2","True"
"gold::TRAM2::tram2_22::T1078","report::TRAM2::tram2_22","","","","T1078","validated","labeled_benchmark","False","True","initial_benchmark","v1_tram2","True"
"gold::TRAM2::tram2_22::T1105","report::TRAM2::tram2_22","","","","T1105","validated","labeled_benchmark","False","True","initial_benchmark","v1_tram2","True"
"gold::TRAM2::tram2_23::T1005","report::TRAM2::tram2_23","","","","T1005","validated","labeled_benchmark","False","True","initial_benchmark","v1_tram2","True"
"gold::TRAM2::tram2_23::T1027","report::TRAM2::tram2_23","","","","T1027","validated","labeled_benchmark","False","True","initial_benchmark","v1_tram2","True"
"gold::TRAM2::tram2_23::T1036.005","report::TRAM2::tram2_23","","","","T1036.005","validated","labeled_benchmark","False","True","initial_benchmark","v1_tram2","True"
"gold::TRAM2::tram2_23::T1055","report::TRAM2::tram2_23","","","","T1055","validated","labeled_benchmark","False","True","initial_benchmark","v1_tram2","True"
"gold::TRAM2::tram2_23::T1056.001","report::TRAM2::tram2_23","","","","T1056.001","validated","labeled_benchmark","False","True","initial_benchmark","v1_tram2","True"
"gold::TRAM2::tram2_23::T1070.004","report::TRAM2::tram2_23","","","","T1070.004","validated","labeled_benchmark","False","True","initial_benchmark","v1_tram2","True"
"gold::TRAM2::tram2_23::T1082","report::TRAM2::tram2_23","","","","T1082","validated","labeled_benchmark","False","True","initial_benchmark","v1_tram2","True"
"gold::TRAM2::tram2_23::T1105","report::TRAM2::tram2_23","","","","T1105","validated","labeled_benchmark","False","True","initial_benchmark","v1_tram2","True"
"gold::TRAM2::tram2_23::T1113","report::TRAM2::tram2_23","","","","T1113","validated","labeled_benchmark","False","True","initial_benchmark","v1_tram2","True"
"gold::TRAM2::tram2_23::T1140","report::TRAM2::tram2_23","","","","T1140","validated","labeled_benchmark","False","True","initial_benchmark","v1_tram2","True"
"gold::TRAM2::tram2_23::T1552.001","report::TRAM2::tram2_23","","","","T1552.001","validated","labeled_benchmark","False","True","initial_benchmark","v1_tram2","True"
"gold::TRAM2::tram2_23::T1566.001","report::TRAM2::tram2_23","","","","T1566.001","validated","labeled_benchmark","False","True","initial_benchmark","v1_tram2","True"
"gold::TRAM2::tram2_24::T1003.001","report::TRAM2::tram2_24","","","","T1003.001","validated","labeled_benchmark","False","True","initial_benchmark","v1_tram2","True"
"gold::TRAM2::tram2_24::T1021.001","report::TRAM2::tram2_24","","","","T1021.001","validated","labeled_benchmark","False","True","initial_benchmark","v1_tram2","True"
"gold::TRAM2::tram2_24::T1027","report::TRAM2::tram2_24","","","","T1027","validated","labeled_benchmark","False","True","initial_benchmark","v1_tram2","True"
"gold::TRAM2::tram2_24::T1053.005","report::TRAM2::tram2_24","","","","T1053.005","validated","labeled_benchmark","False","True","initial_benchmark","v1_tram2","True"
"gold::TRAM2::tram2_24::T1059.003","report::TRAM2::tram2_24","","","","T1059.003","validated","labeled_benchmark","False","True","initial_benchmark","v1_tram2","True"
"gold::TRAM2::tram2_24::T1068","report::TRAM2::tram2_24","","","","T1068","validated","labeled_benchmark","False","True","initial_benchmark","v1_tram2","True"
"gold::TRAM2::tram2_24::T1078","report::TRAM2::tram2_24","","","","T1078","validated","labeled_benchmark","False","True","initial_benchmark","v1_tram2","True"
"gold::TRAM2::tram2_24::T1082","report::TRAM2::tram2_24","","","","T1082","validated","labeled_benchmark","False","True","initial_benchmark","v1_tram2","True"
"gold::TRAM2::tram2_24::T1105","report::TRAM2::tram2_24","","","","T1105","validated","labeled_benchmark","False","True","initial_benchmark","v1_tram2","True"
"gold::TRAM2::tram2_24::T1110","report::TRAM2::tram2_24","","","","T1110","validated","labeled_benchmark","False","True","initial_benchmark","v1_tram2","True"
"gold::TRAM2::tram2_24::T1190","report::TRAM2::tram2_24","","","","T1190","validated","labeled_benchmark","False","True","initial_benchmark","v1_tram2","True"
"gold::TRAM2::tram2_24::T1210","report::TRAM2::tram2_24","","","","T1210","validated","labeled_benchmark","False","True","initial_benchmark","v1_tram2","True"
"gold::TRAM2::tram2_24::T1219","report::TRAM2::tram2_24","","","","T1219","validated","labeled_benchmark","False","True","initial_benchmark","v1_tram2","True"
"gold::TRAM2::tram2_24::T1484.001","report::TRAM2::tram2_24","","","","T1484.001","validated","labeled_benchmark","False","True","initial_benchmark","v1_tram2","True"
"gold::TRAM2::tram2_24::T1548.002","report::TRAM2::tram2_24","","","","T1548.002","validated","labeled_benchmark","False","True","initial_benchmark","v1_tram2","True"
"gold::TRAM2::tram2_24::T1562.001","report::TRAM2::tram2_24","","","","T1562.001","validated","labeled_benchmark","False","True","initial_benchmark","v1_tram2","True"
"gold::TRAM2::tram2_24::T1570","report::TRAM2::tram2_24","","","","T1570","validated","labeled_benchmark","False","True","initial_benchmark","v1_tram2","True"
"gold::TRAM2::tram2_25::T1027","report::TRAM2::tram2_25","","","","T1027","validated","labeled_benchmark","False","True","initial_benchmark","v1_tram2","True"
"gold::TRAM2::tram2_25::T1105","report::TRAM2::tram2_25","","","","T1105","validated","labeled_benchmark","False","True","initial_benchmark","v1_tram2","True"
"gold::TRAM2::tram2_25::T1110","report::TRAM2::tram2_25","","","","T1110","validated","labeled_benchmark","False","True","initial_benchmark","v1_tram2","True"
"gold::TRAM2::tram2_25::T1140","report::TRAM2::tram2_25","","","","T1140","validated","labeled_benchmark","False","True","initial_benchmark","v1_tram2","True"
"gold::TRAM2::tram2_26::T1003.001","report::TRAM2::tram2_26","","","","T1003.001","validated","labeled_benchmark","False","True","initial_benchmark","v1_tram2","True"
"gold::TRAM2::tram2_26::T1027","report::TRAM2::tram2_26","","","","T1027","validated","labeled_benchmark","False","True","initial_benchmark","v1_tram2","True"
"gold::TRAM2::tram2_26::T1033","report::TRAM2::tram2_26","","","","T1033","validated","labeled_benchmark","False","True","initial_benchmark","v1_tram2","True"
"gold::TRAM2::tram2_26::T1059.003","report::TRAM2::tram2_26","","","","T1059.003","validated","labeled_benchmark","False","True","initial_benchmark","v1_tram2","True"
"gold::TRAM2::tram2_26::T1070.004","report::TRAM2::tram2_26","","","","T1070.004","validated","labeled_benchmark","False","True","initial_benchmark","v1_tram2","True"
"gold::TRAM2::tram2_26::T1078","report::TRAM2::tram2_26","","","","T1078","validated","labeled_benchmark","False","True","initial_benchmark","v1_tram2","True"
"gold::TRAM2::tram2_26::T1082","report::TRAM2::tram2_26","","","","T1082","validated","labeled_benchmark","False","True","initial_benchmark","v1_tram2","True"
"gold::TRAM2::tram2_26::T1083","report::TRAM2::tram2_26","","","","T1083","validated","labeled_benchmark","False","True","initial_benchmark","v1_tram2","True"
"gold::TRAM2::tram2_26::T1106","report::TRAM2::tram2_26","","","","T1106","validated","labeled_benchmark","False","True","initial_benchmark","v1_tram2","True"
"gold::TRAM2::tram2_26::T1112","report::TRAM2::tram2_26","","","","T1112","validated","labeled_benchmark","False","True","initial_benchmark","v1_tram2","True"
"gold::TRAM2::tram2_26::T1140","report::TRAM2::tram2_26","","","","T1140","validated","labeled_benchmark","False","True","initial_benchmark","v1_tram2","True"
"gold::TRAM2::tram2_26::T1190","report::TRAM2::tram2_26","","","","T1190","validated","labeled_benchmark","False","True","initial_benchmark","v1_tram2","True"
"gold::TRAM2::tram2_26::T1218.011","report::TRAM2::tram2_26","","","","T1218.011","validated","labeled_benchmark","False","True","initial_benchmark","v1_tram2","True"
"gold::TRAM2::tram2_26::T1570","report::TRAM2::tram2_26","","","","T1570","validated","labeled_benchmark","False","True","initial_benchmark","v1_tram2","True"
"gold::TRAM2::tram2_27::T1003.001","report::TRAM2::tram2_27","","","","T1003.001","validated","labeled_benchmark","False","True","initial_benchmark","v1_tram2","True"
"gold::TRAM2::tram2_27::T1021.001","report::TRAM2::tram2_27","","","","T1021.001","validated","labeled_benchmark","False","True","initial_benchmark","v1_tram2","True"
"gold::TRAM2::tram2_27::T1027","report::TRAM2::tram2_27","","","","T1027","validated","labeled_benchmark","False","True","initial_benchmark","v1_tram2","True"
"gold::TRAM2::tram2_27::T1053.005","report::TRAM2::tram2_27","","","","T1053.005","validated","labeled_benchmark","False","True","initial_benchmark","v1_tram2","True"
"gold::TRAM2::tram2_27::T1071.001","report::TRAM2::tram2_27","","","","T1071.001","validated","labeled_benchmark","False","True","initial_benchmark","v1_tram2","True"
"gold::TRAM2::tram2_27::T1078","report::TRAM2::tram2_27","","","","T1078","validated","labeled_benchmark","False","True","initial_benchmark","v1_tram2","True"
"gold::TRAM2::tram2_27::T1090","report::TRAM2::tram2_27","","","","T1090","validated","labeled_benchmark","False","True","initial_benchmark","v1_tram2","True"
"gold::TRAM2::tram2_27::T1105","report::TRAM2::tram2_27","","","","T1105","validated","labeled_benchmark","False","True","initial_benchmark","v1_tram2","True"
"gold::TRAM2::tram2_27::T1190","report::TRAM2::tram2_27","","","","T1190","validated","labeled_benchmark","False","True","initial_benchmark","v1_tram2","True"
"gold::TRAM2::tram2_27::T1562.001","report::TRAM2::tram2_27","","","","T1562.001","validated","labeled_benchmark","False","True","initial_benchmark","v1_tram2","True"
"gold::TRAM2::tram2_28::T1005","report::TRAM2::tram2_28","","","","T1005","validated","labeled_benchmark","False","True","initial_benchmark","v1_tram2","True"
"gold::TRAM2::tram2_28::T1012","report::TRAM2::tram2_28","","","","T1012","validated","labeled_benchmark","False","True","initial_benchmark","v1_tram2","True"
"gold::TRAM2::tram2_28::T1027","report::TRAM2::tram2_28","","","","T1027","validated","labeled_benchmark","False","True","initial_benchmark","v1_tram2","True"
"gold::TRAM2::tram2_28::T1036.005","report::TRAM2::tram2_28","","","","T1036.005","validated","labeled_benchmark","False","True","initial_benchmark","v1_tram2","True"
"gold::TRAM2::tram2_28::T1041","report::TRAM2::tram2_28","","","","T1041","validated","labeled_benchmark","False","True","initial_benchmark","v1_tram2","True"
"gold::TRAM2::tram2_28::T1055","report::TRAM2::tram2_28","","","","T1055","validated","labeled_benchmark","False","True","initial_benchmark","v1_tram2","True"
"gold::TRAM2::tram2_28::T1056.001","report::TRAM2::tram2_28","","","","T1056.001","validated","labeled_benchmark","False","True","initial_benchmark","v1_tram2","True"
"gold::TRAM2::tram2_28::T1059.003","report::TRAM2::tram2_28","","","","T1059.003","validated","labeled_benchmark","False","True","initial_benchmark","v1_tram2","True"
"gold::TRAM2::tram2_28::T1070.004","report::TRAM2::tram2_28","","","","T1070.004","validated","labeled_benchmark","False","True","initial_benchmark","v1_tram2","True"
"gold::TRAM2::tram2_28::T1071.001","report::TRAM2::tram2_28","","","","T1071.001","validated","labeled_benchmark","False","True","initial_benchmark","v1_tram2","True"
"gold::TRAM2::tram2_28::T1074.001","report::TRAM2::tram2_28","","","","T1074.001","validated","labeled_benchmark","False","True","initial_benchmark","v1_tram2","True"
"gold::TRAM2::tram2_28::T1078","report::TRAM2::tram2_28","","","","T1078","validated","labeled_benchmark","False","True","initial_benchmark","v1_tram2","True"
"gold::TRAM2::tram2_28::T1082","report::TRAM2::tram2_28","","","","T1082","validated","labeled_benchmark","False","True","initial_benchmark","v1_tram2","True"
"gold::TRAM2::tram2_28::T1083","report::TRAM2::tram2_28","","","","T1083","validated","labeled_benchmark","False","True","initial_benchmark","v1_tram2","True"
"gold::TRAM2::tram2_28::T1090","report::TRAM2::tram2_28","","","","T1090","validated","labeled_benchmark","False","True","initial_benchmark","v1_tram2","True"
"gold::TRAM2::tram2_28::T1105","report::TRAM2::tram2_28","","","","T1105","validated","labeled_benchmark","False","True","initial_benchmark","v1_tram2","True"
"gold::TRAM2::tram2_28::T1112","report::TRAM2::tram2_28","","","","T1112","validated","labeled_benchmark","False","True","initial_benchmark","v1_tram2","True"
"gold::TRAM2::tram2_28::T1113","report::TRAM2::tram2_28","","","","T1113","validated","labeled_benchmark","False","True","initial_benchmark","v1_tram2","True"
"gold::TRAM2::tram2_28::T1140","report::TRAM2::tram2_28","","","","T1140","validated","labeled_benchmark","False","True","initial_benchmark","v1_tram2","True"
"gold::TRAM2::tram2_28::T1204.002","report::TRAM2::tram2_28","","","","T1204.002","validated","labeled_benchmark","False","True","initial_benchmark","v1_tram2","True"
"gold::TRAM2::tram2_28::T1518.001","report::TRAM2::tram2_28","","","","T1518.001","validated","labeled_benchmark","False","True","initial_benchmark","v1_tram2","True"
"gold::TRAM2::tram2_28::T1543.003","report::TRAM2::tram2_28","","","","T1543.003","validated","labeled_benchmark","False","True","initial_benchmark","v1_tram2","True"
"gold::TRAM2::tram2_28::T1547.001","report::TRAM2::tram2_28","","","","T1547.001","validated","labeled_benchmark","False","True","initial_benchmark","v1_tram2","True"
"gold::TRAM2::tram2_28::T1566.001","report::TRAM2::tram2_28","","","","T1566.001","validated","labeled_benchmark","False","True","initial_benchmark","v1_tram2","True"
"gold::TRAM2::tram2_28::T1574.002","report::TRAM2::tram2_28","","","","T1574.002","validated","labeled_benchmark","False","True","initial_benchmark","v1_tram2","True"
"gold::TRAM2::tram2_29::T1021.001","report::TRAM2::tram2_29","","","","T1021.001","validated","labeled_benchmark","False","True","initial_benchmark","v1_tram2","True"
"gold::TRAM2::tram2_29::T1027","report::TRAM2::tram2_29","","","","T1027","validated","labeled_benchmark","False","True","initial_benchmark","v1_tram2","True"
"gold::TRAM2::tram2_29::T1059.003","report::TRAM2::tram2_29","","","","T1059.003","validated","labeled_benchmark","False","True","initial_benchmark","v1_tram2","True"
"gold::TRAM2::tram2_29::T1070.004","report::TRAM2::tram2_29","","","","T1070.004","validated","labeled_benchmark","False","True","initial_benchmark","v1_tram2","True"
"gold::TRAM2::tram2_29::T1078","report::TRAM2::tram2_29","","","","T1078","validated","labeled_benchmark","False","True","initial_benchmark","v1_tram2","True"
"gold::TRAM2::tram2_29::T1105","report::TRAM2::tram2_29","","","","T1105","validated","labeled_benchmark","False","True","initial_benchmark","v1_tram2","True"
"gold::TRAM2::tram2_29::T1190","report::TRAM2::tram2_29","","","","T1190","validated","labeled_benchmark","False","True","initial_benchmark","v1_tram2","True"
"gold::TRAM2::tram2_29::T1484.001","report::TRAM2::tram2_29","","","","T1484.001","validated","labeled_benchmark","False","True","initial_benchmark","v1_tram2","True"
"gold::TRAM2::tram2_29::T1562.001","report::TRAM2::tram2_29","","","","T1562.001","validated","labeled_benchmark","False","True","initial_benchmark","v1_tram2","True"
"gold::TRAM2::tram2_29::T1566.001","report::TRAM2::tram2_29","","","","T1566.001","validated","labeled_benchmark","False","True","initial_benchmark","v1_tram2","True"
"gold::TRAM2::tram2_29::T1570","report::TRAM2::tram2_29","","","","T1570","validated","labeled_benchmark","False","True","initial_benchmark","v1_tram2","True"
